reporting_date,cohort_id,origination_date,fico_tier,interest_rate_type,npl_ratio,fdtr_index,unemployment_rate,inflation_rate,wage_growth
2020-02-01,C_202001_P_F,2020-01-01,Prime,Fixed,0.0169,,,,
2020-03-01,C_202001_P_F,2020-01-01,Prime,Fixed,0.0165,,,,
2020-04-01,C_202001_P_F,2020-01-01,Prime,Fixed,0.0189,,,,
2020-05-01,C_202001_P_F,2020-01-01,Prime,Fixed,0.0215,,,,
2020-06-01,C_202001_P_F,2020-01-01,Prime,Fixed,0.0188,,,,
2020-07-01,C_202001_P_F,2020-01-01,Prime,Fixed,0.0195,,,,
2020-08-01,C_202001_P_F,2020-01-01,Prime,Fixed,0.0239,,,,
2020-09-01,C_202001_P_F,2020-01-01,Prime,Fixed,0.023,,,,
2020-10-01,C_202001_P_F,2020-01-01,Prime,Fixed,0.0211,,,,
2020-11-01,C_202001_P_F,2020-01-01,Prime,Fixed,0.0237,,,,
2020-12-01,C_202001_P_F,2020-01-01,Prime,Fixed,0.0223,,,,
2021-01-01,C_202001_P_F,2020-01-01,Prime,Fixed,0.0227,0.25,6.4,1.4,5.3
2021-02-01,C_202001_P_F,2020-01-01,Prime,Fixed,0.0245,0.25,6.2,1.7,5.3
2021-03-01,C_202001_P_F,2020-01-01,Prime,Fixed,0.0206,0.25,6.1,2.6,4.5
2021-04-01,C_202001_P_F,2020-01-01,Prime,Fixed,0.0212,0.25,6.1,4.2,0.6
2021-05-01,C_202001_P_F,2020-01-01,Prime,Fixed,0.0237,0.25,5.8,5.0,2.3
2021-06-01,C_202001_P_F,2020-01-01,Prime,Fixed,0.0229,0.25,5.9,5.4,3.9
2021-07-01,C_202001_P_F,2020-01-01,Prime,Fixed,0.0256,0.25,5.4,5.4,4.3
2021-08-01,C_202001_P_F,2020-01-01,Prime,Fixed,0.0231,0.25,5.1,5.3,4.4
2021-09-01,C_202001_P_F,2020-01-01,Prime,Fixed,0.022,0.25,4.7,5.4,5.0
2021-10-01,C_202001_P_F,2020-01-01,Prime,Fixed,0.0276,0.25,4.5,6.2,5.4
2021-11-01,C_202001_P_F,2020-01-01,Prime,Fixed,0.0239,0.25,4.1,6.8,5.4
2021-12-01,C_202001_P_F,2020-01-01,Prime,Fixed,0.0242,0.25,3.9,7.0,4.9
2022-01-01,C_202001_P_F,2020-01-01,Prime,Fixed,0.0208,0.25,4.0,7.5,5.6
2022-02-01,C_202001_P_F,2020-01-01,Prime,Fixed,0.0221,0.25,3.9,7.9,5.3
2022-03-01,C_202001_P_F,2020-01-01,Prime,Fixed,0.0229,0.5,3.7,8.5,5.9
2022-04-01,C_202001_P_F,2020-01-01,Prime,Fixed,0.0198,0.5,3.7,8.3,5.8
2022-05-01,C_202001_P_F,2020-01-01,Prime,Fixed,0.0222,1.0,3.6,8.6,5.6
2022-06-01,C_202001_P_F,2020-01-01,Prime,Fixed,0.0195,1.75,3.6,9.1,5.4
2022-07-01,C_202001_P_F,2020-01-01,Prime,Fixed,0.0194,2.5,3.5,8.5,5.5
2022-08-01,C_202001_P_F,2020-01-01,Prime,Fixed,0.018,2.5,3.6,8.3,5.4
2022-09-01,C_202001_P_F,2020-01-01,Prime,Fixed,0.0221,3.25,3.5,8.2,5.1
2022-10-01,C_202001_P_F,2020-01-01,Prime,Fixed,0.0176,3.25,3.6,7.7,5.0
2022-11-01,C_202001_P_F,2020-01-01,Prime,Fixed,0.0146,4.0,3.6,7.1,5.1
2022-12-01,C_202001_P_F,2020-01-01,Prime,Fixed,0.0175,4.5,3.5,6.5,4.9
2023-01-01,C_202001_P_F,2020-01-01,Prime,Fixed,0.0126,4.5,3.5,6.4,4.5
2020-02-01,C_202001_P_V,2020-01-01,Prime,Variable,0.0163,,,,
2020-03-01,C_202001_P_V,2020-01-01,Prime,Variable,0.0128,,,,
2020-04-01,C_202001_P_V,2020-01-01,Prime,Variable,0.0149,,,,
2020-05-01,C_202001_P_V,2020-01-01,Prime,Variable,0.0188,,,,
2020-06-01,C_202001_P_V,2020-01-01,Prime,Variable,0.0207,,,,
2020-07-01,C_202001_P_V,2020-01-01,Prime,Variable,0.0203,,,,
2020-08-01,C_202001_P_V,2020-01-01,Prime,Variable,0.0205,,,,
2020-09-01,C_202001_P_V,2020-01-01,Prime,Variable,0.0208,,,,
2020-10-01,C_202001_P_V,2020-01-01,Prime,Variable,0.0191,,,,
2020-11-01,C_202001_P_V,2020-01-01,Prime,Variable,0.0212,,,,
2020-12-01,C_202001_P_V,2020-01-01,Prime,Variable,0.0223,,,,
2021-01-01,C_202001_P_V,2020-01-01,Prime,Variable,0.0258,0.25,6.4,1.4,5.3
2021-02-01,C_202001_P_V,2020-01-01,Prime,Variable,0.0248,0.25,6.2,1.7,5.3
2021-03-01,C_202001_P_V,2020-01-01,Prime,Variable,0.0209,0.25,6.1,2.6,4.5
2021-04-01,C_202001_P_V,2020-01-01,Prime,Variable,0.0253,0.25,6.1,4.2,0.6
2021-05-01,C_202001_P_V,2020-01-01,Prime,Variable,0.0241,0.25,5.8,5.0,2.3
2021-06-01,C_202001_P_V,2020-01-01,Prime,Variable,0.0236,0.25,5.9,5.4,3.9
2021-07-01,C_202001_P_V,2020-01-01,Prime,Variable,0.0262,0.25,5.4,5.4,4.3
2021-08-01,C_202001_P_V,2020-01-01,Prime,Variable,0.027,0.25,5.1,5.3,4.4
2021-09-01,C_202001_P_V,2020-01-01,Prime,Variable,0.0267,0.25,4.7,5.4,5.0
2021-10-01,C_202001_P_V,2020-01-01,Prime,Variable,0.023,0.25,4.5,6.2,5.4
2021-11-01,C_202001_P_V,2020-01-01,Prime,Variable,0.0238,0.25,4.1,6.8,5.4
2021-12-01,C_202001_P_V,2020-01-01,Prime,Variable,0.0247,0.25,3.9,7.0,4.9
2022-01-01,C_202001_P_V,2020-01-01,Prime,Variable,0.0256,0.25,4.0,7.5,5.6
2022-02-01,C_202001_P_V,2020-01-01,Prime,Variable,0.0222,0.25,3.9,7.9,5.3
2022-03-01,C_202001_P_V,2020-01-01,Prime,Variable,0.0223,0.5,3.7,8.5,5.9
2022-04-01,C_202001_P_V,2020-01-01,Prime,Variable,0.0199,0.5,3.7,8.3,5.8
2022-05-01,C_202001_P_V,2020-01-01,Prime,Variable,0.019,1.0,3.6,8.6,5.6
2022-06-01,C_202001_P_V,2020-01-01,Prime,Variable,0.0524,1.75,3.6,9.1,5.4
2022-07-01,C_202001_P_V,2020-01-01,Prime,Variable,0.0527,2.5,3.5,8.5,5.5
2022-08-01,C_202001_P_V,2020-01-01,Prime,Variable,0.0491,2.5,3.6,8.3,5.4
2022-09-01,C_202001_P_V,2020-01-01,Prime,Variable,0.0504,3.25,3.5,8.2,5.1
2022-10-01,C_202001_P_V,2020-01-01,Prime,Variable,0.0483,3.25,3.6,7.7,5.0
2022-11-01,C_202001_P_V,2020-01-01,Prime,Variable,0.0454,4.0,3.6,7.1,5.1
2022-12-01,C_202001_P_V,2020-01-01,Prime,Variable,0.0466,4.5,3.5,6.5,4.9
2023-01-01,C_202001_P_V,2020-01-01,Prime,Variable,0.0481,4.5,3.5,6.4,4.5
2020-02-01,C_202001_S_F,2020-01-01,Subprime,Fixed,0.0458,,,,
2020-03-01,C_202001_S_F,2020-01-01,Subprime,Fixed,0.0499,,,,
2020-04-01,C_202001_S_F,2020-01-01,Subprime,Fixed,0.0423,,,,
2020-05-01,C_202001_S_F,2020-01-01,Subprime,Fixed,0.0501,,,,
2020-06-01,C_202001_S_F,2020-01-01,Subprime,Fixed,0.0494,,,,
2020-07-01,C_202001_S_F,2020-01-01,Subprime,Fixed,0.0494,,,,
2020-08-01,C_202001_S_F,2020-01-01,Subprime,Fixed,0.0509,,,,
2020-09-01,C_202001_S_F,2020-01-01,Subprime,Fixed,0.0475,,,,
2020-10-01,C_202001_S_F,2020-01-01,Subprime,Fixed,0.0516,,,,
2020-11-01,C_202001_S_F,2020-01-01,Subprime,Fixed,0.0534,,,,
2020-12-01,C_202001_S_F,2020-01-01,Subprime,Fixed,0.0561,,,,
2021-01-01,C_202001_S_F,2020-01-01,Subprime,Fixed,0.0526,0.25,6.4,1.4,5.3
2021-02-01,C_202001_S_F,2020-01-01,Subprime,Fixed,0.0524,0.25,6.2,1.7,5.3
2021-03-01,C_202001_S_F,2020-01-01,Subprime,Fixed,0.0534,0.25,6.1,2.6,4.5
2021-04-01,C_202001_S_F,2020-01-01,Subprime,Fixed,0.0565,0.25,6.1,4.2,0.6
2021-05-01,C_202001_S_F,2020-01-01,Subprime,Fixed,0.0555,0.25,5.8,5.0,2.3
2021-06-01,C_202001_S_F,2020-01-01,Subprime,Fixed,0.0539,0.25,5.9,5.4,3.9
2021-07-01,C_202001_S_F,2020-01-01,Subprime,Fixed,0.056,0.25,5.4,5.4,4.3
2021-08-01,C_202001_S_F,2020-01-01,Subprime,Fixed,0.0552,0.25,5.1,5.3,4.4
2021-09-01,C_202001_S_F,2020-01-01,Subprime,Fixed,0.0568,0.25,4.7,5.4,5.0
2021-10-01,C_202001_S_F,2020-01-01,Subprime,Fixed,0.0533,0.25,4.5,6.2,5.4
2021-11-01,C_202001_S_F,2020-01-01,Subprime,Fixed,0.0537,0.25,4.1,6.8,5.4
2021-12-01,C_202001_S_F,2020-01-01,Subprime,Fixed,0.0533,0.25,3.9,7.0,4.9
2022-01-01,C_202001_S_F,2020-01-01,Subprime,Fixed,0.0507,0.25,4.0,7.5,5.6
2022-02-01,C_202001_S_F,2020-01-01,Subprime,Fixed,0.0538,0.25,3.9,7.9,5.3
2022-03-01,C_202001_S_F,2020-01-01,Subprime,Fixed,0.0532,0.5,3.7,8.5,5.9
2022-04-01,C_202001_S_F,2020-01-01,Subprime,Fixed,0.0521,0.5,3.7,8.3,5.8
2022-05-01,C_202001_S_F,2020-01-01,Subprime,Fixed,0.051,1.0,3.6,8.6,5.6
2022-06-01,C_202001_S_F,2020-01-01,Subprime,Fixed,0.0479,1.75,3.6,9.1,5.4
2022-07-01,C_202001_S_F,2020-01-01,Subprime,Fixed,0.0492,2.5,3.5,8.5,5.5
2022-08-01,C_202001_S_F,2020-01-01,Subprime,Fixed,0.0485,2.5,3.6,8.3,5.4
2022-09-01,C_202001_S_F,2020-01-01,Subprime,Fixed,0.0468,3.25,3.5,8.2,5.1
2022-10-01,C_202001_S_F,2020-01-01,Subprime,Fixed,0.0473,3.25,3.6,7.7,5.0
2022-11-01,C_202001_S_F,2020-01-01,Subprime,Fixed,0.0475,4.0,3.6,7.1,5.1
2022-12-01,C_202001_S_F,2020-01-01,Subprime,Fixed,0.0496,4.5,3.5,6.5,4.9
2023-01-01,C_202001_S_F,2020-01-01,Subprime,Fixed,0.0453,4.5,3.5,6.4,4.5
2020-02-01,C_202001_S_V,2020-01-01,Subprime,Variable,0.0464,,,,
2020-03-01,C_202001_S_V,2020-01-01,Subprime,Variable,0.0466,,,,
2020-04-01,C_202001_S_V,2020-01-01,Subprime,Variable,0.0438,,,,
2020-05-01,C_202001_S_V,2020-01-01,Subprime,Variable,0.0484,,,,
2020-06-01,C_202001_S_V,2020-01-01,Subprime,Variable,0.0493,,,,
2020-07-01,C_202001_S_V,2020-01-01,Subprime,Variable,0.0549,,,,
2020-08-01,C_202001_S_V,2020-01-01,Subprime,Variable,0.0504,,,,
2020-09-01,C_202001_S_V,2020-01-01,Subprime,Variable,0.052,,,,
2020-10-01,C_202001_S_V,2020-01-01,Subprime,Variable,0.052,,,,
2020-11-01,C_202001_S_V,2020-01-01,Subprime,Variable,0.0503,,,,
2020-12-01,C_202001_S_V,2020-01-01,Subprime,Variable,0.0555,,,,
2021-01-01,C_202001_S_V,2020-01-01,Subprime,Variable,0.0552,0.25,6.4,1.4,5.3
2021-02-01,C_202001_S_V,2020-01-01,Subprime,Variable,0.0556,0.25,6.2,1.7,5.3
2021-03-01,C_202001_S_V,2020-01-01,Subprime,Variable,0.0526,0.25,6.1,2.6,4.5
2021-04-01,C_202001_S_V,2020-01-01,Subprime,Variable,0.0575,0.25,6.1,4.2,0.6
2021-05-01,C_202001_S_V,2020-01-01,Subprime,Variable,0.052,0.25,5.8,5.0,2.3
2021-06-01,C_202001_S_V,2020-01-01,Subprime,Variable,0.0561,0.25,5.9,5.4,3.9
2021-07-01,C_202001_S_V,2020-01-01,Subprime,Variable,0.0594,0.25,5.4,5.4,4.3
2021-08-01,C_202001_S_V,2020-01-01,Subprime,Variable,0.053,0.25,5.1,5.3,4.4
2021-09-01,C_202001_S_V,2020-01-01,Subprime,Variable,0.0537,0.25,4.7,5.4,5.0
2021-10-01,C_202001_S_V,2020-01-01,Subprime,Variable,0.0549,0.25,4.5,6.2,5.4
2021-11-01,C_202001_S_V,2020-01-01,Subprime,Variable,0.0534,0.25,4.1,6.8,5.4
2021-12-01,C_202001_S_V,2020-01-01,Subprime,Variable,0.051,0.25,3.9,7.0,4.9
2022-01-01,C_202001_S_V,2020-01-01,Subprime,Variable,0.0538,0.25,4.0,7.5,5.6
2022-02-01,C_202001_S_V,2020-01-01,Subprime,Variable,0.0511,0.25,3.9,7.9,5.3
2022-03-01,C_202001_S_V,2020-01-01,Subprime,Variable,0.0536,0.5,3.7,8.5,5.9
2022-04-01,C_202001_S_V,2020-01-01,Subprime,Variable,0.0502,0.5,3.7,8.3,5.8
2022-05-01,C_202001_S_V,2020-01-01,Subprime,Variable,0.0545,1.0,3.6,8.6,5.6
2022-06-01,C_202001_S_V,2020-01-01,Subprime,Variable,0.0942,1.75,3.6,9.1,5.4
2022-07-01,C_202001_S_V,2020-01-01,Subprime,Variable,0.0944,2.5,3.5,8.5,5.5
2022-08-01,C_202001_S_V,2020-01-01,Subprime,Variable,0.0959,2.5,3.6,8.3,5.4
2022-09-01,C_202001_S_V,2020-01-01,Subprime,Variable,0.091,3.25,3.5,8.2,5.1
2022-10-01,C_202001_S_V,2020-01-01,Subprime,Variable,0.093,3.25,3.6,7.7,5.0
2022-11-01,C_202001_S_V,2020-01-01,Subprime,Variable,0.0944,4.0,3.6,7.1,5.1
2022-12-01,C_202001_S_V,2020-01-01,Subprime,Variable,0.0877,4.5,3.5,6.5,4.9
2023-01-01,C_202001_S_V,2020-01-01,Subprime,Variable,0.0904,4.5,3.5,6.4,4.5
2020-03-01,C_202002_P_F,2020-02-01,Prime,Fixed,0.0164,,,,
2020-04-01,C_202002_P_F,2020-02-01,Prime,Fixed,0.0183,,,,
2020-05-01,C_202002_P_F,2020-02-01,Prime,Fixed,0.0151,,,,
2020-06-01,C_202002_P_F,2020-02-01,Prime,Fixed,0.0158,,,,
2020-07-01,C_202002_P_F,2020-02-01,Prime,Fixed,0.0203,,,,
2020-08-01,C_202002_P_F,2020-02-01,Prime,Fixed,0.0206,,,,
2020-09-01,C_202002_P_F,2020-02-01,Prime,Fixed,0.0212,,,,
2020-10-01,C_202002_P_F,2020-02-01,Prime,Fixed,0.0221,,,,
2020-11-01,C_202002_P_F,2020-02-01,Prime,Fixed,0.0207,,,,
2020-12-01,C_202002_P_F,2020-02-01,Prime,Fixed,0.0231,,,,
2021-01-01,C_202002_P_F,2020-02-01,Prime,Fixed,0.0238,0.25,6.4,1.4,5.3
2021-02-01,C_202002_P_F,2020-02-01,Prime,Fixed,0.0222,0.25,6.2,1.7,5.3
2021-03-01,C_202002_P_F,2020-02-01,Prime,Fixed,0.0278,0.25,6.1,2.6,4.5
2021-04-01,C_202002_P_F,2020-02-01,Prime,Fixed,0.0253,0.25,6.1,4.2,0.6
2021-05-01,C_202002_P_F,2020-02-01,Prime,Fixed,0.0223,0.25,5.8,5.0,2.3
2021-06-01,C_202002_P_F,2020-02-01,Prime,Fixed,0.0262,0.25,5.9,5.4,3.9
2021-07-01,C_202002_P_F,2020-02-01,Prime,Fixed,0.023,0.25,5.4,5.4,4.3
2021-08-01,C_202002_P_F,2020-02-01,Prime,Fixed,0.0266,0.25,5.1,5.3,4.4
2021-09-01,C_202002_P_F,2020-02-01,Prime,Fixed,0.0273,0.25,4.7,5.4,5.0
2021-10-01,C_202002_P_F,2020-02-01,Prime,Fixed,0.0232,0.25,4.5,6.2,5.4
2021-11-01,C_202002_P_F,2020-02-01,Prime,Fixed,0.0266,0.25,4.1,6.8,5.4
2021-12-01,C_202002_P_F,2020-02-01,Prime,Fixed,0.0252,0.25,3.9,7.0,4.9
2022-01-01,C_202002_P_F,2020-02-01,Prime,Fixed,0.0257,0.25,4.0,7.5,5.6
2022-02-01,C_202002_P_F,2020-02-01,Prime,Fixed,0.0275,0.25,3.9,7.9,5.3
2022-03-01,C_202002_P_F,2020-02-01,Prime,Fixed,0.0227,0.5,3.7,8.5,5.9
2022-04-01,C_202002_P_F,2020-02-01,Prime,Fixed,0.0212,0.5,3.7,8.3,5.8
2022-05-01,C_202002_P_F,2020-02-01,Prime,Fixed,0.0203,1.0,3.6,8.6,5.6
2022-06-01,C_202002_P_F,2020-02-01,Prime,Fixed,0.0198,1.75,3.6,9.1,5.4
2022-07-01,C_202002_P_F,2020-02-01,Prime,Fixed,0.0206,2.5,3.5,8.5,5.5
2022-08-01,C_202002_P_F,2020-02-01,Prime,Fixed,0.0207,2.5,3.6,8.3,5.4
2022-09-01,C_202002_P_F,2020-02-01,Prime,Fixed,0.0198,3.25,3.5,8.2,5.1
2022-10-01,C_202002_P_F,2020-02-01,Prime,Fixed,0.0201,3.25,3.6,7.7,5.0
2022-11-01,C_202002_P_F,2020-02-01,Prime,Fixed,0.0176,4.0,3.6,7.1,5.1
2022-12-01,C_202002_P_F,2020-02-01,Prime,Fixed,0.0196,4.5,3.5,6.5,4.9
2023-01-01,C_202002_P_F,2020-02-01,Prime,Fixed,0.0153,4.5,3.5,6.4,4.5
2023-02-01,C_202002_P_F,2020-02-01,Prime,Fixed,0.0204,4.75,3.6,6.0,4.8
2020-03-01,C_202002_P_V,2020-02-01,Prime,Variable,0.0171,,,,
2020-04-01,C_202002_P_V,2020-02-01,Prime,Variable,0.015,,,,
2020-05-01,C_202002_P_V,2020-02-01,Prime,Variable,0.0154,,,,
2020-06-01,C_202002_P_V,2020-02-01,Prime,Variable,0.0194,,,,
2020-07-01,C_202002_P_V,2020-02-01,Prime,Variable,0.0188,,,,
2020-08-01,C_202002_P_V,2020-02-01,Prime,Variable,0.0214,,,,
2020-09-01,C_202002_P_V,2020-02-01,Prime,Variable,0.0217,,,,
2020-10-01,C_202002_P_V,2020-02-01,Prime,Variable,0.0213,,,,
2020-11-01,C_202002_P_V,2020-02-01,Prime,Variable,0.0204,,,,
2020-12-01,C_202002_P_V,2020-02-01,Prime,Variable,0.0196,,,,
2021-01-01,C_202002_P_V,2020-02-01,Prime,Variable,0.0223,0.25,6.4,1.4,5.3
2021-02-01,C_202002_P_V,2020-02-01,Prime,Variable,0.0254,0.25,6.2,1.7,5.3
2021-03-01,C_202002_P_V,2020-02-01,Prime,Variable,0.0245,0.25,6.1,2.6,4.5
2021-04-01,C_202002_P_V,2020-02-01,Prime,Variable,0.0219,0.25,6.1,4.2,0.6
2021-05-01,C_202002_P_V,2020-02-01,Prime,Variable,0.025,0.25,5.8,5.0,2.3
2021-06-01,C_202002_P_V,2020-02-01,Prime,Variable,0.0256,0.25,5.9,5.4,3.9
2021-07-01,C_202002_P_V,2020-02-01,Prime,Variable,0.0232,0.25,5.4,5.4,4.3
2021-08-01,C_202002_P_V,2020-02-01,Prime,Variable,0.0253,0.25,5.1,5.3,4.4
2021-09-01,C_202002_P_V,2020-02-01,Prime,Variable,0.0251,0.25,4.7,5.4,5.0
2021-10-01,C_202002_P_V,2020-02-01,Prime,Variable,0.0226,0.25,4.5,6.2,5.4
2021-11-01,C_202002_P_V,2020-02-01,Prime,Variable,0.0254,0.25,4.1,6.8,5.4
2021-12-01,C_202002_P_V,2020-02-01,Prime,Variable,0.0255,0.25,3.9,7.0,4.9
2022-01-01,C_202002_P_V,2020-02-01,Prime,Variable,0.0262,0.25,4.0,7.5,5.6
2022-02-01,C_202002_P_V,2020-02-01,Prime,Variable,0.0258,0.25,3.9,7.9,5.3
2022-03-01,C_202002_P_V,2020-02-01,Prime,Variable,0.0204,0.5,3.7,8.5,5.9
2022-04-01,C_202002_P_V,2020-02-01,Prime,Variable,0.0208,0.5,3.7,8.3,5.8
2022-05-01,C_202002_P_V,2020-02-01,Prime,Variable,0.0231,1.0,3.6,8.6,5.6
2022-06-01,C_202002_P_V,2020-02-01,Prime,Variable,0.0525,1.75,3.6,9.1,5.4
2022-07-01,C_202002_P_V,2020-02-01,Prime,Variable,0.0518,2.5,3.5,8.5,5.5
2022-08-01,C_202002_P_V,2020-02-01,Prime,Variable,0.0577,2.5,3.6,8.3,5.4
2022-09-01,C_202002_P_V,2020-02-01,Prime,Variable,0.0504,3.25,3.5,8.2,5.1
2022-10-01,C_202002_P_V,2020-02-01,Prime,Variable,0.0507,3.25,3.6,7.7,5.0
2022-11-01,C_202002_P_V,2020-02-01,Prime,Variable,0.0495,4.0,3.6,7.1,5.1
2022-12-01,C_202002_P_V,2020-02-01,Prime,Variable,0.048,4.5,3.5,6.5,4.9
2023-01-01,C_202002_P_V,2020-02-01,Prime,Variable,0.0452,4.5,3.5,6.4,4.5
2023-02-01,C_202002_P_V,2020-02-01,Prime,Variable,0.0465,4.75,3.6,6.0,4.8
2020-03-01,C_202002_S_F,2020-02-01,Subprime,Fixed,0.0443,,,,
2020-04-01,C_202002_S_F,2020-02-01,Subprime,Fixed,0.0463,,,,
2020-05-01,C_202002_S_F,2020-02-01,Subprime,Fixed,0.0466,,,,
2020-06-01,C_202002_S_F,2020-02-01,Subprime,Fixed,0.0486,,,,
2020-07-01,C_202002_S_F,2020-02-01,Subprime,Fixed,0.0539,,,,
2020-08-01,C_202002_S_F,2020-02-01,Subprime,Fixed,0.0463,,,,
2020-09-01,C_202002_S_F,2020-02-01,Subprime,Fixed,0.0521,,,,
2020-10-01,C_202002_S_F,2020-02-01,Subprime,Fixed,0.0482,,,,
2020-11-01,C_202002_S_F,2020-02-01,Subprime,Fixed,0.0511,,,,
2020-12-01,C_202002_S_F,2020-02-01,Subprime,Fixed,0.0548,,,,
2021-01-01,C_202002_S_F,2020-02-01,Subprime,Fixed,0.0533,0.25,6.4,1.4,5.3
2021-02-01,C_202002_S_F,2020-02-01,Subprime,Fixed,0.0515,0.25,6.2,1.7,5.3
2021-03-01,C_202002_S_F,2020-02-01,Subprime,Fixed,0.0526,0.25,6.1,2.6,4.5
2021-04-01,C_202002_S_F,2020-02-01,Subprime,Fixed,0.0558,0.25,6.1,4.2,0.6
2021-05-01,C_202002_S_F,2020-02-01,Subprime,Fixed,0.0532,0.25,5.8,5.0,2.3
2021-06-01,C_202002_S_F,2020-02-01,Subprime,Fixed,0.0553,0.25,5.9,5.4,3.9
2021-07-01,C_202002_S_F,2020-02-01,Subprime,Fixed,0.0551,0.25,5.4,5.4,4.3
2021-08-01,C_202002_S_F,2020-02-01,Subprime,Fixed,0.0537,0.25,5.1,5.3,4.4
2021-09-01,C_202002_S_F,2020-02-01,Subprime,Fixed,0.0592,0.25,4.7,5.4,5.0
2021-10-01,C_202002_S_F,2020-02-01,Subprime,Fixed,0.0561,0.25,4.5,6.2,5.4
2021-11-01,C_202002_S_F,2020-02-01,Subprime,Fixed,0.0506,0.25,4.1,6.8,5.4
2021-12-01,C_202002_S_F,2020-02-01,Subprime,Fixed,0.0548,0.25,3.9,7.0,4.9
2022-01-01,C_202002_S_F,2020-02-01,Subprime,Fixed,0.0527,0.25,4.0,7.5,5.6
2022-02-01,C_202002_S_F,2020-02-01,Subprime,Fixed,0.0554,0.25,3.9,7.9,5.3
2022-03-01,C_202002_S_F,2020-02-01,Subprime,Fixed,0.0516,0.5,3.7,8.5,5.9
2022-04-01,C_202002_S_F,2020-02-01,Subprime,Fixed,0.0524,0.5,3.7,8.3,5.8
2022-05-01,C_202002_S_F,2020-02-01,Subprime,Fixed,0.0531,1.0,3.6,8.6,5.6
2022-06-01,C_202002_S_F,2020-02-01,Subprime,Fixed,0.0532,1.75,3.6,9.1,5.4
2022-07-01,C_202002_S_F,2020-02-01,Subprime,Fixed,0.0483,2.5,3.5,8.5,5.5
2022-08-01,C_202002_S_F,2020-02-01,Subprime,Fixed,0.0493,2.5,3.6,8.3,5.4
2022-09-01,C_202002_S_F,2020-02-01,Subprime,Fixed,0.0483,3.25,3.5,8.2,5.1
2022-10-01,C_202002_S_F,2020-02-01,Subprime,Fixed,0.0471,3.25,3.6,7.7,5.0
2022-11-01,C_202002_S_F,2020-02-01,Subprime,Fixed,0.0511,4.0,3.6,7.1,5.1
2022-12-01,C_202002_S_F,2020-02-01,Subprime,Fixed,0.0475,4.5,3.5,6.5,4.9
2023-01-01,C_202002_S_F,2020-02-01,Subprime,Fixed,0.0433,4.5,3.5,6.4,4.5
2023-02-01,C_202002_S_F,2020-02-01,Subprime,Fixed,0.0468,4.75,3.6,6.0,4.8
2020-03-01,C_202002_S_V,2020-02-01,Subprime,Variable,0.0501,,,,
2020-04-01,C_202002_S_V,2020-02-01,Subprime,Variable,0.0488,,,,
2020-05-01,C_202002_S_V,2020-02-01,Subprime,Variable,0.0445,,,,
2020-06-01,C_202002_S_V,2020-02-01,Subprime,Variable,0.0475,,,,
2020-07-01,C_202002_S_V,2020-02-01,Subprime,Variable,0.0518,,,,
2020-08-01,C_202002_S_V,2020-02-01,Subprime,Variable,0.0486,,,,
2020-09-01,C_202002_S_V,2020-02-01,Subprime,Variable,0.0516,,,,
2020-10-01,C_202002_S_V,2020-02-01,Subprime,Variable,0.053,,,,
2020-11-01,C_202002_S_V,2020-02-01,Subprime,Variable,0.0502,,,,
2020-12-01,C_202002_S_V,2020-02-01,Subprime,Variable,0.0525,,,,
2021-01-01,C_202002_S_V,2020-02-01,Subprime,Variable,0.0467,0.25,6.4,1.4,5.3
2021-02-01,C_202002_S_V,2020-02-01,Subprime,Variable,0.0516,0.25,6.2,1.7,5.3
2021-03-01,C_202002_S_V,2020-02-01,Subprime,Variable,0.0536,0.25,6.1,2.6,4.5
2021-04-01,C_202002_S_V,2020-02-01,Subprime,Variable,0.0519,0.25,6.1,4.2,0.6
2021-05-01,C_202002_S_V,2020-02-01,Subprime,Variable,0.0579,0.25,5.8,5.0,2.3
2021-06-01,C_202002_S_V,2020-02-01,Subprime,Variable,0.052,0.25,5.9,5.4,3.9
2021-07-01,C_202002_S_V,2020-02-01,Subprime,Variable,0.0541,0.25,5.4,5.4,4.3
2021-08-01,C_202002_S_V,2020-02-01,Subprime,Variable,0.0553,0.25,5.1,5.3,4.4
2021-09-01,C_202002_S_V,2020-02-01,Subprime,Variable,0.0578,0.25,4.7,5.4,5.0
2021-10-01,C_202002_S_V,2020-02-01,Subprime,Variable,0.052,0.25,4.5,6.2,5.4
2021-11-01,C_202002_S_V,2020-02-01,Subprime,Variable,0.057,0.25,4.1,6.8,5.4
2021-12-01,C_202002_S_V,2020-02-01,Subprime,Variable,0.0544,0.25,3.9,7.0,4.9
2022-01-01,C_202002_S_V,2020-02-01,Subprime,Variable,0.0521,0.25,4.0,7.5,5.6
2022-02-01,C_202002_S_V,2020-02-01,Subprime,Variable,0.0546,0.25,3.9,7.9,5.3
2022-03-01,C_202002_S_V,2020-02-01,Subprime,Variable,0.0536,0.5,3.7,8.5,5.9
2022-04-01,C_202002_S_V,2020-02-01,Subprime,Variable,0.0515,0.5,3.7,8.3,5.8
2022-05-01,C_202002_S_V,2020-02-01,Subprime,Variable,0.0522,1.0,3.6,8.6,5.6
2022-06-01,C_202002_S_V,2020-02-01,Subprime,Variable,0.0957,1.75,3.6,9.1,5.4
2022-07-01,C_202002_S_V,2020-02-01,Subprime,Variable,0.096,2.5,3.5,8.5,5.5
2022-08-01,C_202002_S_V,2020-02-01,Subprime,Variable,0.0963,2.5,3.6,8.3,5.4
2022-09-01,C_202002_S_V,2020-02-01,Subprime,Variable,0.0974,3.25,3.5,8.2,5.1
2022-10-01,C_202002_S_V,2020-02-01,Subprime,Variable,0.0909,3.25,3.6,7.7,5.0
2022-11-01,C_202002_S_V,2020-02-01,Subprime,Variable,0.0969,4.0,3.6,7.1,5.1
2022-12-01,C_202002_S_V,2020-02-01,Subprime,Variable,0.0878,4.5,3.5,6.5,4.9
2023-01-01,C_202002_S_V,2020-02-01,Subprime,Variable,0.0906,4.5,3.5,6.4,4.5
2023-02-01,C_202002_S_V,2020-02-01,Subprime,Variable,0.0912,4.75,3.6,6.0,4.8
2020-04-01,C_202003_P_F,2020-03-01,Prime,Fixed,0.0164,,,,
2020-05-01,C_202003_P_F,2020-03-01,Prime,Fixed,0.0155,,,,
2020-06-01,C_202003_P_F,2020-03-01,Prime,Fixed,0.0172,,,,
2020-07-01,C_202003_P_F,2020-03-01,Prime,Fixed,0.0174,,,,
2020-08-01,C_202003_P_F,2020-03-01,Prime,Fixed,0.018,,,,
2020-09-01,C_202003_P_F,2020-03-01,Prime,Fixed,0.0217,,,,
2020-10-01,C_202003_P_F,2020-03-01,Prime,Fixed,0.0214,,,,
2020-11-01,C_202003_P_F,2020-03-01,Prime,Fixed,0.02,,,,
2020-12-01,C_202003_P_F,2020-03-01,Prime,Fixed,0.0239,,,,
2021-01-01,C_202003_P_F,2020-03-01,Prime,Fixed,0.0233,0.25,6.4,1.4,5.3
2021-02-01,C_202003_P_F,2020-03-01,Prime,Fixed,0.0248,0.25,6.2,1.7,5.3
2021-03-01,C_202003_P_F,2020-03-01,Prime,Fixed,0.0249,0.25,6.1,2.6,4.5
2021-04-01,C_202003_P_F,2020-03-01,Prime,Fixed,0.0224,0.25,6.1,4.2,0.6
2021-05-01,C_202003_P_F,2020-03-01,Prime,Fixed,0.0233,0.25,5.8,5.0,2.3
2021-06-01,C_202003_P_F,2020-03-01,Prime,Fixed,0.0262,0.25,5.9,5.4,3.9
2021-07-01,C_202003_P_F,2020-03-01,Prime,Fixed,0.0261,0.25,5.4,5.4,4.3
2021-08-01,C_202003_P_F,2020-03-01,Prime,Fixed,0.0249,0.25,5.1,5.3,4.4
2021-09-01,C_202003_P_F,2020-03-01,Prime,Fixed,0.0252,0.25,4.7,5.4,5.0
2021-10-01,C_202003_P_F,2020-03-01,Prime,Fixed,0.0275,0.25,4.5,6.2,5.4
2021-11-01,C_202003_P_F,2020-03-01,Prime,Fixed,0.0237,0.25,4.1,6.8,5.4
2021-12-01,C_202003_P_F,2020-03-01,Prime,Fixed,0.0258,0.25,3.9,7.0,4.9
2022-01-01,C_202003_P_F,2020-03-01,Prime,Fixed,0.024,0.25,4.0,7.5,5.6
2022-02-01,C_202003_P_F,2020-03-01,Prime,Fixed,0.0236,0.25,3.9,7.9,5.3
2022-03-01,C_202003_P_F,2020-03-01,Prime,Fixed,0.0259,0.5,3.7,8.5,5.9
2022-04-01,C_202003_P_F,2020-03-01,Prime,Fixed,0.0248,0.5,3.7,8.3,5.8
2022-05-01,C_202003_P_F,2020-03-01,Prime,Fixed,0.0243,1.0,3.6,8.6,5.6
2022-06-01,C_202003_P_F,2020-03-01,Prime,Fixed,0.0247,1.75,3.6,9.1,5.4
2022-07-01,C_202003_P_F,2020-03-01,Prime,Fixed,0.0215,2.5,3.5,8.5,5.5
2022-08-01,C_202003_P_F,2020-03-01,Prime,Fixed,0.0221,2.5,3.6,8.3,5.4
2022-09-01,C_202003_P_F,2020-03-01,Prime,Fixed,0.0194,3.25,3.5,8.2,5.1
2022-10-01,C_202003_P_F,2020-03-01,Prime,Fixed,0.0199,3.25,3.6,7.7,5.0
2022-11-01,C_202003_P_F,2020-03-01,Prime,Fixed,0.0182,4.0,3.6,7.1,5.1
2022-12-01,C_202003_P_F,2020-03-01,Prime,Fixed,0.0178,4.5,3.5,6.5,4.9
2023-01-01,C_202003_P_F,2020-03-01,Prime,Fixed,0.0179,4.5,3.5,6.4,4.5
2023-02-01,C_202003_P_F,2020-03-01,Prime,Fixed,0.0142,4.75,3.6,6.0,4.8
2023-03-01,C_202003_P_F,2020-03-01,Prime,Fixed,0.0192,5.0,3.5,5.0,4.6
2020-04-01,C_202003_P_V,2020-03-01,Prime,Variable,0.0139,,,,
2020-05-01,C_202003_P_V,2020-03-01,Prime,Variable,0.0143,,,,
2020-06-01,C_202003_P_V,2020-03-01,Prime,Variable,0.0199,,,,
2020-07-01,C_202003_P_V,2020-03-01,Prime,Variable,0.02,,,,
2020-08-01,C_202003_P_V,2020-03-01,Prime,Variable,0.0205,,,,
2020-09-01,C_202003_P_V,2020-03-01,Prime,Variable,0.0213,,,,
2020-10-01,C_202003_P_V,2020-03-01,Prime,Variable,0.0207,,,,
2020-11-01,C_202003_P_V,2020-03-01,Prime,Variable,0.0196,,,,
2020-12-01,C_202003_P_V,2020-03-01,Prime,Variable,0.0222,,,,
2021-01-01,C_202003_P_V,2020-03-01,Prime,Variable,0.0213,0.25,6.4,1.4,5.3
2021-02-01,C_202003_P_V,2020-03-01,Prime,Variable,0.0251,0.25,6.2,1.7,5.3
2021-03-01,C_202003_P_V,2020-03-01,Prime,Variable,0.0234,0.25,6.1,2.6,4.5
2021-04-01,C_202003_P_V,2020-03-01,Prime,Variable,0.0224,0.25,6.1,4.2,0.6
2021-05-01,C_202003_P_V,2020-03-01,Prime,Variable,0.0238,0.25,5.8,5.0,2.3
2021-06-01,C_202003_P_V,2020-03-01,Prime,Variable,0.0255,0.25,5.9,5.4,3.9
2021-07-01,C_202003_P_V,2020-03-01,Prime,Variable,0.0237,0.25,5.4,5.4,4.3
2021-08-01,C_202003_P_V,2020-03-01,Prime,Variable,0.0233,0.25,5.1,5.3,4.4
2021-09-01,C_202003_P_V,2020-03-01,Prime,Variable,0.0255,0.25,4.7,5.4,5.0
2021-10-01,C_202003_P_V,2020-03-01,Prime,Variable,0.0255,0.25,4.5,6.2,5.4
2021-11-01,C_202003_P_V,2020-03-01,Prime,Variable,0.0238,0.25,4.1,6.8,5.4
2021-12-01,C_202003_P_V,2020-03-01,Prime,Variable,0.0237,0.25,3.9,7.0,4.9
2022-01-01,C_202003_P_V,2020-03-01,Prime,Variable,0.0249,0.25,4.0,7.5,5.6
2022-02-01,C_202003_P_V,2020-03-01,Prime,Variable,0.0212,0.25,3.9,7.9,5.3
2022-03-01,C_202003_P_V,2020-03-01,Prime,Variable,0.0208,0.5,3.7,8.5,5.9
2022-04-01,C_202003_P_V,2020-03-01,Prime,Variable,0.0218,0.5,3.7,8.3,5.8
2022-05-01,C_202003_P_V,2020-03-01,Prime,Variable,0.0222,1.0,3.6,8.6,5.6
2022-06-01,C_202003_P_V,2020-03-01,Prime,Variable,0.0527,1.75,3.6,9.1,5.4
2022-07-01,C_202003_P_V,2020-03-01,Prime,Variable,0.0544,2.5,3.5,8.5,5.5
2022-08-01,C_202003_P_V,2020-03-01,Prime,Variable,0.0525,2.5,3.6,8.3,5.4
2022-09-01,C_202003_P_V,2020-03-01,Prime,Variable,0.0497,3.25,3.5,8.2,5.1
2022-10-01,C_202003_P_V,2020-03-01,Prime,Variable,0.0492,3.25,3.6,7.7,5.0
2022-11-01,C_202003_P_V,2020-03-01,Prime,Variable,0.0464,4.0,3.6,7.1,5.1
2022-12-01,C_202003_P_V,2020-03-01,Prime,Variable,0.0476,4.5,3.5,6.5,4.9
2023-01-01,C_202003_P_V,2020-03-01,Prime,Variable,0.0462,4.5,3.5,6.4,4.5
2023-02-01,C_202003_P_V,2020-03-01,Prime,Variable,0.0465,4.75,3.6,6.0,4.8
2023-03-01,C_202003_P_V,2020-03-01,Prime,Variable,0.0433,5.0,3.5,5.0,4.6
2020-04-01,C_202003_S_F,2020-03-01,Subprime,Fixed,0.0469,,,,
2020-05-01,C_202003_S_F,2020-03-01,Subprime,Fixed,0.0498,,,,
2020-06-01,C_202003_S_F,2020-03-01,Subprime,Fixed,0.0474,,,,
2020-07-01,C_202003_S_F,2020-03-01,Subprime,Fixed,0.0492,,,,
2020-08-01,C_202003_S_F,2020-03-01,Subprime,Fixed,0.0506,,,,
2020-09-01,C_202003_S_F,2020-03-01,Subprime,Fixed,0.0492,,,,
2020-10-01,C_202003_S_F,2020-03-01,Subprime,Fixed,0.0512,,,,
2020-11-01,C_202003_S_F,2020-03-01,Subprime,Fixed,0.0515,,,,
2020-12-01,C_202003_S_F,2020-03-01,Subprime,Fixed,0.0523,,,,
2021-01-01,C_202003_S_F,2020-03-01,Subprime,Fixed,0.0511,0.25,6.4,1.4,5.3
2021-02-01,C_202003_S_F,2020-03-01,Subprime,Fixed,0.0532,0.25,6.2,1.7,5.3
2021-03-01,C_202003_S_F,2020-03-01,Subprime,Fixed,0.0547,0.25,6.1,2.6,4.5
2021-04-01,C_202003_S_F,2020-03-01,Subprime,Fixed,0.057,0.25,6.1,4.2,0.6
2021-05-01,C_202003_S_F,2020-03-01,Subprime,Fixed,0.0563,0.25,5.8,5.0,2.3
2021-06-01,C_202003_S_F,2020-03-01,Subprime,Fixed,0.059,0.25,5.9,5.4,3.9
2021-07-01,C_202003_S_F,2020-03-01,Subprime,Fixed,0.0533,0.25,5.4,5.4,4.3
2021-08-01,C_202003_S_F,2020-03-01,Subprime,Fixed,0.0567,0.25,5.1,5.3,4.4
2021-09-01,C_202003_S_F,2020-03-01,Subprime,Fixed,0.0554,0.25,4.7,5.4,5.0
2021-10-01,C_202003_S_F,2020-03-01,Subprime,Fixed,0.0593,0.25,4.5,6.2,5.4
2021-11-01,C_202003_S_F,2020-03-01,Subprime,Fixed,0.0532,0.25,4.1,6.8,5.4
2021-12-01,C_202003_S_F,2020-03-01,Subprime,Fixed,0.053,0.25,3.9,7.0,4.9
2022-01-01,C_202003_S_F,2020-03-01,Subprime,Fixed,0.0532,0.25,4.0,7.5,5.6
2022-02-01,C_202003_S_F,2020-03-01,Subprime,Fixed,0.0498,0.25,3.9,7.9,5.3
2022-03-01,C_202003_S_F,2020-03-01,Subprime,Fixed,0.0526,0.5,3.7,8.5,5.9
2022-04-01,C_202003_S_F,2020-03-01,Subprime,Fixed,0.0517,0.5,3.7,8.3,5.8
2022-05-01,C_202003_S_F,2020-03-01,Subprime,Fixed,0.053,1.0,3.6,8.6,5.6
2022-06-01,C_202003_S_F,2020-03-01,Subprime,Fixed,0.0528,1.75,3.6,9.1,5.4
2022-07-01,C_202003_S_F,2020-03-01,Subprime,Fixed,0.0552,2.5,3.5,8.5,5.5
2022-08-01,C_202003_S_F,2020-03-01,Subprime,Fixed,0.0526,2.5,3.6,8.3,5.4
2022-09-01,C_202003_S_F,2020-03-01,Subprime,Fixed,0.0488,3.25,3.5,8.2,5.1
2022-10-01,C_202003_S_F,2020-03-01,Subprime,Fixed,0.0474,3.25,3.6,7.7,5.0
2022-11-01,C_202003_S_F,2020-03-01,Subprime,Fixed,0.0494,4.0,3.6,7.1,5.1
2022-12-01,C_202003_S_F,2020-03-01,Subprime,Fixed,0.0449,4.5,3.5,6.5,4.9
2023-01-01,C_202003_S_F,2020-03-01,Subprime,Fixed,0.0504,4.5,3.5,6.4,4.5
2023-02-01,C_202003_S_F,2020-03-01,Subprime,Fixed,0.0482,4.75,3.6,6.0,4.8
2023-03-01,C_202003_S_F,2020-03-01,Subprime,Fixed,0.0441,5.0,3.5,5.0,4.6
2020-04-01,C_202003_S_V,2020-03-01,Subprime,Variable,0.0424,,,,
2020-05-01,C_202003_S_V,2020-03-01,Subprime,Variable,0.0494,,,,
2020-06-01,C_202003_S_V,2020-03-01,Subprime,Variable,0.0474,,,,
2020-07-01,C_202003_S_V,2020-03-01,Subprime,Variable,0.0509,,,,
2020-08-01,C_202003_S_V,2020-03-01,Subprime,Variable,0.046,,,,
2020-09-01,C_202003_S_V,2020-03-01,Subprime,Variable,0.0488,,,,
2020-10-01,C_202003_S_V,2020-03-01,Subprime,Variable,0.0507,,,,
2020-11-01,C_202003_S_V,2020-03-01,Subprime,Variable,0.0515,,,,
2020-12-01,C_202003_S_V,2020-03-01,Subprime,Variable,0.0512,,,,
2021-01-01,C_202003_S_V,2020-03-01,Subprime,Variable,0.0539,0.25,6.4,1.4,5.3
2021-02-01,C_202003_S_V,2020-03-01,Subprime,Variable,0.0511,0.25,6.2,1.7,5.3
2021-03-01,C_202003_S_V,2020-03-01,Subprime,Variable,0.0534,0.25,6.1,2.6,4.5
2021-04-01,C_202003_S_V,2020-03-01,Subprime,Variable,0.0543,0.25,6.1,4.2,0.6
2021-05-01,C_202003_S_V,2020-03-01,Subprime,Variable,0.0554,0.25,5.8,5.0,2.3
2021-06-01,C_202003_S_V,2020-03-01,Subprime,Variable,0.0561,0.25,5.9,5.4,3.9
2021-07-01,C_202003_S_V,2020-03-01,Subprime,Variable,0.0526,0.25,5.4,5.4,4.3
2021-08-01,C_202003_S_V,2020-03-01,Subprime,Variable,0.0519,0.25,5.1,5.3,4.4
2021-09-01,C_202003_S_V,2020-03-01,Subprime,Variable,0.0576,0.25,4.7,5.4,5.0
2021-10-01,C_202003_S_V,2020-03-01,Subprime,Variable,0.0556,0.25,4.5,6.2,5.4
2021-11-01,C_202003_S_V,2020-03-01,Subprime,Variable,0.0534,0.25,4.1,6.8,5.4
2021-12-01,C_202003_S_V,2020-03-01,Subprime,Variable,0.0578,0.25,3.9,7.0,4.9
2022-01-01,C_202003_S_V,2020-03-01,Subprime,Variable,0.0546,0.25,4.0,7.5,5.6
2022-02-01,C_202003_S_V,2020-03-01,Subprime,Variable,0.0564,0.25,3.9,7.9,5.3
2022-03-01,C_202003_S_V,2020-03-01,Subprime,Variable,0.0538,0.5,3.7,8.5,5.9
2022-04-01,C_202003_S_V,2020-03-01,Subprime,Variable,0.0573,0.5,3.7,8.3,5.8
2022-05-01,C_202003_S_V,2020-03-01,Subprime,Variable,0.0562,1.0,3.6,8.6,5.6
2022-06-01,C_202003_S_V,2020-03-01,Subprime,Variable,0.0966,1.75,3.6,9.1,5.4
2022-07-01,C_202003_S_V,2020-03-01,Subprime,Variable,0.0984,2.5,3.5,8.5,5.5
2022-08-01,C_202003_S_V,2020-03-01,Subprime,Variable,0.097,2.5,3.6,8.3,5.4
2022-09-01,C_202003_S_V,2020-03-01,Subprime,Variable,0.0977,3.25,3.5,8.2,5.1
2022-10-01,C_202003_S_V,2020-03-01,Subprime,Variable,0.0923,3.25,3.6,7.7,5.0
2022-11-01,C_202003_S_V,2020-03-01,Subprime,Variable,0.0948,4.0,3.6,7.1,5.1
2022-12-01,C_202003_S_V,2020-03-01,Subprime,Variable,0.0947,4.5,3.5,6.5,4.9
2023-01-01,C_202003_S_V,2020-03-01,Subprime,Variable,0.0882,4.5,3.5,6.4,4.5
2023-02-01,C_202003_S_V,2020-03-01,Subprime,Variable,0.0885,4.75,3.6,6.0,4.8
2023-03-01,C_202003_S_V,2020-03-01,Subprime,Variable,0.0859,5.0,3.5,5.0,4.6
2020-05-01,C_202004_P_F,2020-04-01,Prime,Fixed,0.0153,,,,
2020-06-01,C_202004_P_F,2020-04-01,Prime,Fixed,0.0182,,,,
2020-07-01,C_202004_P_F,2020-04-01,Prime,Fixed,0.0206,,,,
2020-08-01,C_202004_P_F,2020-04-01,Prime,Fixed,0.0186,,,,
2020-09-01,C_202004_P_F,2020-04-01,Prime,Fixed,0.0225,,,,
2020-10-01,C_202004_P_F,2020-04-01,Prime,Fixed,0.0172,,,,
2020-11-01,C_202004_P_F,2020-04-01,Prime,Fixed,0.0173,,,,
2020-12-01,C_202004_P_F,2020-04-01,Prime,Fixed,0.0213,,,,
2021-01-01,C_202004_P_F,2020-04-01,Prime,Fixed,0.0228,0.25,6.4,1.4,5.3
2021-02-01,C_202004_P_F,2020-04-01,Prime,Fixed,0.0226,0.25,6.2,1.7,5.3
2021-03-01,C_202004_P_F,2020-04-01,Prime,Fixed,0.0191,0.25,6.1,2.6,4.5
2021-04-01,C_202004_P_F,2020-04-01,Prime,Fixed,0.0235,0.25,6.1,4.2,0.6
2021-05-01,C_202004_P_F,2020-04-01,Prime,Fixed,0.0215,0.25,5.8,5.0,2.3
2021-06-01,C_202004_P_F,2020-04-01,Prime,Fixed,0.0257,0.25,5.9,5.4,3.9
2021-07-01,C_202004_P_F,2020-04-01,Prime,Fixed,0.0254,0.25,5.4,5.4,4.3
2021-08-01,C_202004_P_F,2020-04-01,Prime,Fixed,0.023,0.25,5.1,5.3,4.4
2021-09-01,C_202004_P_F,2020-04-01,Prime,Fixed,0.0239,0.25,4.7,5.4,5.0
2021-10-01,C_202004_P_F,2020-04-01,Prime,Fixed,0.0229,0.25,4.5,6.2,5.4
2021-11-01,C_202004_P_F,2020-04-01,Prime,Fixed,0.0248,0.25,4.1,6.8,5.4
2021-12-01,C_202004_P_F,2020-04-01,Prime,Fixed,0.0268,0.25,3.9,7.0,4.9
2022-01-01,C_202004_P_F,2020-04-01,Prime,Fixed,0.0227,0.25,4.0,7.5,5.6
2022-02-01,C_202004_P_F,2020-04-01,Prime,Fixed,0.0254,0.25,3.9,7.9,5.3
2022-03-01,C_202004_P_F,2020-04-01,Prime,Fixed,0.023,0.5,3.7,8.5,5.9
2022-04-01,C_202004_P_F,2020-04-01,Prime,Fixed,0.0221,0.5,3.7,8.3,5.8
2022-05-01,C_202004_P_F,2020-04-01,Prime,Fixed,0.023,1.0,3.6,8.6,5.6
2022-06-01,C_202004_P_F,2020-04-01,Prime,Fixed,0.0206,1.75,3.6,9.1,5.4
2022-07-01,C_202004_P_F,2020-04-01,Prime,Fixed,0.021,2.5,3.5,8.5,5.5
2022-08-01,C_202004_P_F,2020-04-01,Prime,Fixed,0.019,2.5,3.6,8.3,5.4
2022-09-01,C_202004_P_F,2020-04-01,Prime,Fixed,0.0247,3.25,3.5,8.2,5.1
2022-10-01,C_202004_P_F,2020-04-01,Prime,Fixed,0.0201,3.25,3.6,7.7,5.0
2022-11-01,C_202004_P_F,2020-04-01,Prime,Fixed,0.0178,4.0,3.6,7.1,5.1
2022-12-01,C_202004_P_F,2020-04-01,Prime,Fixed,0.0188,4.5,3.5,6.5,4.9
2023-01-01,C_202004_P_F,2020-04-01,Prime,Fixed,0.0174,4.5,3.5,6.4,4.5
2023-02-01,C_202004_P_F,2020-04-01,Prime,Fixed,0.0163,4.75,3.6,6.0,4.8
2023-03-01,C_202004_P_F,2020-04-01,Prime,Fixed,0.0171,5.0,3.5,5.0,4.6
2023-04-01,C_202004_P_F,2020-04-01,Prime,Fixed,0.0165,5.0,3.4,4.9,4.6
2020-05-01,C_202004_P_V,2020-04-01,Prime,Variable,0.0148,,,,
2020-06-01,C_202004_P_V,2020-04-01,Prime,Variable,0.0156,,,,
2020-07-01,C_202004_P_V,2020-04-01,Prime,Variable,0.017,,,,
2020-08-01,C_202004_P_V,2020-04-01,Prime,Variable,0.0138,,,,
2020-09-01,C_202004_P_V,2020-04-01,Prime,Variable,0.0162,,,,
2020-10-01,C_202004_P_V,2020-04-01,Prime,Variable,0.0227,,,,
2020-11-01,C_202004_P_V,2020-04-01,Prime,Variable,0.024,,,,
2020-12-01,C_202004_P_V,2020-04-01,Prime,Variable,0.0209,,,,
2021-01-01,C_202004_P_V,2020-04-01,Prime,Variable,0.0232,0.25,6.4,1.4,5.3
2021-02-01,C_202004_P_V,2020-04-01,Prime,Variable,0.0233,0.25,6.2,1.7,5.3
2021-03-01,C_202004_P_V,2020-04-01,Prime,Variable,0.0293,0.25,6.1,2.6,4.5
2021-04-01,C_202004_P_V,2020-04-01,Prime,Variable,0.0259,0.25,6.1,4.2,0.6
2021-05-01,C_202004_P_V,2020-04-01,Prime,Variable,0.0238,0.25,5.8,5.0,2.3
2021-06-01,C_202004_P_V,2020-04-01,Prime,Variable,0.0225,0.25,5.9,5.4,3.9
2021-07-01,C_202004_P_V,2020-04-01,Prime,Variable,0.0214,0.25,5.4,5.4,4.3
2021-08-01,C_202004_P_V,2020-04-01,Prime,Variable,0.0253,0.25,5.1,5.3,4.4
2021-09-01,C_202004_P_V,2020-04-01,Prime,Variable,0.0234,0.25,4.7,5.4,5.0
2021-10-01,C_202004_P_V,2020-04-01,Prime,Variable,0.0222,0.25,4.5,6.2,5.4
2021-11-01,C_202004_P_V,2020-04-01,Prime,Variable,0.0237,0.25,4.1,6.8,5.4
2021-12-01,C_202004_P_V,2020-04-01,Prime,Variable,0.0227,0.25,3.9,7.0,4.9
2022-01-01,C_202004_P_V,2020-04-01,Prime,Variable,0.028,0.25,4.0,7.5,5.6
2022-02-01,C_202004_P_V,2020-04-01,Prime,Variable,0.0262,0.25,3.9,7.9,5.3
2022-03-01,C_202004_P_V,2020-04-01,Prime,Variable,0.024,0.5,3.7,8.5,5.9
2022-04-01,C_202004_P_V,2020-04-01,Prime,Variable,0.0266,0.5,3.7,8.3,5.8
2022-05-01,C_202004_P_V,2020-04-01,Prime,Variable,0.0233,1.0,3.6,8.6,5.6
2022-06-01,C_202004_P_V,2020-04-01,Prime,Variable,0.0509,1.75,3.6,9.1,5.4
2022-07-01,C_202004_P_V,2020-04-01,Prime,Variable,0.0551,2.5,3.5,8.5,5.5
2022-08-01,C_202004_P_V,2020-04-01,Prime,Variable,0.0525,2.5,3.6,8.3,5.4
2022-09-01,C_202004_P_V,2020-04-01,Prime,Variable,0.0487,3.25,3.5,8.2,5.1
2022-10-01,C_202004_P_V,2020-04-01,Prime,Variable,0.0496,3.25,3.6,7.7,5.0
2022-11-01,C_202004_P_V,2020-04-01,Prime,Variable,0.0475,4.0,3.6,7.1,5.1
2022-12-01,C_202004_P_V,2020-04-01,Prime,Variable,0.0457,4.5,3.5,6.5,4.9
2023-01-01,C_202004_P_V,2020-04-01,Prime,Variable,0.0494,4.5,3.5,6.4,4.5
2023-02-01,C_202004_P_V,2020-04-01,Prime,Variable,0.0506,4.75,3.6,6.0,4.8
2023-03-01,C_202004_P_V,2020-04-01,Prime,Variable,0.0431,5.0,3.5,5.0,4.6
2023-04-01,C_202004_P_V,2020-04-01,Prime,Variable,0.0461,5.0,3.4,4.9,4.6
2020-05-01,C_202004_S_F,2020-04-01,Subprime,Fixed,0.0446,,,,
2020-06-01,C_202004_S_F,2020-04-01,Subprime,Fixed,0.0458,,,,
2020-07-01,C_202004_S_F,2020-04-01,Subprime,Fixed,0.0464,,,,
2020-08-01,C_202004_S_F,2020-04-01,Subprime,Fixed,0.0467,,,,
2020-09-01,C_202004_S_F,2020-04-01,Subprime,Fixed,0.0493,,,,
2020-10-01,C_202004_S_F,2020-04-01,Subprime,Fixed,0.0483,,,,
2020-11-01,C_202004_S_F,2020-04-01,Subprime,Fixed,0.0513,,,,
2020-12-01,C_202004_S_F,2020-04-01,Subprime,Fixed,0.0513,,,,
2021-01-01,C_202004_S_F,2020-04-01,Subprime,Fixed,0.0516,0.25,6.4,1.4,5.3
2021-02-01,C_202004_S_F,2020-04-01,Subprime,Fixed,0.0508,0.25,6.2,1.7,5.3
2021-03-01,C_202004_S_F,2020-04-01,Subprime,Fixed,0.052,0.25,6.1,2.6,4.5
2021-04-01,C_202004_S_F,2020-04-01,Subprime,Fixed,0.0552,0.25,6.1,4.2,0.6
2021-05-01,C_202004_S_F,2020-04-01,Subprime,Fixed,0.0551,0.25,5.8,5.0,2.3
2021-06-01,C_202004_S_F,2020-04-01,Subprime,Fixed,0.0524,0.25,5.9,5.4,3.9
2021-07-01,C_202004_S_F,2020-04-01,Subprime,Fixed,0.0549,0.25,5.4,5.4,4.3
2021-08-01,C_202004_S_F,2020-04-01,Subprime,Fixed,0.0564,0.25,5.1,5.3,4.4
2021-09-01,C_202004_S_F,2020-04-01,Subprime,Fixed,0.0516,0.25,4.7,5.4,5.0
2021-10-01,C_202004_S_F,2020-04-01,Subprime,Fixed,0.0561,0.25,4.5,6.2,5.4
2021-11-01,C_202004_S_F,2020-04-01,Subprime,Fixed,0.0536,0.25,4.1,6.8,5.4
2021-12-01,C_202004_S_F,2020-04-01,Subprime,Fixed,0.056,0.25,3.9,7.0,4.9
2022-01-01,C_202004_S_F,2020-04-01,Subprime,Fixed,0.0531,0.25,4.0,7.5,5.6
2022-02-01,C_202004_S_F,2020-04-01,Subprime,Fixed,0.0508,0.25,3.9,7.9,5.3
2022-03-01,C_202004_S_F,2020-04-01,Subprime,Fixed,0.0508,0.5,3.7,8.5,5.9
2022-04-01,C_202004_S_F,2020-04-01,Subprime,Fixed,0.0538,0.5,3.7,8.3,5.8
2022-05-01,C_202004_S_F,2020-04-01,Subprime,Fixed,0.0537,1.0,3.6,8.6,5.6
2022-06-01,C_202004_S_F,2020-04-01,Subprime,Fixed,0.0509,1.75,3.6,9.1,5.4
2022-07-01,C_202004_S_F,2020-04-01,Subprime,Fixed,0.0533,2.5,3.5,8.5,5.5
2022-08-01,C_202004_S_F,2020-04-01,Subprime,Fixed,0.0481,2.5,3.6,8.3,5.4
2022-09-01,C_202004_S_F,2020-04-01,Subprime,Fixed,0.0506,3.25,3.5,8.2,5.1
2022-10-01,C_202004_S_F,2020-04-01,Subprime,Fixed,0.0476,3.25,3.6,7.7,5.0
2022-11-01,C_202004_S_F,2020-04-01,Subprime,Fixed,0.0479,4.0,3.6,7.1,5.1
2022-12-01,C_202004_S_F,2020-04-01,Subprime,Fixed,0.0485,4.5,3.5,6.5,4.9
2023-01-01,C_202004_S_F,2020-04-01,Subprime,Fixed,0.0459,4.5,3.5,6.4,4.5
2023-02-01,C_202004_S_F,2020-04-01,Subprime,Fixed,0.046,4.75,3.6,6.0,4.8
2023-03-01,C_202004_S_F,2020-04-01,Subprime,Fixed,0.0479,5.0,3.5,5.0,4.6
2023-04-01,C_202004_S_F,2020-04-01,Subprime,Fixed,0.0438,5.0,3.4,4.9,4.6
2020-05-01,C_202004_S_V,2020-04-01,Subprime,Variable,0.0475,,,,
2020-06-01,C_202004_S_V,2020-04-01,Subprime,Variable,0.0445,,,,
2020-07-01,C_202004_S_V,2020-04-01,Subprime,Variable,0.0486,,,,
2020-08-01,C_202004_S_V,2020-04-01,Subprime,Variable,0.0513,,,,
2020-09-01,C_202004_S_V,2020-04-01,Subprime,Variable,0.0443,,,,
2020-10-01,C_202004_S_V,2020-04-01,Subprime,Variable,0.0484,,,,
2020-11-01,C_202004_S_V,2020-04-01,Subprime,Variable,0.0519,,,,
2020-12-01,C_202004_S_V,2020-04-01,Subprime,Variable,0.051,,,,
2021-01-01,C_202004_S_V,2020-04-01,Subprime,Variable,0.0528,0.25,6.4,1.4,5.3
2021-02-01,C_202004_S_V,2020-04-01,Subprime,Variable,0.0515,0.25,6.2,1.7,5.3
2021-03-01,C_202004_S_V,2020-04-01,Subprime,Variable,0.0534,0.25,6.1,2.6,4.5
2021-04-01,C_202004_S_V,2020-04-01,Subprime,Variable,0.0533,0.25,6.1,4.2,0.6
2021-05-01,C_202004_S_V,2020-04-01,Subprime,Variable,0.0564,0.25,5.8,5.0,2.3
2021-06-01,C_202004_S_V,2020-04-01,Subprime,Variable,0.0549,0.25,5.9,5.4,3.9
2021-07-01,C_202004_S_V,2020-04-01,Subprime,Variable,0.0553,0.25,5.4,5.4,4.3
2021-08-01,C_202004_S_V,2020-04-01,Subprime,Variable,0.054,0.25,5.1,5.3,4.4
2021-09-01,C_202004_S_V,2020-04-01,Subprime,Variable,0.054,0.25,4.7,5.4,5.0
2021-10-01,C_202004_S_V,2020-04-01,Subprime,Variable,0.0541,0.25,4.5,6.2,5.4
2021-11-01,C_202004_S_V,2020-04-01,Subprime,Variable,0.0558,0.25,4.1,6.8,5.4
2021-12-01,C_202004_S_V,2020-04-01,Subprime,Variable,0.054,0.25,3.9,7.0,4.9
2022-01-01,C_202004_S_V,2020-04-01,Subprime,Variable,0.0552,0.25,4.0,7.5,5.6
2022-02-01,C_202004_S_V,2020-04-01,Subprime,Variable,0.0585,0.25,3.9,7.9,5.3
2022-03-01,C_202004_S_V,2020-04-01,Subprime,Variable,0.0558,0.5,3.7,8.5,5.9
2022-04-01,C_202004_S_V,2020-04-01,Subprime,Variable,0.053,0.5,3.7,8.3,5.8
2022-05-01,C_202004_S_V,2020-04-01,Subprime,Variable,0.0556,1.0,3.6,8.6,5.6
2022-06-01,C_202004_S_V,2020-04-01,Subprime,Variable,0.0968,1.75,3.6,9.1,5.4
2022-07-01,C_202004_S_V,2020-04-01,Subprime,Variable,0.093,2.5,3.5,8.5,5.5
2022-08-01,C_202004_S_V,2020-04-01,Subprime,Variable,0.0944,2.5,3.6,8.3,5.4
2022-09-01,C_202004_S_V,2020-04-01,Subprime,Variable,0.092,3.25,3.5,8.2,5.1
2022-10-01,C_202004_S_V,2020-04-01,Subprime,Variable,0.0943,3.25,3.6,7.7,5.0
2022-11-01,C_202004_S_V,2020-04-01,Subprime,Variable,0.0943,4.0,3.6,7.1,5.1
2022-12-01,C_202004_S_V,2020-04-01,Subprime,Variable,0.0968,4.5,3.5,6.5,4.9
2023-01-01,C_202004_S_V,2020-04-01,Subprime,Variable,0.0932,4.5,3.5,6.4,4.5
2023-02-01,C_202004_S_V,2020-04-01,Subprime,Variable,0.0913,4.75,3.6,6.0,4.8
2023-03-01,C_202004_S_V,2020-04-01,Subprime,Variable,0.0925,5.0,3.5,5.0,4.6
2023-04-01,C_202004_S_V,2020-04-01,Subprime,Variable,0.0856,5.0,3.4,4.9,4.6
2020-06-01,C_202005_P_F,2020-05-01,Prime,Fixed,0.0163,,,,
2020-07-01,C_202005_P_F,2020-05-01,Prime,Fixed,0.0183,,,,
2020-08-01,C_202005_P_F,2020-05-01,Prime,Fixed,0.0146,,,,
2020-09-01,C_202005_P_F,2020-05-01,Prime,Fixed,0.0207,,,,
2020-10-01,C_202005_P_F,2020-05-01,Prime,Fixed,0.0199,,,,
2020-11-01,C_202005_P_F,2020-05-01,Prime,Fixed,0.0192,,,,
2020-12-01,C_202005_P_F,2020-05-01,Prime,Fixed,0.022,,,,
2021-01-01,C_202005_P_F,2020-05-01,Prime,Fixed,0.026,0.25,6.4,1.4,5.3
2021-02-01,C_202005_P_F,2020-05-01,Prime,Fixed,0.0224,0.25,6.2,1.7,5.3
2021-03-01,C_202005_P_F,2020-05-01,Prime,Fixed,0.0232,0.25,6.1,2.6,4.5
2021-04-01,C_202005_P_F,2020-05-01,Prime,Fixed,0.0223,0.25,6.1,4.2,0.6
2021-05-01,C_202005_P_F,2020-05-01,Prime,Fixed,0.022,0.25,5.8,5.0,2.3
2021-06-01,C_202005_P_F,2020-05-01,Prime,Fixed,0.0257,0.25,5.9,5.4,3.9
2021-07-01,C_202005_P_F,2020-05-01,Prime,Fixed,0.0227,0.25,5.4,5.4,4.3
2021-08-01,C_202005_P_F,2020-05-01,Prime,Fixed,0.0248,0.25,5.1,5.3,4.4
2021-09-01,C_202005_P_F,2020-05-01,Prime,Fixed,0.0239,0.25,4.7,5.4,5.0
2021-10-01,C_202005_P_F,2020-05-01,Prime,Fixed,0.0259,0.25,4.5,6.2,5.4
2021-11-01,C_202005_P_F,2020-05-01,Prime,Fixed,0.0257,0.25,4.1,6.8,5.4
2021-12-01,C_202005_P_F,2020-05-01,Prime,Fixed,0.027,0.25,3.9,7.0,4.9
2022-01-01,C_202005_P_F,2020-05-01,Prime,Fixed,0.0238,0.25,4.0,7.5,5.6
2022-02-01,C_202005_P_F,2020-05-01,Prime,Fixed,0.0241,0.25,3.9,7.9,5.3
2022-03-01,C_202005_P_F,2020-05-01,Prime,Fixed,0.0224,0.5,3.7,8.5,5.9
2022-04-01,C_202005_P_F,2020-05-01,Prime,Fixed,0.0232,0.5,3.7,8.3,5.8
2022-05-01,C_202005_P_F,2020-05-01,Prime,Fixed,0.0244,1.0,3.6,8.6,5.6
2022-06-01,C_202005_P_F,2020-05-01,Prime,Fixed,0.0247,1.75,3.6,9.1,5.4
2022-07-01,C_202005_P_F,2020-05-01,Prime,Fixed,0.0208,2.5,3.5,8.5,5.5
2022-08-01,C_202005_P_F,2020-05-01,Prime,Fixed,0.0238,2.5,3.6,8.3,5.4
2022-09-01,C_202005_P_F,2020-05-01,Prime,Fixed,0.0241,3.25,3.5,8.2,5.1
2022-10-01,C_202005_P_F,2020-05-01,Prime,Fixed,0.0216,3.25,3.6,7.7,5.0
2022-11-01,C_202005_P_F,2020-05-01,Prime,Fixed,0.0238,4.0,3.6,7.1,5.1
2022-12-01,C_202005_P_F,2020-05-01,Prime,Fixed,0.0177,4.5,3.5,6.5,4.9
2023-01-01,C_202005_P_F,2020-05-01,Prime,Fixed,0.0159,4.5,3.5,6.4,4.5
2023-02-01,C_202005_P_F,2020-05-01,Prime,Fixed,0.014,4.75,3.6,6.0,4.8
2023-03-01,C_202005_P_F,2020-05-01,Prime,Fixed,0.0197,5.0,3.5,5.0,4.6
2023-04-01,C_202005_P_F,2020-05-01,Prime,Fixed,0.0172,5.0,3.4,4.9,4.6
2023-05-01,C_202005_P_F,2020-05-01,Prime,Fixed,0.0149,5.25,3.6,4.0,4.4
2020-06-01,C_202005_P_V,2020-05-01,Prime,Variable,0.0164,,,,
2020-07-01,C_202005_P_V,2020-05-01,Prime,Variable,0.0145,,,,
2020-08-01,C_202005_P_V,2020-05-01,Prime,Variable,0.0225,,,,
2020-09-01,C_202005_P_V,2020-05-01,Prime,Variable,0.0187,,,,
2020-10-01,C_202005_P_V,2020-05-01,Prime,Variable,0.0194,,,,
2020-11-01,C_202005_P_V,2020-05-01,Prime,Variable,0.0215,,,,
2020-12-01,C_202005_P_V,2020-05-01,Prime,Variable,0.0217,,,,
2021-01-01,C_202005_P_V,2020-05-01,Prime,Variable,0.0219,0.25,6.4,1.4,5.3
2021-02-01,C_202005_P_V,2020-05-01,Prime,Variable,0.0205,0.25,6.2,1.7,5.3
2021-03-01,C_202005_P_V,2020-05-01,Prime,Variable,0.0236,0.25,6.1,2.6,4.5
2021-04-01,C_202005_P_V,2020-05-01,Prime,Variable,0.027,0.25,6.1,4.2,0.6
2021-05-01,C_202005_P_V,2020-05-01,Prime,Variable,0.0264,0.25,5.8,5.0,2.3
2021-06-01,C_202005_P_V,2020-05-01,Prime,Variable,0.0272,0.25,5.9,5.4,3.9
2021-07-01,C_202005_P_V,2020-05-01,Prime,Variable,0.0234,0.25,5.4,5.4,4.3
2021-08-01,C_202005_P_V,2020-05-01,Prime,Variable,0.0227,0.25,5.1,5.3,4.4
2021-09-01,C_202005_P_V,2020-05-01,Prime,Variable,0.0246,0.25,4.7,5.4,5.0
2021-10-01,C_202005_P_V,2020-05-01,Prime,Variable,0.0251,0.25,4.5,6.2,5.4
2021-11-01,C_202005_P_V,2020-05-01,Prime,Variable,0.0272,0.25,4.1,6.8,5.4
2021-12-01,C_202005_P_V,2020-05-01,Prime,Variable,0.0216,0.25,3.9,7.0,4.9
2022-01-01,C_202005_P_V,2020-05-01,Prime,Variable,0.0279,0.25,4.0,7.5,5.6
2022-02-01,C_202005_P_V,2020-05-01,Prime,Variable,0.0243,0.25,3.9,7.9,5.3
2022-03-01,C_202005_P_V,2020-05-01,Prime,Variable,0.0235,0.5,3.7,8.5,5.9
2022-04-01,C_202005_P_V,2020-05-01,Prime,Variable,0.022,0.5,3.7,8.3,5.8
2022-05-01,C_202005_P_V,2020-05-01,Prime,Variable,0.0204,1.0,3.6,8.6,5.6
2022-06-01,C_202005_P_V,2020-05-01,Prime,Variable,0.0548,1.75,3.6,9.1,5.4
2022-07-01,C_202005_P_V,2020-05-01,Prime,Variable,0.0528,2.5,3.5,8.5,5.5
2022-08-01,C_202005_P_V,2020-05-01,Prime,Variable,0.0495,2.5,3.6,8.3,5.4
2022-09-01,C_202005_P_V,2020-05-01,Prime,Variable,0.0488,3.25,3.5,8.2,5.1
2022-10-01,C_202005_P_V,2020-05-01,Prime,Variable,0.0501,3.25,3.6,7.7,5.0
2022-11-01,C_202005_P_V,2020-05-01,Prime,Variable,0.0533,4.0,3.6,7.1,5.1
2022-12-01,C_202005_P_V,2020-05-01,Prime,Variable,0.0487,4.5,3.5,6.5,4.9
2023-01-01,C_202005_P_V,2020-05-01,Prime,Variable,0.0454,4.5,3.5,6.4,4.5
2023-02-01,C_202005_P_V,2020-05-01,Prime,Variable,0.0471,4.75,3.6,6.0,4.8
2023-03-01,C_202005_P_V,2020-05-01,Prime,Variable,0.0462,5.0,3.5,5.0,4.6
2023-04-01,C_202005_P_V,2020-05-01,Prime,Variable,0.0405,5.0,3.4,4.9,4.6
2023-05-01,C_202005_P_V,2020-05-01,Prime,Variable,0.0449,5.25,3.6,4.0,4.4
2020-06-01,C_202005_S_F,2020-05-01,Subprime,Fixed,0.0454,,,,
2020-07-01,C_202005_S_F,2020-05-01,Subprime,Fixed,0.0481,,,,
2020-08-01,C_202005_S_F,2020-05-01,Subprime,Fixed,0.0513,,,,
2020-09-01,C_202005_S_F,2020-05-01,Subprime,Fixed,0.0507,,,,
2020-10-01,C_202005_S_F,2020-05-01,Subprime,Fixed,0.0487,,,,
2020-11-01,C_202005_S_F,2020-05-01,Subprime,Fixed,0.0478,,,,
2020-12-01,C_202005_S_F,2020-05-01,Subprime,Fixed,0.0559,,,,
2021-01-01,C_202005_S_F,2020-05-01,Subprime,Fixed,0.0515,0.25,6.4,1.4,5.3
2021-02-01,C_202005_S_F,2020-05-01,Subprime,Fixed,0.0521,0.25,6.2,1.7,5.3
2021-03-01,C_202005_S_F,2020-05-01,Subprime,Fixed,0.0526,0.25,6.1,2.6,4.5
2021-04-01,C_202005_S_F,2020-05-01,Subprime,Fixed,0.0536,0.25,6.1,4.2,0.6
2021-05-01,C_202005_S_F,2020-05-01,Subprime,Fixed,0.0534,0.25,5.8,5.0,2.3
2021-06-01,C_202005_S_F,2020-05-01,Subprime,Fixed,0.0529,0.25,5.9,5.4,3.9
2021-07-01,C_202005_S_F,2020-05-01,Subprime,Fixed,0.0533,0.25,5.4,5.4,4.3
2021-08-01,C_202005_S_F,2020-05-01,Subprime,Fixed,0.0546,0.25,5.1,5.3,4.4
2021-09-01,C_202005_S_F,2020-05-01,Subprime,Fixed,0.0538,0.25,4.7,5.4,5.0
2021-10-01,C_202005_S_F,2020-05-01,Subprime,Fixed,0.0535,0.25,4.5,6.2,5.4
2021-11-01,C_202005_S_F,2020-05-01,Subprime,Fixed,0.0552,0.25,4.1,6.8,5.4
2021-12-01,C_202005_S_F,2020-05-01,Subprime,Fixed,0.0545,0.25,3.9,7.0,4.9
2022-01-01,C_202005_S_F,2020-05-01,Subprime,Fixed,0.0579,0.25,4.0,7.5,5.6
2022-02-01,C_202005_S_F,2020-05-01,Subprime,Fixed,0.0494,0.25,3.9,7.9,5.3
2022-03-01,C_202005_S_F,2020-05-01,Subprime,Fixed,0.0566,0.5,3.7,8.5,5.9
2022-04-01,C_202005_S_F,2020-05-01,Subprime,Fixed,0.0566,0.5,3.7,8.3,5.8
2022-05-01,C_202005_S_F,2020-05-01,Subprime,Fixed,0.0495,1.0,3.6,8.6,5.6
2022-06-01,C_202005_S_F,2020-05-01,Subprime,Fixed,0.0525,1.75,3.6,9.1,5.4
2022-07-01,C_202005_S_F,2020-05-01,Subprime,Fixed,0.0519,2.5,3.5,8.5,5.5
2022-08-01,C_202005_S_F,2020-05-01,Subprime,Fixed,0.0493,2.5,3.6,8.3,5.4
2022-09-01,C_202005_S_F,2020-05-01,Subprime,Fixed,0.0499,3.25,3.5,8.2,5.1
2022-10-01,C_202005_S_F,2020-05-01,Subprime,Fixed,0.0485,3.25,3.6,7.7,5.0
2022-11-01,C_202005_S_F,2020-05-01,Subprime,Fixed,0.0535,4.0,3.6,7.1,5.1
2022-12-01,C_202005_S_F,2020-05-01,Subprime,Fixed,0.0511,4.5,3.5,6.5,4.9
2023-01-01,C_202005_S_F,2020-05-01,Subprime,Fixed,0.051,4.5,3.5,6.4,4.5
2023-02-01,C_202005_S_F,2020-05-01,Subprime,Fixed,0.049,4.75,3.6,6.0,4.8
2023-03-01,C_202005_S_F,2020-05-01,Subprime,Fixed,0.0445,5.0,3.5,5.0,4.6
2023-04-01,C_202005_S_F,2020-05-01,Subprime,Fixed,0.0448,5.0,3.4,4.9,4.6
2023-05-01,C_202005_S_F,2020-05-01,Subprime,Fixed,0.046,5.25,3.6,4.0,4.4
2020-06-01,C_202005_S_V,2020-05-01,Subprime,Variable,0.0434,,,,
2020-07-01,C_202005_S_V,2020-05-01,Subprime,Variable,0.0482,,,,
2020-08-01,C_202005_S_V,2020-05-01,Subprime,Variable,0.0471,,,,
2020-09-01,C_202005_S_V,2020-05-01,Subprime,Variable,0.0477,,,,
2020-10-01,C_202005_S_V,2020-05-01,Subprime,Variable,0.0506,,,,
2020-11-01,C_202005_S_V,2020-05-01,Subprime,Variable,0.0509,,,,
2020-12-01,C_202005_S_V,2020-05-01,Subprime,Variable,0.05,,,,
2021-01-01,C_202005_S_V,2020-05-01,Subprime,Variable,0.0537,0.25,6.4,1.4,5.3
2021-02-01,C_202005_S_V,2020-05-01,Subprime,Variable,0.0499,0.25,6.2,1.7,5.3
2021-03-01,C_202005_S_V,2020-05-01,Subprime,Variable,0.0539,0.25,6.1,2.6,4.5
2021-04-01,C_202005_S_V,2020-05-01,Subprime,Variable,0.0544,0.25,6.1,4.2,0.6
2021-05-01,C_202005_S_V,2020-05-01,Subprime,Variable,0.053,0.25,5.8,5.0,2.3
2021-06-01,C_202005_S_V,2020-05-01,Subprime,Variable,0.0547,0.25,5.9,5.4,3.9
2021-07-01,C_202005_S_V,2020-05-01,Subprime,Variable,0.0519,0.25,5.4,5.4,4.3
2021-08-01,C_202005_S_V,2020-05-01,Subprime,Variable,0.0565,0.25,5.1,5.3,4.4
2021-09-01,C_202005_S_V,2020-05-01,Subprime,Variable,0.0545,0.25,4.7,5.4,5.0
2021-10-01,C_202005_S_V,2020-05-01,Subprime,Variable,0.0539,0.25,4.5,6.2,5.4
2021-11-01,C_202005_S_V,2020-05-01,Subprime,Variable,0.0571,0.25,4.1,6.8,5.4
2021-12-01,C_202005_S_V,2020-05-01,Subprime,Variable,0.0536,0.25,3.9,7.0,4.9
2022-01-01,C_202005_S_V,2020-05-01,Subprime,Variable,0.052,0.25,4.0,7.5,5.6
2022-02-01,C_202005_S_V,2020-05-01,Subprime,Variable,0.0515,0.25,3.9,7.9,5.3
2022-03-01,C_202005_S_V,2020-05-01,Subprime,Variable,0.0556,0.5,3.7,8.5,5.9
2022-04-01,C_202005_S_V,2020-05-01,Subprime,Variable,0.0515,0.5,3.7,8.3,5.8
2022-05-01,C_202005_S_V,2020-05-01,Subprime,Variable,0.0572,1.0,3.6,8.6,5.6
2022-06-01,C_202005_S_V,2020-05-01,Subprime,Variable,0.094,1.75,3.6,9.1,5.4
2022-07-01,C_202005_S_V,2020-05-01,Subprime,Variable,0.1011,2.5,3.5,8.5,5.5
2022-08-01,C_202005_S_V,2020-05-01,Subprime,Variable,0.0975,2.5,3.6,8.3,5.4
2022-09-01,C_202005_S_V,2020-05-01,Subprime,Variable,0.0962,3.25,3.5,8.2,5.1
2022-10-01,C_202005_S_V,2020-05-01,Subprime,Variable,0.0946,3.25,3.6,7.7,5.0
2022-11-01,C_202005_S_V,2020-05-01,Subprime,Variable,0.0958,4.0,3.6,7.1,5.1
2022-12-01,C_202005_S_V,2020-05-01,Subprime,Variable,0.0942,4.5,3.5,6.5,4.9
2023-01-01,C_202005_S_V,2020-05-01,Subprime,Variable,0.0956,4.5,3.5,6.4,4.5
2023-02-01,C_202005_S_V,2020-05-01,Subprime,Variable,0.0928,4.75,3.6,6.0,4.8
2023-03-01,C_202005_S_V,2020-05-01,Subprime,Variable,0.092,5.0,3.5,5.0,4.6
2023-04-01,C_202005_S_V,2020-05-01,Subprime,Variable,0.0901,5.0,3.4,4.9,4.6
2023-05-01,C_202005_S_V,2020-05-01,Subprime,Variable,0.0899,5.25,3.6,4.0,4.4
2020-07-01,C_202006_P_F,2020-06-01,Prime,Fixed,0.0165,,,,
2020-08-01,C_202006_P_F,2020-06-01,Prime,Fixed,0.0133,,,,
2020-09-01,C_202006_P_F,2020-06-01,Prime,Fixed,0.0149,,,,
2020-10-01,C_202006_P_F,2020-06-01,Prime,Fixed,0.0199,,,,
2020-11-01,C_202006_P_F,2020-06-01,Prime,Fixed,0.0196,,,,
2020-12-01,C_202006_P_F,2020-06-01,Prime,Fixed,0.0196,,,,
2021-01-01,C_202006_P_F,2020-06-01,Prime,Fixed,0.0208,0.25,6.4,1.4,5.3
2021-02-01,C_202006_P_F,2020-06-01,Prime,Fixed,0.0221,0.25,6.2,1.7,5.3
2021-03-01,C_202006_P_F,2020-06-01,Prime,Fixed,0.021,0.25,6.1,2.6,4.5
2021-04-01,C_202006_P_F,2020-06-01,Prime,Fixed,0.0211,0.25,6.1,4.2,0.6
2021-05-01,C_202006_P_F,2020-06-01,Prime,Fixed,0.0236,0.25,5.8,5.0,2.3
2021-06-01,C_202006_P_F,2020-06-01,Prime,Fixed,0.0217,0.25,5.9,5.4,3.9
2021-07-01,C_202006_P_F,2020-06-01,Prime,Fixed,0.0249,0.25,5.4,5.4,4.3
2021-08-01,C_202006_P_F,2020-06-01,Prime,Fixed,0.021,0.25,5.1,5.3,4.4
2021-09-01,C_202006_P_F,2020-06-01,Prime,Fixed,0.0267,0.25,4.7,5.4,5.0
2021-10-01,C_202006_P_F,2020-06-01,Prime,Fixed,0.0258,0.25,4.5,6.2,5.4
2021-11-01,C_202006_P_F,2020-06-01,Prime,Fixed,0.0255,0.25,4.1,6.8,5.4
2021-12-01,C_202006_P_F,2020-06-01,Prime,Fixed,0.027,0.25,3.9,7.0,4.9
2022-01-01,C_202006_P_F,2020-06-01,Prime,Fixed,0.0283,0.25,4.0,7.5,5.6
2022-02-01,C_202006_P_F,2020-06-01,Prime,Fixed,0.0269,0.25,3.9,7.9,5.3
2022-03-01,C_202006_P_F,2020-06-01,Prime,Fixed,0.021,0.5,3.7,8.5,5.9
2022-04-01,C_202006_P_F,2020-06-01,Prime,Fixed,0.0218,0.5,3.7,8.3,5.8
2022-05-01,C_202006_P_F,2020-06-01,Prime,Fixed,0.0228,1.0,3.6,8.6,5.6
2022-06-01,C_202006_P_F,2020-06-01,Prime,Fixed,0.0237,1.75,3.6,9.1,5.4
2022-07-01,C_202006_P_F,2020-06-01,Prime,Fixed,0.0242,2.5,3.5,8.5,5.5
2022-08-01,C_202006_P_F,2020-06-01,Prime,Fixed,0.0212,2.5,3.6,8.3,5.4
2022-09-01,C_202006_P_F,2020-06-01,Prime,Fixed,0.0224,3.25,3.5,8.2,5.1
2022-10-01,C_202006_P_F,2020-06-01,Prime,Fixed,0.0199,3.25,3.6,7.7,5.0
2022-11-01,C_202006_P_F,2020-06-01,Prime,Fixed,0.0195,4.0,3.6,7.1,5.1
2022-12-01,C_202006_P_F,2020-06-01,Prime,Fixed,0.0172,4.5,3.5,6.5,4.9
2023-01-01,C_202006_P_F,2020-06-01,Prime,Fixed,0.0174,4.5,3.5,6.4,4.5
2023-02-01,C_202006_P_F,2020-06-01,Prime,Fixed,0.0157,4.75,3.6,6.0,4.8
2023-03-01,C_202006_P_F,2020-06-01,Prime,Fixed,0.0156,5.0,3.5,5.0,4.6
2023-04-01,C_202006_P_F,2020-06-01,Prime,Fixed,0.0188,5.0,3.4,4.9,4.6
2023-05-01,C_202006_P_F,2020-06-01,Prime,Fixed,0.014,5.25,3.6,4.0,4.4
2023-06-01,C_202006_P_F,2020-06-01,Prime,Fixed,0.0203,5.25,3.6,3.0,4.7
2020-07-01,C_202006_P_V,2020-06-01,Prime,Variable,0.0169,,,,
2020-08-01,C_202006_P_V,2020-06-01,Prime,Variable,0.0171,,,,
2020-09-01,C_202006_P_V,2020-06-01,Prime,Variable,0.0159,,,,
2020-10-01,C_202006_P_V,2020-06-01,Prime,Variable,0.0198,,,,
2020-11-01,C_202006_P_V,2020-06-01,Prime,Variable,0.0181,,,,
2020-12-01,C_202006_P_V,2020-06-01,Prime,Variable,0.0202,,,,
2021-01-01,C_202006_P_V,2020-06-01,Prime,Variable,0.0259,0.25,6.4,1.4,5.3
2021-02-01,C_202006_P_V,2020-06-01,Prime,Variable,0.0212,0.25,6.2,1.7,5.3
2021-03-01,C_202006_P_V,2020-06-01,Prime,Variable,0.0244,0.25,6.1,2.6,4.5
2021-04-01,C_202006_P_V,2020-06-01,Prime,Variable,0.0213,0.25,6.1,4.2,0.6
2021-05-01,C_202006_P_V,2020-06-01,Prime,Variable,0.0231,0.25,5.8,5.0,2.3
2021-06-01,C_202006_P_V,2020-06-01,Prime,Variable,0.0272,0.25,5.9,5.4,3.9
2021-07-01,C_202006_P_V,2020-06-01,Prime,Variable,0.0228,0.25,5.4,5.4,4.3
2021-08-01,C_202006_P_V,2020-06-01,Prime,Variable,0.028,0.25,5.1,5.3,4.4
2021-09-01,C_202006_P_V,2020-06-01,Prime,Variable,0.0261,0.25,4.7,5.4,5.0
2021-10-01,C_202006_P_V,2020-06-01,Prime,Variable,0.0237,0.25,4.5,6.2,5.4
2021-11-01,C_202006_P_V,2020-06-01,Prime,Variable,0.0262,0.25,4.1,6.8,5.4
2021-12-01,C_202006_P_V,2020-06-01,Prime,Variable,0.0269,0.25,3.9,7.0,4.9
2022-01-01,C_202006_P_V,2020-06-01,Prime,Variable,0.0262,0.25,4.0,7.5,5.6
2022-02-01,C_202006_P_V,2020-06-01,Prime,Variable,0.0217,0.25,3.9,7.9,5.3
2022-03-01,C_202006_P_V,2020-06-01,Prime,Variable,0.0232,0.5,3.7,8.5,5.9
2022-04-01,C_202006_P_V,2020-06-01,Prime,Variable,0.0239,0.5,3.7,8.3,5.8
2022-05-01,C_202006_P_V,2020-06-01,Prime,Variable,0.0239,1.0,3.6,8.6,5.6
2022-06-01,C_202006_P_V,2020-06-01,Prime,Variable,0.0549,1.75,3.6,9.1,5.4
2022-07-01,C_202006_P_V,2020-06-01,Prime,Variable,0.0535,2.5,3.5,8.5,5.5
2022-08-01,C_202006_P_V,2020-06-01,Prime,Variable,0.05,2.5,3.6,8.3,5.4
2022-09-01,C_202006_P_V,2020-06-01,Prime,Variable,0.0528,3.25,3.5,8.2,5.1
2022-10-01,C_202006_P_V,2020-06-01,Prime,Variable,0.0526,3.25,3.6,7.7,5.0
2022-11-01,C_202006_P_V,2020-06-01,Prime,Variable,0.0519,4.0,3.6,7.1,5.1
2022-12-01,C_202006_P_V,2020-06-01,Prime,Variable,0.0522,4.5,3.5,6.5,4.9
2023-01-01,C_202006_P_V,2020-06-01,Prime,Variable,0.0509,4.5,3.5,6.4,4.5
2023-02-01,C_202006_P_V,2020-06-01,Prime,Variable,0.0493,4.75,3.6,6.0,4.8
2023-03-01,C_202006_P_V,2020-06-01,Prime,Variable,0.0474,5.0,3.5,5.0,4.6
2023-04-01,C_202006_P_V,2020-06-01,Prime,Variable,0.0434,5.0,3.4,4.9,4.6
2023-05-01,C_202006_P_V,2020-06-01,Prime,Variable,0.0467,5.25,3.6,4.0,4.4
2023-06-01,C_202006_P_V,2020-06-01,Prime,Variable,0.0454,5.25,3.6,3.0,4.7
2020-07-01,C_202006_S_F,2020-06-01,Subprime,Fixed,0.0464,,,,
2020-08-01,C_202006_S_F,2020-06-01,Subprime,Fixed,0.0442,,,,
2020-09-01,C_202006_S_F,2020-06-01,Subprime,Fixed,0.0454,,,,
2020-10-01,C_202006_S_F,2020-06-01,Subprime,Fixed,0.0505,,,,
2020-11-01,C_202006_S_F,2020-06-01,Subprime,Fixed,0.0491,,,,
2020-12-01,C_202006_S_F,2020-06-01,Subprime,Fixed,0.0514,,,,
2021-01-01,C_202006_S_F,2020-06-01,Subprime,Fixed,0.0508,0.25,6.4,1.4,5.3
2021-02-01,C_202006_S_F,2020-06-01,Subprime,Fixed,0.0515,0.25,6.2,1.7,5.3
2021-03-01,C_202006_S_F,2020-06-01,Subprime,Fixed,0.0539,0.25,6.1,2.6,4.5
2021-04-01,C_202006_S_F,2020-06-01,Subprime,Fixed,0.0516,0.25,6.1,4.2,0.6
2021-05-01,C_202006_S_F,2020-06-01,Subprime,Fixed,0.0534,0.25,5.8,5.0,2.3
2021-06-01,C_202006_S_F,2020-06-01,Subprime,Fixed,0.0527,0.25,5.9,5.4,3.9
2021-07-01,C_202006_S_F,2020-06-01,Subprime,Fixed,0.0532,0.25,5.4,5.4,4.3
2021-08-01,C_202006_S_F,2020-06-01,Subprime,Fixed,0.0538,0.25,5.1,5.3,4.4
2021-09-01,C_202006_S_F,2020-06-01,Subprime,Fixed,0.0551,0.25,4.7,5.4,5.0
2021-10-01,C_202006_S_F,2020-06-01,Subprime,Fixed,0.0539,0.25,4.5,6.2,5.4
2021-11-01,C_202006_S_F,2020-06-01,Subprime,Fixed,0.0575,0.25,4.1,6.8,5.4
2021-12-01,C_202006_S_F,2020-06-01,Subprime,Fixed,0.0532,0.25,3.9,7.0,4.9
2022-01-01,C_202006_S_F,2020-06-01,Subprime,Fixed,0.0546,0.25,4.0,7.5,5.6
2022-02-01,C_202006_S_F,2020-06-01,Subprime,Fixed,0.054,0.25,3.9,7.9,5.3
2022-03-01,C_202006_S_F,2020-06-01,Subprime,Fixed,0.0576,0.5,3.7,8.5,5.9
2022-04-01,C_202006_S_F,2020-06-01,Subprime,Fixed,0.0548,0.5,3.7,8.3,5.8
2022-05-01,C_202006_S_F,2020-06-01,Subprime,Fixed,0.0561,1.0,3.6,8.6,5.6
2022-06-01,C_202006_S_F,2020-06-01,Subprime,Fixed,0.0507,1.75,3.6,9.1,5.4
2022-07-01,C_202006_S_F,2020-06-01,Subprime,Fixed,0.0537,2.5,3.5,8.5,5.5
2022-08-01,C_202006_S_F,2020-06-01,Subprime,Fixed,0.0544,2.5,3.6,8.3,5.4
2022-09-01,C_202006_S_F,2020-06-01,Subprime,Fixed,0.0522,3.25,3.5,8.2,5.1
2022-10-01,C_202006_S_F,2020-06-01,Subprime,Fixed,0.0536,3.25,3.6,7.7,5.0
2022-11-01,C_202006_S_F,2020-06-01,Subprime,Fixed,0.0497,4.0,3.6,7.1,5.1
2022-12-01,C_202006_S_F,2020-06-01,Subprime,Fixed,0.0528,4.5,3.5,6.5,4.9
2023-01-01,C_202006_S_F,2020-06-01,Subprime,Fixed,0.0538,4.5,3.5,6.4,4.5
2023-02-01,C_202006_S_F,2020-06-01,Subprime,Fixed,0.0477,4.75,3.6,6.0,4.8
2023-03-01,C_202006_S_F,2020-06-01,Subprime,Fixed,0.0467,5.0,3.5,5.0,4.6
2023-04-01,C_202006_S_F,2020-06-01,Subprime,Fixed,0.0496,5.0,3.4,4.9,4.6
2023-05-01,C_202006_S_F,2020-06-01,Subprime,Fixed,0.049,5.25,3.6,4.0,4.4
2023-06-01,C_202006_S_F,2020-06-01,Subprime,Fixed,0.044,5.25,3.6,3.0,4.7
2020-07-01,C_202006_S_V,2020-06-01,Subprime,Variable,0.045,,,,
2020-08-01,C_202006_S_V,2020-06-01,Subprime,Variable,0.0462,,,,
2020-09-01,C_202006_S_V,2020-06-01,Subprime,Variable,0.0449,,,,
2020-10-01,C_202006_S_V,2020-06-01,Subprime,Variable,0.0466,,,,
2020-11-01,C_202006_S_V,2020-06-01,Subprime,Variable,0.0472,,,,
2020-12-01,C_202006_S_V,2020-06-01,Subprime,Variable,0.0485,,,,
2021-01-01,C_202006_S_V,2020-06-01,Subprime,Variable,0.0507,0.25,6.4,1.4,5.3
2021-02-01,C_202006_S_V,2020-06-01,Subprime,Variable,0.0519,0.25,6.2,1.7,5.3
2021-03-01,C_202006_S_V,2020-06-01,Subprime,Variable,0.0552,0.25,6.1,2.6,4.5
2021-04-01,C_202006_S_V,2020-06-01,Subprime,Variable,0.0507,0.25,6.1,4.2,0.6
2021-05-01,C_202006_S_V,2020-06-01,Subprime,Variable,0.0552,0.25,5.8,5.0,2.3
2021-06-01,C_202006_S_V,2020-06-01,Subprime,Variable,0.0532,0.25,5.9,5.4,3.9
2021-07-01,C_202006_S_V,2020-06-01,Subprime,Variable,0.054,0.25,5.4,5.4,4.3
2021-08-01,C_202006_S_V,2020-06-01,Subprime,Variable,0.0557,0.25,5.1,5.3,4.4
2021-09-01,C_202006_S_V,2020-06-01,Subprime,Variable,0.0524,0.25,4.7,5.4,5.0
2021-10-01,C_202006_S_V,2020-06-01,Subprime,Variable,0.0556,0.25,4.5,6.2,5.4
2021-11-01,C_202006_S_V,2020-06-01,Subprime,Variable,0.0553,0.25,4.1,6.8,5.4
2021-12-01,C_202006_S_V,2020-06-01,Subprime,Variable,0.056,0.25,3.9,7.0,4.9
2022-01-01,C_202006_S_V,2020-06-01,Subprime,Variable,0.0555,0.25,4.0,7.5,5.6
2022-02-01,C_202006_S_V,2020-06-01,Subprime,Variable,0.0598,0.25,3.9,7.9,5.3
2022-03-01,C_202006_S_V,2020-06-01,Subprime,Variable,0.0534,0.5,3.7,8.5,5.9
2022-04-01,C_202006_S_V,2020-06-01,Subprime,Variable,0.0533,0.5,3.7,8.3,5.8
2022-05-01,C_202006_S_V,2020-06-01,Subprime,Variable,0.0528,1.0,3.6,8.6,5.6
2022-06-01,C_202006_S_V,2020-06-01,Subprime,Variable,0.0975,1.75,3.6,9.1,5.4
2022-07-01,C_202006_S_V,2020-06-01,Subprime,Variable,0.0969,2.5,3.5,8.5,5.5
2022-08-01,C_202006_S_V,2020-06-01,Subprime,Variable,0.1,2.5,3.6,8.3,5.4
2022-09-01,C_202006_S_V,2020-06-01,Subprime,Variable,0.0999,3.25,3.5,8.2,5.1
2022-10-01,C_202006_S_V,2020-06-01,Subprime,Variable,0.0953,3.25,3.6,7.7,5.0
2022-11-01,C_202006_S_V,2020-06-01,Subprime,Variable,0.0941,4.0,3.6,7.1,5.1
2022-12-01,C_202006_S_V,2020-06-01,Subprime,Variable,0.0959,4.5,3.5,6.5,4.9
2023-01-01,C_202006_S_V,2020-06-01,Subprime,Variable,0.0931,4.5,3.5,6.4,4.5
2023-02-01,C_202006_S_V,2020-06-01,Subprime,Variable,0.0947,4.75,3.6,6.0,4.8
2023-03-01,C_202006_S_V,2020-06-01,Subprime,Variable,0.093,5.0,3.5,5.0,4.6
2023-04-01,C_202006_S_V,2020-06-01,Subprime,Variable,0.0887,5.0,3.4,4.9,4.6
2023-05-01,C_202006_S_V,2020-06-01,Subprime,Variable,0.094,5.25,3.6,4.0,4.4
2023-06-01,C_202006_S_V,2020-06-01,Subprime,Variable,0.0936,5.25,3.6,3.0,4.7
2020-08-01,C_202007_P_F,2020-07-01,Prime,Fixed,0.0146,,,,
2020-09-01,C_202007_P_F,2020-07-01,Prime,Fixed,0.016,,,,
2020-10-01,C_202007_P_F,2020-07-01,Prime,Fixed,0.0182,,,,
2020-11-01,C_202007_P_F,2020-07-01,Prime,Fixed,0.0191,,,,
2020-12-01,C_202007_P_F,2020-07-01,Prime,Fixed,0.0205,,,,
2021-01-01,C_202007_P_F,2020-07-01,Prime,Fixed,0.024,0.25,6.4,1.4,5.3
2021-02-01,C_202007_P_F,2020-07-01,Prime,Fixed,0.0204,0.25,6.2,1.7,5.3
2021-03-01,C_202007_P_F,2020-07-01,Prime,Fixed,0.0198,0.25,6.1,2.6,4.5
2021-04-01,C_202007_P_F,2020-07-01,Prime,Fixed,0.0193,0.25,6.1,4.2,0.6
2021-05-01,C_202007_P_F,2020-07-01,Prime,Fixed,0.0212,0.25,5.8,5.0,2.3
2021-06-01,C_202007_P_F,2020-07-01,Prime,Fixed,0.0231,0.25,5.9,5.4,3.9
2021-07-01,C_202007_P_F,2020-07-01,Prime,Fixed,0.0272,0.25,5.4,5.4,4.3
2021-08-01,C_202007_P_F,2020-07-01,Prime,Fixed,0.023,0.25,5.1,5.3,4.4
2021-09-01,C_202007_P_F,2020-07-01,Prime,Fixed,0.0248,0.25,4.7,5.4,5.0
2021-10-01,C_202007_P_F,2020-07-01,Prime,Fixed,0.0246,0.25,4.5,6.2,5.4
2021-11-01,C_202007_P_F,2020-07-01,Prime,Fixed,0.0272,0.25,4.1,6.8,5.4
2021-12-01,C_202007_P_F,2020-07-01,Prime,Fixed,0.03,0.25,3.9,7.0,4.9
2022-01-01,C_202007_P_F,2020-07-01,Prime,Fixed,0.0239,0.25,4.0,7.5,5.6
2022-02-01,C_202007_P_F,2020-07-01,Prime,Fixed,0.024,0.25,3.9,7.9,5.3
2022-03-01,C_202007_P_F,2020-07-01,Prime,Fixed,0.0269,0.5,3.7,8.5,5.9
2022-04-01,C_202007_P_F,2020-07-01,Prime,Fixed,0.026,0.5,3.7,8.3,5.8
2022-05-01,C_202007_P_F,2020-07-01,Prime,Fixed,0.0281,1.0,3.6,8.6,5.6
2022-06-01,C_202007_P_F,2020-07-01,Prime,Fixed,0.0252,1.75,3.6,9.1,5.4
2022-07-01,C_202007_P_F,2020-07-01,Prime,Fixed,0.0229,2.5,3.5,8.5,5.5
2022-08-01,C_202007_P_F,2020-07-01,Prime,Fixed,0.0244,2.5,3.6,8.3,5.4
2022-09-01,C_202007_P_F,2020-07-01,Prime,Fixed,0.0249,3.25,3.5,8.2,5.1
2022-10-01,C_202007_P_F,2020-07-01,Prime,Fixed,0.0237,3.25,3.6,7.7,5.0
2022-11-01,C_202007_P_F,2020-07-01,Prime,Fixed,0.0224,4.0,3.6,7.1,5.1
2022-12-01,C_202007_P_F,2020-07-01,Prime,Fixed,0.0229,4.5,3.5,6.5,4.9
2023-01-01,C_202007_P_F,2020-07-01,Prime,Fixed,0.0223,4.5,3.5,6.4,4.5
2023-02-01,C_202007_P_F,2020-07-01,Prime,Fixed,0.022,4.75,3.6,6.0,4.8
2023-03-01,C_202007_P_F,2020-07-01,Prime,Fixed,0.0197,5.0,3.5,5.0,4.6
2023-04-01,C_202007_P_F,2020-07-01,Prime,Fixed,0.0173,5.0,3.4,4.9,4.6
2023-05-01,C_202007_P_F,2020-07-01,Prime,Fixed,0.017,5.25,3.6,4.0,4.4
2023-06-01,C_202007_P_F,2020-07-01,Prime,Fixed,0.0183,5.25,3.6,3.0,4.7
2023-07-01,C_202007_P_F,2020-07-01,Prime,Fixed,0.0134,5.5,3.5,3.2,4.7
2020-08-01,C_202007_P_V,2020-07-01,Prime,Variable,0.0166,,,,
2020-09-01,C_202007_P_V,2020-07-01,Prime,Variable,0.0159,,,,
2020-10-01,C_202007_P_V,2020-07-01,Prime,Variable,0.0176,,,,
2020-11-01,C_202007_P_V,2020-07-01,Prime,Variable,0.021,,,,
2020-12-01,C_202007_P_V,2020-07-01,Prime,Variable,0.0196,,,,
2021-01-01,C_202007_P_V,2020-07-01,Prime,Variable,0.0201,0.25,6.4,1.4,5.3
2021-02-01,C_202007_P_V,2020-07-01,Prime,Variable,0.018,0.25,6.2,1.7,5.3
2021-03-01,C_202007_P_V,2020-07-01,Prime,Variable,0.0229,0.25,6.1,2.6,4.5
2021-04-01,C_202007_P_V,2020-07-01,Prime,Variable,0.0234,0.25,6.1,4.2,0.6
2021-05-01,C_202007_P_V,2020-07-01,Prime,Variable,0.027,0.25,5.8,5.0,2.3
2021-06-01,C_202007_P_V,2020-07-01,Prime,Variable,0.0226,0.25,5.9,5.4,3.9
2021-07-01,C_202007_P_V,2020-07-01,Prime,Variable,0.0241,0.25,5.4,5.4,4.3
2021-08-01,C_202007_P_V,2020-07-01,Prime,Variable,0.0246,0.25,5.1,5.3,4.4
2021-09-01,C_202007_P_V,2020-07-01,Prime,Variable,0.0276,0.25,4.7,5.4,5.0
2021-10-01,C_202007_P_V,2020-07-01,Prime,Variable,0.0245,0.25,4.5,6.2,5.4
2021-11-01,C_202007_P_V,2020-07-01,Prime,Variable,0.0254,0.25,4.1,6.8,5.4
2021-12-01,C_202007_P_V,2020-07-01,Prime,Variable,0.0262,0.25,3.9,7.0,4.9
2022-01-01,C_202007_P_V,2020-07-01,Prime,Variable,0.0254,0.25,4.0,7.5,5.6
2022-02-01,C_202007_P_V,2020-07-01,Prime,Variable,0.0241,0.25,3.9,7.9,5.3
2022-03-01,C_202007_P_V,2020-07-01,Prime,Variable,0.0252,0.5,3.7,8.5,5.9
2022-04-01,C_202007_P_V,2020-07-01,Prime,Variable,0.0268,0.5,3.7,8.3,5.8
2022-05-01,C_202007_P_V,2020-07-01,Prime,Variable,0.0223,1.0,3.6,8.6,5.6
2022-06-01,C_202007_P_V,2020-07-01,Prime,Variable,0.0543,1.75,3.6,9.1,5.4
2022-07-01,C_202007_P_V,2020-07-01,Prime,Variable,0.0523,2.5,3.5,8.5,5.5
2022-08-01,C_202007_P_V,2020-07-01,Prime,Variable,0.0556,2.5,3.6,8.3,5.4
2022-09-01,C_202007_P_V,2020-07-01,Prime,Variable,0.0496,3.25,3.5,8.2,5.1
2022-10-01,C_202007_P_V,2020-07-01,Prime,Variable,0.051,3.25,3.6,7.7,5.0
2022-11-01,C_202007_P_V,2020-07-01,Prime,Variable,0.0522,4.0,3.6,7.1,5.1
2022-12-01,C_202007_P_V,2020-07-01,Prime,Variable,0.0539,4.5,3.5,6.5,4.9
2023-01-01,C_202007_P_V,2020-07-01,Prime,Variable,0.0499,4.5,3.5,6.4,4.5
2023-02-01,C_202007_P_V,2020-07-01,Prime,Variable,0.0481,4.75,3.6,6.0,4.8
2023-03-01,C_202007_P_V,2020-07-01,Prime,Variable,0.0522,5.0,3.5,5.0,4.6
2023-04-01,C_202007_P_V,2020-07-01,Prime,Variable,0.0447,5.0,3.4,4.9,4.6
2023-05-01,C_202007_P_V,2020-07-01,Prime,Variable,0.0423,5.25,3.6,4.0,4.4
2023-06-01,C_202007_P_V,2020-07-01,Prime,Variable,0.0468,5.25,3.6,3.0,4.7
2023-07-01,C_202007_P_V,2020-07-01,Prime,Variable,0.044,5.5,3.5,3.2,4.7
2020-08-01,C_202007_S_F,2020-07-01,Subprime,Fixed,0.0438,,,,
2020-09-01,C_202007_S_F,2020-07-01,Subprime,Fixed,0.0482,,,,
2020-10-01,C_202007_S_F,2020-07-01,Subprime,Fixed,0.0481,,,,
2020-11-01,C_202007_S_F,2020-07-01,Subprime,Fixed,0.0473,,,,
2020-12-01,C_202007_S_F,2020-07-01,Subprime,Fixed,0.0467,,,,
2021-01-01,C_202007_S_F,2020-07-01,Subprime,Fixed,0.0517,0.25,6.4,1.4,5.3
2021-02-01,C_202007_S_F,2020-07-01,Subprime,Fixed,0.052,0.25,6.2,1.7,5.3
2021-03-01,C_202007_S_F,2020-07-01,Subprime,Fixed,0.0512,0.25,6.1,2.6,4.5
2021-04-01,C_202007_S_F,2020-07-01,Subprime,Fixed,0.0558,0.25,6.1,4.2,0.6
2021-05-01,C_202007_S_F,2020-07-01,Subprime,Fixed,0.0505,0.25,5.8,5.0,2.3
2021-06-01,C_202007_S_F,2020-07-01,Subprime,Fixed,0.0501,0.25,5.9,5.4,3.9
2021-07-01,C_202007_S_F,2020-07-01,Subprime,Fixed,0.0523,0.25,5.4,5.4,4.3
2021-08-01,C_202007_S_F,2020-07-01,Subprime,Fixed,0.054,0.25,5.1,5.3,4.4
2021-09-01,C_202007_S_F,2020-07-01,Subprime,Fixed,0.0549,0.25,4.7,5.4,5.0
2021-10-01,C_202007_S_F,2020-07-01,Subprime,Fixed,0.0542,0.25,4.5,6.2,5.4
2021-11-01,C_202007_S_F,2020-07-01,Subprime,Fixed,0.0556,0.25,4.1,6.8,5.4
2021-12-01,C_202007_S_F,2020-07-01,Subprime,Fixed,0.0525,0.25,3.9,7.0,4.9
2022-01-01,C_202007_S_F,2020-07-01,Subprime,Fixed,0.0579,0.25,4.0,7.5,5.6
2022-02-01,C_202007_S_F,2020-07-01,Subprime,Fixed,0.0548,0.25,3.9,7.9,5.3
2022-03-01,C_202007_S_F,2020-07-01,Subprime,Fixed,0.0571,0.5,3.7,8.5,5.9
2022-04-01,C_202007_S_F,2020-07-01,Subprime,Fixed,0.0553,0.5,3.7,8.3,5.8
2022-05-01,C_202007_S_F,2020-07-01,Subprime,Fixed,0.0553,1.0,3.6,8.6,5.6
2022-06-01,C_202007_S_F,2020-07-01,Subprime,Fixed,0.0552,1.75,3.6,9.1,5.4
2022-07-01,C_202007_S_F,2020-07-01,Subprime,Fixed,0.0546,2.5,3.5,8.5,5.5
2022-08-01,C_202007_S_F,2020-07-01,Subprime,Fixed,0.0545,2.5,3.6,8.3,5.4
2022-09-01,C_202007_S_F,2020-07-01,Subprime,Fixed,0.0553,3.25,3.5,8.2,5.1
2022-10-01,C_202007_S_F,2020-07-01,Subprime,Fixed,0.0525,3.25,3.6,7.7,5.0
2022-11-01,C_202007_S_F,2020-07-01,Subprime,Fixed,0.0528,4.0,3.6,7.1,5.1
2022-12-01,C_202007_S_F,2020-07-01,Subprime,Fixed,0.0506,4.5,3.5,6.5,4.9
2023-01-01,C_202007_S_F,2020-07-01,Subprime,Fixed,0.0529,4.5,3.5,6.4,4.5
2023-02-01,C_202007_S_F,2020-07-01,Subprime,Fixed,0.0479,4.75,3.6,6.0,4.8
2023-03-01,C_202007_S_F,2020-07-01,Subprime,Fixed,0.052,5.0,3.5,5.0,4.6
2023-04-01,C_202007_S_F,2020-07-01,Subprime,Fixed,0.0475,5.0,3.4,4.9,4.6
2023-05-01,C_202007_S_F,2020-07-01,Subprime,Fixed,0.0439,5.25,3.6,4.0,4.4
2023-06-01,C_202007_S_F,2020-07-01,Subprime,Fixed,0.0461,5.25,3.6,3.0,4.7
2023-07-01,C_202007_S_F,2020-07-01,Subprime,Fixed,0.0436,5.5,3.5,3.2,4.7
2020-08-01,C_202007_S_V,2020-07-01,Subprime,Variable,0.0476,,,,
2020-09-01,C_202007_S_V,2020-07-01,Subprime,Variable,0.0454,,,,
2020-10-01,C_202007_S_V,2020-07-01,Subprime,Variable,0.0467,,,,
2020-11-01,C_202007_S_V,2020-07-01,Subprime,Variable,0.0446,,,,
2020-12-01,C_202007_S_V,2020-07-01,Subprime,Variable,0.0483,,,,
2021-01-01,C_202007_S_V,2020-07-01,Subprime,Variable,0.0452,0.25,6.4,1.4,5.3
2021-02-01,C_202007_S_V,2020-07-01,Subprime,Variable,0.0476,0.25,6.2,1.7,5.3
2021-03-01,C_202007_S_V,2020-07-01,Subprime,Variable,0.0529,0.25,6.1,2.6,4.5
2021-04-01,C_202007_S_V,2020-07-01,Subprime,Variable,0.0536,0.25,6.1,4.2,0.6
2021-05-01,C_202007_S_V,2020-07-01,Subprime,Variable,0.0535,0.25,5.8,5.0,2.3
2021-06-01,C_202007_S_V,2020-07-01,Subprime,Variable,0.0513,0.25,5.9,5.4,3.9
2021-07-01,C_202007_S_V,2020-07-01,Subprime,Variable,0.0536,0.25,5.4,5.4,4.3
2021-08-01,C_202007_S_V,2020-07-01,Subprime,Variable,0.0541,0.25,5.1,5.3,4.4
2021-09-01,C_202007_S_V,2020-07-01,Subprime,Variable,0.0521,0.25,4.7,5.4,5.0
2021-10-01,C_202007_S_V,2020-07-01,Subprime,Variable,0.0577,0.25,4.5,6.2,5.4
2021-11-01,C_202007_S_V,2020-07-01,Subprime,Variable,0.0566,0.25,4.1,6.8,5.4
2021-12-01,C_202007_S_V,2020-07-01,Subprime,Variable,0.0545,0.25,3.9,7.0,4.9
2022-01-01,C_202007_S_V,2020-07-01,Subprime,Variable,0.0551,0.25,4.0,7.5,5.6
2022-02-01,C_202007_S_V,2020-07-01,Subprime,Variable,0.0554,0.25,3.9,7.9,5.3
2022-03-01,C_202007_S_V,2020-07-01,Subprime,Variable,0.0508,0.5,3.7,8.5,5.9
2022-04-01,C_202007_S_V,2020-07-01,Subprime,Variable,0.0542,0.5,3.7,8.3,5.8
2022-05-01,C_202007_S_V,2020-07-01,Subprime,Variable,0.053,1.0,3.6,8.6,5.6
2022-06-01,C_202007_S_V,2020-07-01,Subprime,Variable,0.0971,1.75,3.6,9.1,5.4
2022-07-01,C_202007_S_V,2020-07-01,Subprime,Variable,0.0981,2.5,3.5,8.5,5.5
2022-08-01,C_202007_S_V,2020-07-01,Subprime,Variable,0.1018,2.5,3.6,8.3,5.4
2022-09-01,C_202007_S_V,2020-07-01,Subprime,Variable,0.0989,3.25,3.5,8.2,5.1
2022-10-01,C_202007_S_V,2020-07-01,Subprime,Variable,0.0959,3.25,3.6,7.7,5.0
2022-11-01,C_202007_S_V,2020-07-01,Subprime,Variable,0.0976,4.0,3.6,7.1,5.1
2022-12-01,C_202007_S_V,2020-07-01,Subprime,Variable,0.0985,4.5,3.5,6.5,4.9
2023-01-01,C_202007_S_V,2020-07-01,Subprime,Variable,0.0968,4.5,3.5,6.4,4.5
2023-02-01,C_202007_S_V,2020-07-01,Subprime,Variable,0.0943,4.75,3.6,6.0,4.8
2023-03-01,C_202007_S_V,2020-07-01,Subprime,Variable,0.0921,5.0,3.5,5.0,4.6
2023-04-01,C_202007_S_V,2020-07-01,Subprime,Variable,0.094,5.0,3.4,4.9,4.6
2023-05-01,C_202007_S_V,2020-07-01,Subprime,Variable,0.0925,5.25,3.6,4.0,4.4
2023-06-01,C_202007_S_V,2020-07-01,Subprime,Variable,0.0927,5.25,3.6,3.0,4.7
2023-07-01,C_202007_S_V,2020-07-01,Subprime,Variable,0.0913,5.5,3.5,3.2,4.7
2020-09-01,C_202008_P_F,2020-08-01,Prime,Fixed,0.018,,,,
2020-10-01,C_202008_P_F,2020-08-01,Prime,Fixed,0.0157,,,,
2020-11-01,C_202008_P_F,2020-08-01,Prime,Fixed,0.0202,,,,
2020-12-01,C_202008_P_F,2020-08-01,Prime,Fixed,0.0188,,,,
2021-01-01,C_202008_P_F,2020-08-01,Prime,Fixed,0.0234,0.25,6.4,1.4,5.3
2021-02-01,C_202008_P_F,2020-08-01,Prime,Fixed,0.0186,0.25,6.2,1.7,5.3
2021-03-01,C_202008_P_F,2020-08-01,Prime,Fixed,0.0242,0.25,6.1,2.6,4.5
2021-04-01,C_202008_P_F,2020-08-01,Prime,Fixed,0.0218,0.25,6.1,4.2,0.6
2021-05-01,C_202008_P_F,2020-08-01,Prime,Fixed,0.0208,0.25,5.8,5.0,2.3
2021-06-01,C_202008_P_F,2020-08-01,Prime,Fixed,0.0217,0.25,5.9,5.4,3.9
2021-07-01,C_202008_P_F,2020-08-01,Prime,Fixed,0.0226,0.25,5.4,5.4,4.3
2021-08-01,C_202008_P_F,2020-08-01,Prime,Fixed,0.0245,0.25,5.1,5.3,4.4
2021-09-01,C_202008_P_F,2020-08-01,Prime,Fixed,0.0251,0.25,4.7,5.4,5.0
2021-10-01,C_202008_P_F,2020-08-01,Prime,Fixed,0.0232,0.25,4.5,6.2,5.4
2021-11-01,C_202008_P_F,2020-08-01,Prime,Fixed,0.0246,0.25,4.1,6.8,5.4
2021-12-01,C_202008_P_F,2020-08-01,Prime,Fixed,0.0291,0.25,3.9,7.0,4.9
2022-01-01,C_202008_P_F,2020-08-01,Prime,Fixed,0.0284,0.25,4.0,7.5,5.6
2022-02-01,C_202008_P_F,2020-08-01,Prime,Fixed,0.0259,0.25,3.9,7.9,5.3
2022-03-01,C_202008_P_F,2020-08-01,Prime,Fixed,0.025,0.5,3.7,8.5,5.9
2022-04-01,C_202008_P_F,2020-08-01,Prime,Fixed,0.0251,0.5,3.7,8.3,5.8
2022-05-01,C_202008_P_F,2020-08-01,Prime,Fixed,0.0259,1.0,3.6,8.6,5.6
2022-06-01,C_202008_P_F,2020-08-01,Prime,Fixed,0.0224,1.75,3.6,9.1,5.4
2022-07-01,C_202008_P_F,2020-08-01,Prime,Fixed,0.0235,2.5,3.5,8.5,5.5
2022-08-01,C_202008_P_F,2020-08-01,Prime,Fixed,0.0203,2.5,3.6,8.3,5.4
2022-09-01,C_202008_P_F,2020-08-01,Prime,Fixed,0.024,3.25,3.5,8.2,5.1
2022-10-01,C_202008_P_F,2020-08-01,Prime,Fixed,0.024,3.25,3.6,7.7,5.0
2022-11-01,C_202008_P_F,2020-08-01,Prime,Fixed,0.0211,4.0,3.6,7.1,5.1
2022-12-01,C_202008_P_F,2020-08-01,Prime,Fixed,0.0246,4.5,3.5,6.5,4.9
2023-01-01,C_202008_P_F,2020-08-01,Prime,Fixed,0.0183,4.5,3.5,6.4,4.5
2023-02-01,C_202008_P_F,2020-08-01,Prime,Fixed,0.0171,4.75,3.6,6.0,4.8
2023-03-01,C_202008_P_F,2020-08-01,Prime,Fixed,0.0197,5.0,3.5,5.0,4.6
2023-04-01,C_202008_P_F,2020-08-01,Prime,Fixed,0.0205,5.0,3.4,4.9,4.6
2023-05-01,C_202008_P_F,2020-08-01,Prime,Fixed,0.021,5.25,3.6,4.0,4.4
2023-06-01,C_202008_P_F,2020-08-01,Prime,Fixed,0.0158,5.25,3.6,3.0,4.7
2023-07-01,C_202008_P_F,2020-08-01,Prime,Fixed,0.018,5.5,3.5,3.2,4.7
2023-08-01,C_202008_P_F,2020-08-01,Prime,Fixed,0.0149,5.5,3.7,3.7,4.5
2020-09-01,C_202008_P_V,2020-08-01,Prime,Variable,0.0155,,,,
2020-10-01,C_202008_P_V,2020-08-01,Prime,Variable,0.0185,,,,
2020-11-01,C_202008_P_V,2020-08-01,Prime,Variable,0.0189,,,,
2020-12-01,C_202008_P_V,2020-08-01,Prime,Variable,0.0153,,,,
2021-01-01,C_202008_P_V,2020-08-01,Prime,Variable,0.0222,0.25,6.4,1.4,5.3
2021-02-01,C_202008_P_V,2020-08-01,Prime,Variable,0.0228,0.25,6.2,1.7,5.3
2021-03-01,C_202008_P_V,2020-08-01,Prime,Variable,0.0195,0.25,6.1,2.6,4.5
2021-04-01,C_202008_P_V,2020-08-01,Prime,Variable,0.0222,0.25,6.1,4.2,0.6
2021-05-01,C_202008_P_V,2020-08-01,Prime,Variable,0.0231,0.25,5.8,5.0,2.3
2021-06-01,C_202008_P_V,2020-08-01,Prime,Variable,0.0232,0.25,5.9,5.4,3.9
2021-07-01,C_202008_P_V,2020-08-01,Prime,Variable,0.0221,0.25,5.4,5.4,4.3
2021-08-01,C_202008_P_V,2020-08-01,Prime,Variable,0.0223,0.25,5.1,5.3,4.4
2021-09-01,C_202008_P_V,2020-08-01,Prime,Variable,0.024,0.25,4.7,5.4,5.0
2021-10-01,C_202008_P_V,2020-08-01,Prime,Variable,0.0267,0.25,4.5,6.2,5.4
2021-11-01,C_202008_P_V,2020-08-01,Prime,Variable,0.0257,0.25,4.1,6.8,5.4
2021-12-01,C_202008_P_V,2020-08-01,Prime,Variable,0.0241,0.25,3.9,7.0,4.9
2022-01-01,C_202008_P_V,2020-08-01,Prime,Variable,0.0265,0.25,4.0,7.5,5.6
2022-02-01,C_202008_P_V,2020-08-01,Prime,Variable,0.0193,0.25,3.9,7.9,5.3
2022-03-01,C_202008_P_V,2020-08-01,Prime,Variable,0.0273,0.5,3.7,8.5,5.9
2022-04-01,C_202008_P_V,2020-08-01,Prime,Variable,0.0214,0.5,3.7,8.3,5.8
2022-05-01,C_202008_P_V,2020-08-01,Prime,Variable,0.0239,1.0,3.6,8.6,5.6
2022-06-01,C_202008_P_V,2020-08-01,Prime,Variable,0.0522,1.75,3.6,9.1,5.4
2022-07-01,C_202008_P_V,2020-08-01,Prime,Variable,0.0515,2.5,3.5,8.5,5.5
2022-08-01,C_202008_P_V,2020-08-01,Prime,Variable,0.056,2.5,3.6,8.3,5.4
2022-09-01,C_202008_P_V,2020-08-01,Prime,Variable,0.0523,3.25,3.5,8.2,5.1
2022-10-01,C_202008_P_V,2020-08-01,Prime,Variable,0.0534,3.25,3.6,7.7,5.0
2022-11-01,C_202008_P_V,2020-08-01,Prime,Variable,0.052,4.0,3.6,7.1,5.1
2022-12-01,C_202008_P_V,2020-08-01,Prime,Variable,0.0524,4.5,3.5,6.5,4.9
2023-01-01,C_202008_P_V,2020-08-01,Prime,Variable,0.0509,4.5,3.5,6.4,4.5
2023-02-01,C_202008_P_V,2020-08-01,Prime,Variable,0.0474,4.75,3.6,6.0,4.8
2023-03-01,C_202008_P_V,2020-08-01,Prime,Variable,0.0512,5.0,3.5,5.0,4.6
2023-04-01,C_202008_P_V,2020-08-01,Prime,Variable,0.0474,5.0,3.4,4.9,4.6
2023-05-01,C_202008_P_V,2020-08-01,Prime,Variable,0.0445,5.25,3.6,4.0,4.4
2023-06-01,C_202008_P_V,2020-08-01,Prime,Variable,0.0459,5.25,3.6,3.0,4.7
2023-07-01,C_202008_P_V,2020-08-01,Prime,Variable,0.0489,5.5,3.5,3.2,4.7
2023-08-01,C_202008_P_V,2020-08-01,Prime,Variable,0.0467,5.5,3.7,3.7,4.5
2020-09-01,C_202008_S_F,2020-08-01,Subprime,Fixed,0.0452,,,,
2020-10-01,C_202008_S_F,2020-08-01,Subprime,Fixed,0.046,,,,
2020-11-01,C_202008_S_F,2020-08-01,Subprime,Fixed,0.0469,,,,
2020-12-01,C_202008_S_F,2020-08-01,Subprime,Fixed,0.0526,,,,
2021-01-01,C_202008_S_F,2020-08-01,Subprime,Fixed,0.05,0.25,6.4,1.4,5.3
2021-02-01,C_202008_S_F,2020-08-01,Subprime,Fixed,0.0509,0.25,6.2,1.7,5.3
2021-03-01,C_202008_S_F,2020-08-01,Subprime,Fixed,0.0528,0.25,6.1,2.6,4.5
2021-04-01,C_202008_S_F,2020-08-01,Subprime,Fixed,0.0519,0.25,6.1,4.2,0.6
2021-05-01,C_202008_S_F,2020-08-01,Subprime,Fixed,0.0516,0.25,5.8,5.0,2.3
2021-06-01,C_202008_S_F,2020-08-01,Subprime,Fixed,0.0523,0.25,5.9,5.4,3.9
2021-07-01,C_202008_S_F,2020-08-01,Subprime,Fixed,0.053,0.25,5.4,5.4,4.3
2021-08-01,C_202008_S_F,2020-08-01,Subprime,Fixed,0.0536,0.25,5.1,5.3,4.4
2021-09-01,C_202008_S_F,2020-08-01,Subprime,Fixed,0.0555,0.25,4.7,5.4,5.0
2021-10-01,C_202008_S_F,2020-08-01,Subprime,Fixed,0.0545,0.25,4.5,6.2,5.4
2021-11-01,C_202008_S_F,2020-08-01,Subprime,Fixed,0.0561,0.25,4.1,6.8,5.4
2021-12-01,C_202008_S_F,2020-08-01,Subprime,Fixed,0.0547,0.25,3.9,7.0,4.9
2022-01-01,C_202008_S_F,2020-08-01,Subprime,Fixed,0.0551,0.25,4.0,7.5,5.6
2022-02-01,C_202008_S_F,2020-08-01,Subprime,Fixed,0.051,0.25,3.9,7.9,5.3
2022-03-01,C_202008_S_F,2020-08-01,Subprime,Fixed,0.0568,0.5,3.7,8.5,5.9
2022-04-01,C_202008_S_F,2020-08-01,Subprime,Fixed,0.0555,0.5,3.7,8.3,5.8
2022-05-01,C_202008_S_F,2020-08-01,Subprime,Fixed,0.0567,1.0,3.6,8.6,5.6
2022-06-01,C_202008_S_F,2020-08-01,Subprime,Fixed,0.0486,1.75,3.6,9.1,5.4
2022-07-01,C_202008_S_F,2020-08-01,Subprime,Fixed,0.0582,2.5,3.5,8.5,5.5
2022-08-01,C_202008_S_F,2020-08-01,Subprime,Fixed,0.0534,2.5,3.6,8.3,5.4
2022-09-01,C_202008_S_F,2020-08-01,Subprime,Fixed,0.0554,3.25,3.5,8.2,5.1
2022-10-01,C_202008_S_F,2020-08-01,Subprime,Fixed,0.0506,3.25,3.6,7.7,5.0
2022-11-01,C_202008_S_F,2020-08-01,Subprime,Fixed,0.0533,4.0,3.6,7.1,5.1
2022-12-01,C_202008_S_F,2020-08-01,Subprime,Fixed,0.0493,4.5,3.5,6.5,4.9
2023-01-01,C_202008_S_F,2020-08-01,Subprime,Fixed,0.0495,4.5,3.5,6.4,4.5
2023-02-01,C_202008_S_F,2020-08-01,Subprime,Fixed,0.0538,4.75,3.6,6.0,4.8
2023-03-01,C_202008_S_F,2020-08-01,Subprime,Fixed,0.0488,5.0,3.5,5.0,4.6
2023-04-01,C_202008_S_F,2020-08-01,Subprime,Fixed,0.0489,5.0,3.4,4.9,4.6
2023-05-01,C_202008_S_F,2020-08-01,Subprime,Fixed,0.0493,5.25,3.6,4.0,4.4
2023-06-01,C_202008_S_F,2020-08-01,Subprime,Fixed,0.0477,5.25,3.6,3.0,4.7
2023-07-01,C_202008_S_F,2020-08-01,Subprime,Fixed,0.0462,5.5,3.5,3.2,4.7
2023-08-01,C_202008_S_F,2020-08-01,Subprime,Fixed,0.0457,5.5,3.7,3.7,4.5
2020-09-01,C_202008_S_V,2020-08-01,Subprime,Variable,0.0507,,,,
2020-10-01,C_202008_S_V,2020-08-01,Subprime,Variable,0.0466,,,,
2020-11-01,C_202008_S_V,2020-08-01,Subprime,Variable,0.048,,,,
2020-12-01,C_202008_S_V,2020-08-01,Subprime,Variable,0.0505,,,,
2021-01-01,C_202008_S_V,2020-08-01,Subprime,Variable,0.0514,0.25,6.4,1.4,5.3
2021-02-01,C_202008_S_V,2020-08-01,Subprime,Variable,0.0524,0.25,6.2,1.7,5.3
2021-03-01,C_202008_S_V,2020-08-01,Subprime,Variable,0.052,0.25,6.1,2.6,4.5
2021-04-01,C_202008_S_V,2020-08-01,Subprime,Variable,0.0491,0.25,6.1,4.2,0.6
2021-05-01,C_202008_S_V,2020-08-01,Subprime,Variable,0.0553,0.25,5.8,5.0,2.3
2021-06-01,C_202008_S_V,2020-08-01,Subprime,Variable,0.0504,0.25,5.9,5.4,3.9
2021-07-01,C_202008_S_V,2020-08-01,Subprime,Variable,0.0538,0.25,5.4,5.4,4.3
2021-08-01,C_202008_S_V,2020-08-01,Subprime,Variable,0.0522,0.25,5.1,5.3,4.4
2021-09-01,C_202008_S_V,2020-08-01,Subprime,Variable,0.0539,0.25,4.7,5.4,5.0
2021-10-01,C_202008_S_V,2020-08-01,Subprime,Variable,0.0551,0.25,4.5,6.2,5.4
2021-11-01,C_202008_S_V,2020-08-01,Subprime,Variable,0.0553,0.25,4.1,6.8,5.4
2021-12-01,C_202008_S_V,2020-08-01,Subprime,Variable,0.0557,0.25,3.9,7.0,4.9
2022-01-01,C_202008_S_V,2020-08-01,Subprime,Variable,0.0582,0.25,4.0,7.5,5.6
2022-02-01,C_202008_S_V,2020-08-01,Subprime,Variable,0.0559,0.25,3.9,7.9,5.3
2022-03-01,C_202008_S_V,2020-08-01,Subprime,Variable,0.0545,0.5,3.7,8.5,5.9
2022-04-01,C_202008_S_V,2020-08-01,Subprime,Variable,0.0568,0.5,3.7,8.3,5.8
2022-05-01,C_202008_S_V,2020-08-01,Subprime,Variable,0.057,1.0,3.6,8.6,5.6
2022-06-01,C_202008_S_V,2020-08-01,Subprime,Variable,0.0969,1.75,3.6,9.1,5.4
2022-07-01,C_202008_S_V,2020-08-01,Subprime,Variable,0.1003,2.5,3.5,8.5,5.5
2022-08-01,C_202008_S_V,2020-08-01,Subprime,Variable,0.1001,2.5,3.6,8.3,5.4
2022-09-01,C_202008_S_V,2020-08-01,Subprime,Variable,0.0976,3.25,3.5,8.2,5.1
2022-10-01,C_202008_S_V,2020-08-01,Subprime,Variable,0.1004,3.25,3.6,7.7,5.0
2022-11-01,C_202008_S_V,2020-08-01,Subprime,Variable,0.0968,4.0,3.6,7.1,5.1
2022-12-01,C_202008_S_V,2020-08-01,Subprime,Variable,0.0967,4.5,3.5,6.5,4.9
2023-01-01,C_202008_S_V,2020-08-01,Subprime,Variable,0.0954,4.5,3.5,6.4,4.5
2023-02-01,C_202008_S_V,2020-08-01,Subprime,Variable,0.095,4.75,3.6,6.0,4.8
2023-03-01,C_202008_S_V,2020-08-01,Subprime,Variable,0.092,5.0,3.5,5.0,4.6
2023-04-01,C_202008_S_V,2020-08-01,Subprime,Variable,0.0905,5.0,3.4,4.9,4.6
2023-05-01,C_202008_S_V,2020-08-01,Subprime,Variable,0.0958,5.25,3.6,4.0,4.4
2023-06-01,C_202008_S_V,2020-08-01,Subprime,Variable,0.09,5.25,3.6,3.0,4.7
2023-07-01,C_202008_S_V,2020-08-01,Subprime,Variable,0.0889,5.5,3.5,3.2,4.7
2023-08-01,C_202008_S_V,2020-08-01,Subprime,Variable,0.0857,5.5,3.7,3.7,4.5
2020-10-01,C_202009_P_F,2020-09-01,Prime,Fixed,0.0146,,,,
2020-11-01,C_202009_P_F,2020-09-01,Prime,Fixed,0.0141,,,,
2020-12-01,C_202009_P_F,2020-09-01,Prime,Fixed,0.0209,,,,
2021-01-01,C_202009_P_F,2020-09-01,Prime,Fixed,0.0204,0.25,6.4,1.4,5.3
2021-02-01,C_202009_P_F,2020-09-01,Prime,Fixed,0.0178,0.25,6.2,1.7,5.3
2021-03-01,C_202009_P_F,2020-09-01,Prime,Fixed,0.0245,0.25,6.1,2.6,4.5
2021-04-01,C_202009_P_F,2020-09-01,Prime,Fixed,0.0227,0.25,6.1,4.2,0.6
2021-05-01,C_202009_P_F,2020-09-01,Prime,Fixed,0.0208,0.25,5.8,5.0,2.3
2021-06-01,C_202009_P_F,2020-09-01,Prime,Fixed,0.0171,0.25,5.9,5.4,3.9
2021-07-01,C_202009_P_F,2020-09-01,Prime,Fixed,0.0272,0.25,5.4,5.4,4.3
2021-08-01,C_202009_P_F,2020-09-01,Prime,Fixed,0.0204,0.25,5.1,5.3,4.4
2021-09-01,C_202009_P_F,2020-09-01,Prime,Fixed,0.0204,0.25,4.7,5.4,5.0
2021-10-01,C_202009_P_F,2020-09-01,Prime,Fixed,0.0261,0.25,4.5,6.2,5.4
2021-11-01,C_202009_P_F,2020-09-01,Prime,Fixed,0.0293,0.25,4.1,6.8,5.4
2021-12-01,C_202009_P_F,2020-09-01,Prime,Fixed,0.0274,0.25,3.9,7.0,4.9
2022-01-01,C_202009_P_F,2020-09-01,Prime,Fixed,0.026,0.25,4.0,7.5,5.6
2022-02-01,C_202009_P_F,2020-09-01,Prime,Fixed,0.0262,0.25,3.9,7.9,5.3
2022-03-01,C_202009_P_F,2020-09-01,Prime,Fixed,0.0267,0.5,3.7,8.5,5.9
2022-04-01,C_202009_P_F,2020-09-01,Prime,Fixed,0.0265,0.5,3.7,8.3,5.8
2022-05-01,C_202009_P_F,2020-09-01,Prime,Fixed,0.0254,1.0,3.6,8.6,5.6
2022-06-01,C_202009_P_F,2020-09-01,Prime,Fixed,0.0249,1.75,3.6,9.1,5.4
2022-07-01,C_202009_P_F,2020-09-01,Prime,Fixed,0.0243,2.5,3.5,8.5,5.5
2022-08-01,C_202009_P_F,2020-09-01,Prime,Fixed,0.0226,2.5,3.6,8.3,5.4
2022-09-01,C_202009_P_F,2020-09-01,Prime,Fixed,0.0231,3.25,3.5,8.2,5.1
2022-10-01,C_202009_P_F,2020-09-01,Prime,Fixed,0.0198,3.25,3.6,7.7,5.0
2022-11-01,C_202009_P_F,2020-09-01,Prime,Fixed,0.0225,4.0,3.6,7.1,5.1
2022-12-01,C_202009_P_F,2020-09-01,Prime,Fixed,0.0201,4.5,3.5,6.5,4.9
2023-01-01,C_202009_P_F,2020-09-01,Prime,Fixed,0.0192,4.5,3.5,6.4,4.5
2023-02-01,C_202009_P_F,2020-09-01,Prime,Fixed,0.0211,4.75,3.6,6.0,4.8
2023-03-01,C_202009_P_F,2020-09-01,Prime,Fixed,0.0228,5.0,3.5,5.0,4.6
2023-04-01,C_202009_P_F,2020-09-01,Prime,Fixed,0.0211,5.0,3.4,4.9,4.6
2023-05-01,C_202009_P_F,2020-09-01,Prime,Fixed,0.0153,5.25,3.6,4.0,4.4
2023-06-01,C_202009_P_F,2020-09-01,Prime,Fixed,0.0156,5.25,3.6,3.0,4.7
2023-07-01,C_202009_P_F,2020-09-01,Prime,Fixed,0.0186,5.5,3.5,3.2,4.7
2023-08-01,C_202009_P_F,2020-09-01,Prime,Fixed,0.0139,5.5,3.7,3.7,4.5
2023-09-01,C_202009_P_F,2020-09-01,Prime,Fixed,0.0146,5.5,3.7,3.7,4.4
2020-10-01,C_202009_P_V,2020-09-01,Prime,Variable,0.017,,,,
2020-11-01,C_202009_P_V,2020-09-01,Prime,Variable,0.0148,,,,
2020-12-01,C_202009_P_V,2020-09-01,Prime,Variable,0.0178,,,,
2021-01-01,C_202009_P_V,2020-09-01,Prime,Variable,0.0158,0.25,6.4,1.4,5.3
2021-02-01,C_202009_P_V,2020-09-01,Prime,Variable,0.018,0.25,6.2,1.7,5.3
2021-03-01,C_202009_P_V,2020-09-01,Prime,Variable,0.0206,0.25,6.1,2.6,4.5
2021-04-01,C_202009_P_V,2020-09-01,Prime,Variable,0.0175,0.25,6.1,4.2,0.6
2021-05-01,C_202009_P_V,2020-09-01,Prime,Variable,0.0223,0.25,5.8,5.0,2.3
2021-06-01,C_202009_P_V,2020-09-01,Prime,Variable,0.022,0.25,5.9,5.4,3.9
2021-07-01,C_202009_P_V,2020-09-01,Prime,Variable,0.0238,0.25,5.4,5.4,4.3
2021-08-01,C_202009_P_V,2020-09-01,Prime,Variable,0.0236,0.25,5.1,5.3,4.4
2021-09-01,C_202009_P_V,2020-09-01,Prime,Variable,0.0264,0.25,4.7,5.4,5.0
2021-10-01,C_202009_P_V,2020-09-01,Prime,Variable,0.0243,0.25,4.5,6.2,5.4
2021-11-01,C_202009_P_V,2020-09-01,Prime,Variable,0.0235,0.25,4.1,6.8,5.4
2021-12-01,C_202009_P_V,2020-09-01,Prime,Variable,0.0249,0.25,3.9,7.0,4.9
2022-01-01,C_202009_P_V,2020-09-01,Prime,Variable,0.0259,0.25,4.0,7.5,5.6
2022-02-01,C_202009_P_V,2020-09-01,Prime,Variable,0.0251,0.25,3.9,7.9,5.3
2022-03-01,C_202009_P_V,2020-09-01,Prime,Variable,0.0251,0.5,3.7,8.5,5.9
2022-04-01,C_202009_P_V,2020-09-01,Prime,Variable,0.0236,0.5,3.7,8.3,5.8
2022-05-01,C_202009_P_V,2020-09-01,Prime,Variable,0.0235,1.0,3.6,8.6,5.6
2022-06-01,C_202009_P_V,2020-09-01,Prime,Variable,0.0519,1.75,3.6,9.1,5.4
2022-07-01,C_202009_P_V,2020-09-01,Prime,Variable,0.0579,2.5,3.5,8.5,5.5
2022-08-01,C_202009_P_V,2020-09-01,Prime,Variable,0.0516,2.5,3.6,8.3,5.4
2022-09-01,C_202009_P_V,2020-09-01,Prime,Variable,0.0523,3.25,3.5,8.2,5.1
2022-10-01,C_202009_P_V,2020-09-01,Prime,Variable,0.0518,3.25,3.6,7.7,5.0
2022-11-01,C_202009_P_V,2020-09-01,Prime,Variable,0.0545,4.0,3.6,7.1,5.1
2022-12-01,C_202009_P_V,2020-09-01,Prime,Variable,0.0515,4.5,3.5,6.5,4.9
2023-01-01,C_202009_P_V,2020-09-01,Prime,Variable,0.0539,4.5,3.5,6.4,4.5
2023-02-01,C_202009_P_V,2020-09-01,Prime,Variable,0.0494,4.75,3.6,6.0,4.8
2023-03-01,C_202009_P_V,2020-09-01,Prime,Variable,0.0506,5.0,3.5,5.0,4.6
2023-04-01,C_202009_P_V,2020-09-01,Prime,Variable,0.0476,5.0,3.4,4.9,4.6
2023-05-01,C_202009_P_V,2020-09-01,Prime,Variable,0.0527,5.25,3.6,4.0,4.4
2023-06-01,C_202009_P_V,2020-09-01,Prime,Variable,0.0452,5.25,3.6,3.0,4.7
2023-07-01,C_202009_P_V,2020-09-01,Prime,Variable,0.0474,5.5,3.5,3.2,4.7
2023-08-01,C_202009_P_V,2020-09-01,Prime,Variable,0.0471,5.5,3.7,3.7,4.5
2023-09-01,C_202009_P_V,2020-09-01,Prime,Variable,0.0458,5.5,3.7,3.7,4.4
2020-10-01,C_202009_S_F,2020-09-01,Subprime,Fixed,0.0455,,,,
2020-11-01,C_202009_S_F,2020-09-01,Subprime,Fixed,0.0465,,,,
2020-12-01,C_202009_S_F,2020-09-01,Subprime,Fixed,0.0477,,,,
2021-01-01,C_202009_S_F,2020-09-01,Subprime,Fixed,0.0481,0.25,6.4,1.4,5.3
2021-02-01,C_202009_S_F,2020-09-01,Subprime,Fixed,0.0512,0.25,6.2,1.7,5.3
2021-03-01,C_202009_S_F,2020-09-01,Subprime,Fixed,0.0544,0.25,6.1,2.6,4.5
2021-04-01,C_202009_S_F,2020-09-01,Subprime,Fixed,0.0496,0.25,6.1,4.2,0.6
2021-05-01,C_202009_S_F,2020-09-01,Subprime,Fixed,0.0487,0.25,5.8,5.0,2.3
2021-06-01,C_202009_S_F,2020-09-01,Subprime,Fixed,0.0519,0.25,5.9,5.4,3.9
2021-07-01,C_202009_S_F,2020-09-01,Subprime,Fixed,0.0578,0.25,5.4,5.4,4.3
2021-08-01,C_202009_S_F,2020-09-01,Subprime,Fixed,0.0516,0.25,5.1,5.3,4.4
2021-09-01,C_202009_S_F,2020-09-01,Subprime,Fixed,0.0569,0.25,4.7,5.4,5.0
2021-10-01,C_202009_S_F,2020-09-01,Subprime,Fixed,0.0574,0.25,4.5,6.2,5.4
2021-11-01,C_202009_S_F,2020-09-01,Subprime,Fixed,0.0533,0.25,4.1,6.8,5.4
2021-12-01,C_202009_S_F,2020-09-01,Subprime,Fixed,0.0558,0.25,3.9,7.0,4.9
2022-01-01,C_202009_S_F,2020-09-01,Subprime,Fixed,0.0581,0.25,4.0,7.5,5.6
2022-02-01,C_202009_S_F,2020-09-01,Subprime,Fixed,0.0542,0.25,3.9,7.9,5.3
2022-03-01,C_202009_S_F,2020-09-01,Subprime,Fixed,0.0546,0.5,3.7,8.5,5.9
2022-04-01,C_202009_S_F,2020-09-01,Subprime,Fixed,0.0538,0.5,3.7,8.3,5.8
2022-05-01,C_202009_S_F,2020-09-01,Subprime,Fixed,0.0528,1.0,3.6,8.6,5.6
2022-06-01,C_202009_S_F,2020-09-01,Subprime,Fixed,0.0534,1.75,3.6,9.1,5.4
2022-07-01,C_202009_S_F,2020-09-01,Subprime,Fixed,0.0519,2.5,3.5,8.5,5.5
2022-08-01,C_202009_S_F,2020-09-01,Subprime,Fixed,0.0541,2.5,3.6,8.3,5.4
2022-09-01,C_202009_S_F,2020-09-01,Subprime,Fixed,0.0521,3.25,3.5,8.2,5.1
2022-10-01,C_202009_S_F,2020-09-01,Subprime,Fixed,0.0537,3.25,3.6,7.7,5.0
2022-11-01,C_202009_S_F,2020-09-01,Subprime,Fixed,0.0495,4.0,3.6,7.1,5.1
2022-12-01,C_202009_S_F,2020-09-01,Subprime,Fixed,0.0527,4.5,3.5,6.5,4.9
2023-01-01,C_202009_S_F,2020-09-01,Subprime,Fixed,0.0531,4.5,3.5,6.4,4.5
2023-02-01,C_202009_S_F,2020-09-01,Subprime,Fixed,0.0467,4.75,3.6,6.0,4.8
2023-03-01,C_202009_S_F,2020-09-01,Subprime,Fixed,0.0507,5.0,3.5,5.0,4.6
2023-04-01,C_202009_S_F,2020-09-01,Subprime,Fixed,0.0517,5.0,3.4,4.9,4.6
2023-05-01,C_202009_S_F,2020-09-01,Subprime,Fixed,0.046,5.25,3.6,4.0,4.4
2023-06-01,C_202009_S_F,2020-09-01,Subprime,Fixed,0.0509,5.25,3.6,3.0,4.7
2023-07-01,C_202009_S_F,2020-09-01,Subprime,Fixed,0.0476,5.5,3.5,3.2,4.7
2023-08-01,C_202009_S_F,2020-09-01,Subprime,Fixed,0.0445,5.5,3.7,3.7,4.5
2023-09-01,C_202009_S_F,2020-09-01,Subprime,Fixed,0.0449,5.5,3.7,3.7,4.4
2020-10-01,C_202009_S_V,2020-09-01,Subprime,Variable,0.047,,,,
2020-11-01,C_202009_S_V,2020-09-01,Subprime,Variable,0.0469,,,,
2020-12-01,C_202009_S_V,2020-09-01,Subprime,Variable,0.0487,,,,
2021-01-01,C_202009_S_V,2020-09-01,Subprime,Variable,0.0466,0.25,6.4,1.4,5.3
2021-02-01,C_202009_S_V,2020-09-01,Subprime,Variable,0.0496,0.25,6.2,1.7,5.3
2021-03-01,C_202009_S_V,2020-09-01,Subprime,Variable,0.0472,0.25,6.1,2.6,4.5
2021-04-01,C_202009_S_V,2020-09-01,Subprime,Variable,0.0505,0.25,6.1,4.2,0.6
2021-05-01,C_202009_S_V,2020-09-01,Subprime,Variable,0.0496,0.25,5.8,5.0,2.3
2021-06-01,C_202009_S_V,2020-09-01,Subprime,Variable,0.0506,0.25,5.9,5.4,3.9
2021-07-01,C_202009_S_V,2020-09-01,Subprime,Variable,0.0551,0.25,5.4,5.4,4.3
2021-08-01,C_202009_S_V,2020-09-01,Subprime,Variable,0.0554,0.25,5.1,5.3,4.4
2021-09-01,C_202009_S_V,2020-09-01,Subprime,Variable,0.0549,0.25,4.7,5.4,5.0
2021-10-01,C_202009_S_V,2020-09-01,Subprime,Variable,0.0519,0.25,4.5,6.2,5.4
2021-11-01,C_202009_S_V,2020-09-01,Subprime,Variable,0.0538,0.25,4.1,6.8,5.4
2021-12-01,C_202009_S_V,2020-09-01,Subprime,Variable,0.0571,0.25,3.9,7.0,4.9
2022-01-01,C_202009_S_V,2020-09-01,Subprime,Variable,0.0551,0.25,4.0,7.5,5.6
2022-02-01,C_202009_S_V,2020-09-01,Subprime,Variable,0.0596,0.25,3.9,7.9,5.3
2022-03-01,C_202009_S_V,2020-09-01,Subprime,Variable,0.0558,0.5,3.7,8.5,5.9
2022-04-01,C_202009_S_V,2020-09-01,Subprime,Variable,0.0553,0.5,3.7,8.3,5.8
2022-05-01,C_202009_S_V,2020-09-01,Subprime,Variable,0.0542,1.0,3.6,8.6,5.6
2022-06-01,C_202009_S_V,2020-09-01,Subprime,Variable,0.0999,1.75,3.6,9.1,5.4
2022-07-01,C_202009_S_V,2020-09-01,Subprime,Variable,0.0991,2.5,3.5,8.5,5.5
2022-08-01,C_202009_S_V,2020-09-01,Subprime,Variable,0.1005,2.5,3.6,8.3,5.4
2022-09-01,C_202009_S_V,2020-09-01,Subprime,Variable,0.1006,3.25,3.5,8.2,5.1
2022-10-01,C_202009_S_V,2020-09-01,Subprime,Variable,0.0966,3.25,3.6,7.7,5.0
2022-11-01,C_202009_S_V,2020-09-01,Subprime,Variable,0.095,4.0,3.6,7.1,5.1
2022-12-01,C_202009_S_V,2020-09-01,Subprime,Variable,0.0934,4.5,3.5,6.5,4.9
2023-01-01,C_202009_S_V,2020-09-01,Subprime,Variable,0.0974,4.5,3.5,6.4,4.5
2023-02-01,C_202009_S_V,2020-09-01,Subprime,Variable,0.0935,4.75,3.6,6.0,4.8
2023-03-01,C_202009_S_V,2020-09-01,Subprime,Variable,0.0907,5.0,3.5,5.0,4.6
2023-04-01,C_202009_S_V,2020-09-01,Subprime,Variable,0.095,5.0,3.4,4.9,4.6
2023-05-01,C_202009_S_V,2020-09-01,Subprime,Variable,0.0984,5.25,3.6,4.0,4.4
2023-06-01,C_202009_S_V,2020-09-01,Subprime,Variable,0.0926,5.25,3.6,3.0,4.7
2023-07-01,C_202009_S_V,2020-09-01,Subprime,Variable,0.0934,5.5,3.5,3.2,4.7
2023-08-01,C_202009_S_V,2020-09-01,Subprime,Variable,0.091,5.5,3.7,3.7,4.5
2023-09-01,C_202009_S_V,2020-09-01,Subprime,Variable,0.0898,5.5,3.7,3.7,4.4
2020-11-01,C_202010_P_F,2020-10-01,Prime,Fixed,0.0177,,,,
2020-12-01,C_202010_P_F,2020-10-01,Prime,Fixed,0.0162,,,,
2021-01-01,C_202010_P_F,2020-10-01,Prime,Fixed,0.0181,0.25,6.4,1.4,5.3
2021-02-01,C_202010_P_F,2020-10-01,Prime,Fixed,0.0191,0.25,6.2,1.7,5.3
2021-03-01,C_202010_P_F,2020-10-01,Prime,Fixed,0.0179,0.25,6.1,2.6,4.5
2021-04-01,C_202010_P_F,2020-10-01,Prime,Fixed,0.022,0.25,6.1,4.2,0.6
2021-05-01,C_202010_P_F,2020-10-01,Prime,Fixed,0.0204,0.25,5.8,5.0,2.3
2021-06-01,C_202010_P_F,2020-10-01,Prime,Fixed,0.0199,0.25,5.9,5.4,3.9
2021-07-01,C_202010_P_F,2020-10-01,Prime,Fixed,0.0231,0.25,5.4,5.4,4.3
2021-08-01,C_202010_P_F,2020-10-01,Prime,Fixed,0.0209,0.25,5.1,5.3,4.4
2021-09-01,C_202010_P_F,2020-10-01,Prime,Fixed,0.0232,0.25,4.7,5.4,5.0
2021-10-01,C_202010_P_F,2020-10-01,Prime,Fixed,0.0236,0.25,4.5,6.2,5.4
2021-11-01,C_202010_P_F,2020-10-01,Prime,Fixed,0.0262,0.25,4.1,6.8,5.4
2021-12-01,C_202010_P_F,2020-10-01,Prime,Fixed,0.0253,0.25,3.9,7.0,4.9
2022-01-01,C_202010_P_F,2020-10-01,Prime,Fixed,0.0246,0.25,4.0,7.5,5.6
2022-02-01,C_202010_P_F,2020-10-01,Prime,Fixed,0.0265,0.25,3.9,7.9,5.3
2022-03-01,C_202010_P_F,2020-10-01,Prime,Fixed,0.0277,0.5,3.7,8.5,5.9
2022-04-01,C_202010_P_F,2020-10-01,Prime,Fixed,0.0261,0.5,3.7,8.3,5.8
2022-05-01,C_202010_P_F,2020-10-01,Prime,Fixed,0.025,1.0,3.6,8.6,5.6
2022-06-01,C_202010_P_F,2020-10-01,Prime,Fixed,0.0222,1.75,3.6,9.1,5.4
2022-07-01,C_202010_P_F,2020-10-01,Prime,Fixed,0.0225,2.5,3.5,8.5,5.5
2022-08-01,C_202010_P_F,2020-10-01,Prime,Fixed,0.0238,2.5,3.6,8.3,5.4
2022-09-01,C_202010_P_F,2020-10-01,Prime,Fixed,0.0228,3.25,3.5,8.2,5.1
2022-10-01,C_202010_P_F,2020-10-01,Prime,Fixed,0.0233,3.25,3.6,7.7,5.0
2022-11-01,C_202010_P_F,2020-10-01,Prime,Fixed,0.0233,4.0,3.6,7.1,5.1
2022-12-01,C_202010_P_F,2020-10-01,Prime,Fixed,0.0237,4.5,3.5,6.5,4.9
2023-01-01,C_202010_P_F,2020-10-01,Prime,Fixed,0.0219,4.5,3.5,6.4,4.5
2023-02-01,C_202010_P_F,2020-10-01,Prime,Fixed,0.0224,4.75,3.6,6.0,4.8
2023-03-01,C_202010_P_F,2020-10-01,Prime,Fixed,0.0209,5.0,3.5,5.0,4.6
2023-04-01,C_202010_P_F,2020-10-01,Prime,Fixed,0.016,5.0,3.4,4.9,4.6
2023-05-01,C_202010_P_F,2020-10-01,Prime,Fixed,0.0173,5.25,3.6,4.0,4.4
2023-06-01,C_202010_P_F,2020-10-01,Prime,Fixed,0.0181,5.25,3.6,3.0,4.7
2023-07-01,C_202010_P_F,2020-10-01,Prime,Fixed,0.0152,5.5,3.5,3.2,4.7
2023-08-01,C_202010_P_F,2020-10-01,Prime,Fixed,0.0179,5.5,3.7,3.7,4.5
2023-09-01,C_202010_P_F,2020-10-01,Prime,Fixed,0.0189,5.5,3.7,3.7,4.4
2023-10-01,C_202010_P_F,2020-10-01,Prime,Fixed,0.0174,5.5,3.9,3.2,4.2
2020-11-01,C_202010_P_V,2020-10-01,Prime,Variable,0.0154,,,,
2020-12-01,C_202010_P_V,2020-10-01,Prime,Variable,0.0197,,,,
2021-01-01,C_202010_P_V,2020-10-01,Prime,Variable,0.0179,0.25,6.4,1.4,5.3
2021-02-01,C_202010_P_V,2020-10-01,Prime,Variable,0.0177,0.25,6.2,1.7,5.3
2021-03-01,C_202010_P_V,2020-10-01,Prime,Variable,0.018,0.25,6.1,2.6,4.5
2021-04-01,C_202010_P_V,2020-10-01,Prime,Variable,0.0194,0.25,6.1,4.2,0.6
2021-05-01,C_202010_P_V,2020-10-01,Prime,Variable,0.02,0.25,5.8,5.0,2.3
2021-06-01,C_202010_P_V,2020-10-01,Prime,Variable,0.0218,0.25,5.9,5.4,3.9
2021-07-01,C_202010_P_V,2020-10-01,Prime,Variable,0.0224,0.25,5.4,5.4,4.3
2021-08-01,C_202010_P_V,2020-10-01,Prime,Variable,0.0227,0.25,5.1,5.3,4.4
2021-09-01,C_202010_P_V,2020-10-01,Prime,Variable,0.0241,0.25,4.7,5.4,5.0
2021-10-01,C_202010_P_V,2020-10-01,Prime,Variable,0.026,0.25,4.5,6.2,5.4
2021-11-01,C_202010_P_V,2020-10-01,Prime,Variable,0.026,0.25,4.1,6.8,5.4
2021-12-01,C_202010_P_V,2020-10-01,Prime,Variable,0.0214,0.25,3.9,7.0,4.9
2022-01-01,C_202010_P_V,2020-10-01,Prime,Variable,0.0196,0.25,4.0,7.5,5.6
2022-02-01,C_202010_P_V,2020-10-01,Prime,Variable,0.0267,0.25,3.9,7.9,5.3
2022-03-01,C_202010_P_V,2020-10-01,Prime,Variable,0.0222,0.5,3.7,8.5,5.9
2022-04-01,C_202010_P_V,2020-10-01,Prime,Variable,0.0246,0.5,3.7,8.3,5.8
2022-05-01,C_202010_P_V,2020-10-01,Prime,Variable,0.0226,1.0,3.6,8.6,5.6
2022-06-01,C_202010_P_V,2020-10-01,Prime,Variable,0.0512,1.75,3.6,9.1,5.4
2022-07-01,C_202010_P_V,2020-10-01,Prime,Variable,0.0557,2.5,3.5,8.5,5.5
2022-08-01,C_202010_P_V,2020-10-01,Prime,Variable,0.0559,2.5,3.6,8.3,5.4
2022-09-01,C_202010_P_V,2020-10-01,Prime,Variable,0.0529,3.25,3.5,8.2,5.1
2022-10-01,C_202010_P_V,2020-10-01,Prime,Variable,0.0485,3.25,3.6,7.7,5.0
2022-11-01,C_202010_P_V,2020-10-01,Prime,Variable,0.0521,4.0,3.6,7.1,5.1
2022-12-01,C_202010_P_V,2020-10-01,Prime,Variable,0.0534,4.5,3.5,6.5,4.9
2023-01-01,C_202010_P_V,2020-10-01,Prime,Variable,0.0491,4.5,3.5,6.4,4.5
2023-02-01,C_202010_P_V,2020-10-01,Prime,Variable,0.0518,4.75,3.6,6.0,4.8
2023-03-01,C_202010_P_V,2020-10-01,Prime,Variable,0.0507,5.0,3.5,5.0,4.6
2023-04-01,C_202010_P_V,2020-10-01,Prime,Variable,0.0512,5.0,3.4,4.9,4.6
2023-05-01,C_202010_P_V,2020-10-01,Prime,Variable,0.0495,5.25,3.6,4.0,4.4
2023-06-01,C_202010_P_V,2020-10-01,Prime,Variable,0.0465,5.25,3.6,3.0,4.7
2023-07-01,C_202010_P_V,2020-10-01,Prime,Variable,0.05,5.5,3.5,3.2,4.7
2023-08-01,C_202010_P_V,2020-10-01,Prime,Variable,0.0464,5.5,3.7,3.7,4.5
2023-09-01,C_202010_P_V,2020-10-01,Prime,Variable,0.0458,5.5,3.7,3.7,4.4
2023-10-01,C_202010_P_V,2020-10-01,Prime,Variable,0.0431,5.5,3.9,3.2,4.2
2020-11-01,C_202010_S_F,2020-10-01,Subprime,Fixed,0.045,,,,
2020-12-01,C_202010_S_F,2020-10-01,Subprime,Fixed,0.045,,,,
2021-01-01,C_202010_S_F,2020-10-01,Subprime,Fixed,0.0472,0.25,6.4,1.4,5.3
2021-02-01,C_202010_S_F,2020-10-01,Subprime,Fixed,0.0518,0.25,6.2,1.7,5.3
2021-03-01,C_202010_S_F,2020-10-01,Subprime,Fixed,0.0465,0.25,6.1,2.6,4.5
2021-04-01,C_202010_S_F,2020-10-01,Subprime,Fixed,0.0468,0.25,6.1,4.2,0.6
2021-05-01,C_202010_S_F,2020-10-01,Subprime,Fixed,0.0537,0.25,5.8,5.0,2.3
2021-06-01,C_202010_S_F,2020-10-01,Subprime,Fixed,0.051,0.25,5.9,5.4,3.9
2021-07-01,C_202010_S_F,2020-10-01,Subprime,Fixed,0.0507,0.25,5.4,5.4,4.3
2021-08-01,C_202010_S_F,2020-10-01,Subprime,Fixed,0.0547,0.25,5.1,5.3,4.4
2021-09-01,C_202010_S_F,2020-10-01,Subprime,Fixed,0.052,0.25,4.7,5.4,5.0
2021-10-01,C_202010_S_F,2020-10-01,Subprime,Fixed,0.0573,0.25,4.5,6.2,5.4
2021-11-01,C_202010_S_F,2020-10-01,Subprime,Fixed,0.0554,0.25,4.1,6.8,5.4
2021-12-01,C_202010_S_F,2020-10-01,Subprime,Fixed,0.0534,0.25,3.9,7.0,4.9
2022-01-01,C_202010_S_F,2020-10-01,Subprime,Fixed,0.059,0.25,4.0,7.5,5.6
2022-02-01,C_202010_S_F,2020-10-01,Subprime,Fixed,0.0536,0.25,3.9,7.9,5.3
2022-03-01,C_202010_S_F,2020-10-01,Subprime,Fixed,0.0564,0.5,3.7,8.5,5.9
2022-04-01,C_202010_S_F,2020-10-01,Subprime,Fixed,0.0556,0.5,3.7,8.3,5.8
2022-05-01,C_202010_S_F,2020-10-01,Subprime,Fixed,0.0576,1.0,3.6,8.6,5.6
2022-06-01,C_202010_S_F,2020-10-01,Subprime,Fixed,0.058,1.75,3.6,9.1,5.4
2022-07-01,C_202010_S_F,2020-10-01,Subprime,Fixed,0.0547,2.5,3.5,8.5,5.5
2022-08-01,C_202010_S_F,2020-10-01,Subprime,Fixed,0.0529,2.5,3.6,8.3,5.4
2022-09-01,C_202010_S_F,2020-10-01,Subprime,Fixed,0.055,3.25,3.5,8.2,5.1
2022-10-01,C_202010_S_F,2020-10-01,Subprime,Fixed,0.0523,3.25,3.6,7.7,5.0
2022-11-01,C_202010_S_F,2020-10-01,Subprime,Fixed,0.0572,4.0,3.6,7.1,5.1
2022-12-01,C_202010_S_F,2020-10-01,Subprime,Fixed,0.0529,4.5,3.5,6.5,4.9
2023-01-01,C_202010_S_F,2020-10-01,Subprime,Fixed,0.0513,4.5,3.5,6.4,4.5
2023-02-01,C_202010_S_F,2020-10-01,Subprime,Fixed,0.0518,4.75,3.6,6.0,4.8
2023-03-01,C_202010_S_F,2020-10-01,Subprime,Fixed,0.048,5.0,3.5,5.0,4.6
2023-04-01,C_202010_S_F,2020-10-01,Subprime,Fixed,0.0481,5.0,3.4,4.9,4.6
2023-05-01,C_202010_S_F,2020-10-01,Subprime,Fixed,0.0516,5.25,3.6,4.0,4.4
2023-06-01,C_202010_S_F,2020-10-01,Subprime,Fixed,0.0471,5.25,3.6,3.0,4.7
2023-07-01,C_202010_S_F,2020-10-01,Subprime,Fixed,0.0455,5.5,3.5,3.2,4.7
2023-08-01,C_202010_S_F,2020-10-01,Subprime,Fixed,0.0478,5.5,3.7,3.7,4.5
2023-09-01,C_202010_S_F,2020-10-01,Subprime,Fixed,0.0482,5.5,3.7,3.7,4.4
2023-10-01,C_202010_S_F,2020-10-01,Subprime,Fixed,0.0464,5.5,3.9,3.2,4.2
2020-11-01,C_202010_S_V,2020-10-01,Subprime,Variable,0.0479,,,,
2020-12-01,C_202010_S_V,2020-10-01,Subprime,Variable,0.0452,,,,
2021-01-01,C_202010_S_V,2020-10-01,Subprime,Variable,0.0447,0.25,6.4,1.4,5.3
2021-02-01,C_202010_S_V,2020-10-01,Subprime,Variable,0.0514,0.25,6.2,1.7,5.3
2021-03-01,C_202010_S_V,2020-10-01,Subprime,Variable,0.0486,0.25,6.1,2.6,4.5
2021-04-01,C_202010_S_V,2020-10-01,Subprime,Variable,0.0495,0.25,6.1,4.2,0.6
2021-05-01,C_202010_S_V,2020-10-01,Subprime,Variable,0.0534,0.25,5.8,5.0,2.3
2021-06-01,C_202010_S_V,2020-10-01,Subprime,Variable,0.0525,0.25,5.9,5.4,3.9
2021-07-01,C_202010_S_V,2020-10-01,Subprime,Variable,0.053,0.25,5.4,5.4,4.3
2021-08-01,C_202010_S_V,2020-10-01,Subprime,Variable,0.057,0.25,5.1,5.3,4.4
2021-09-01,C_202010_S_V,2020-10-01,Subprime,Variable,0.0519,0.25,4.7,5.4,5.0
2021-10-01,C_202010_S_V,2020-10-01,Subprime,Variable,0.0555,0.25,4.5,6.2,5.4
2021-11-01,C_202010_S_V,2020-10-01,Subprime,Variable,0.0542,0.25,4.1,6.8,5.4
2021-12-01,C_202010_S_V,2020-10-01,Subprime,Variable,0.0549,0.25,3.9,7.0,4.9
2022-01-01,C_202010_S_V,2020-10-01,Subprime,Variable,0.0577,0.25,4.0,7.5,5.6
2022-02-01,C_202010_S_V,2020-10-01,Subprime,Variable,0.0559,0.25,3.9,7.9,5.3
2022-03-01,C_202010_S_V,2020-10-01,Subprime,Variable,0.056,0.5,3.7,8.5,5.9
2022-04-01,C_202010_S_V,2020-10-01,Subprime,Variable,0.0571,0.5,3.7,8.3,5.8
2022-05-01,C_202010_S_V,2020-10-01,Subprime,Variable,0.0542,1.0,3.6,8.6,5.6
2022-06-01,C_202010_S_V,2020-10-01,Subprime,Variable,0.0982,1.75,3.6,9.1,5.4
2022-07-01,C_202010_S_V,2020-10-01,Subprime,Variable,0.0976,2.5,3.5,8.5,5.5
2022-08-01,C_202010_S_V,2020-10-01,Subprime,Variable,0.0955,2.5,3.6,8.3,5.4
2022-09-01,C_202010_S_V,2020-10-01,Subprime,Variable,0.1032,3.25,3.5,8.2,5.1
2022-10-01,C_202010_S_V,2020-10-01,Subprime,Variable,0.0965,3.25,3.6,7.7,5.0
2022-11-01,C_202010_S_V,2020-10-01,Subprime,Variable,0.0977,4.0,3.6,7.1,5.1
2022-12-01,C_202010_S_V,2020-10-01,Subprime,Variable,0.0971,4.5,3.5,6.5,4.9
2023-01-01,C_202010_S_V,2020-10-01,Subprime,Variable,0.0977,4.5,3.5,6.4,4.5
2023-02-01,C_202010_S_V,2020-10-01,Subprime,Variable,0.0981,4.75,3.6,6.0,4.8
2023-03-01,C_202010_S_V,2020-10-01,Subprime,Variable,0.0975,5.0,3.5,5.0,4.6
2023-04-01,C_202010_S_V,2020-10-01,Subprime,Variable,0.0938,5.0,3.4,4.9,4.6
2023-05-01,C_202010_S_V,2020-10-01,Subprime,Variable,0.0939,5.25,3.6,4.0,4.4
2023-06-01,C_202010_S_V,2020-10-01,Subprime,Variable,0.094,5.25,3.6,3.0,4.7
2023-07-01,C_202010_S_V,2020-10-01,Subprime,Variable,0.0921,5.5,3.5,3.2,4.7
2023-08-01,C_202010_S_V,2020-10-01,Subprime,Variable,0.095,5.5,3.7,3.7,4.5
2023-09-01,C_202010_S_V,2020-10-01,Subprime,Variable,0.0919,5.5,3.7,3.7,4.4
2023-10-01,C_202010_S_V,2020-10-01,Subprime,Variable,0.0915,5.5,3.9,3.2,4.2
2020-12-01,C_202011_P_F,2020-11-01,Prime,Fixed,0.0172,,,,
2021-01-01,C_202011_P_F,2020-11-01,Prime,Fixed,0.0191,0.25,6.4,1.4,5.3
2021-02-01,C_202011_P_F,2020-11-01,Prime,Fixed,0.018,0.25,6.2,1.7,5.3
2021-03-01,C_202011_P_F,2020-11-01,Prime,Fixed,0.0158,0.25,6.1,2.6,4.5
2021-04-01,C_202011_P_F,2020-11-01,Prime,Fixed,0.02,0.25,6.1,4.2,0.6
2021-05-01,C_202011_P_F,2020-11-01,Prime,Fixed,0.0187,0.25,5.8,5.0,2.3
2021-06-01,C_202011_P_F,2020-11-01,Prime,Fixed,0.0197,0.25,5.9,5.4,3.9
2021-07-01,C_202011_P_F,2020-11-01,Prime,Fixed,0.0226,0.25,5.4,5.4,4.3
2021-08-01,C_202011_P_F,2020-11-01,Prime,Fixed,0.0245,0.25,5.1,5.3,4.4
2021-09-01,C_202011_P_F,2020-11-01,Prime,Fixed,0.0227,0.25,4.7,5.4,5.0
2021-10-01,C_202011_P_F,2020-11-01,Prime,Fixed,0.0238,0.25,4.5,6.2,5.4
2021-11-01,C_202011_P_F,2020-11-01,Prime,Fixed,0.0271,0.25,4.1,6.8,5.4
2021-12-01,C_202011_P_F,2020-11-01,Prime,Fixed,0.0245,0.25,3.9,7.0,4.9
2022-01-01,C_202011_P_F,2020-11-01,Prime,Fixed,0.0296,0.25,4.0,7.5,5.6
2022-02-01,C_202011_P_F,2020-11-01,Prime,Fixed,0.0258,0.25,3.9,7.9,5.3
2022-03-01,C_202011_P_F,2020-11-01,Prime,Fixed,0.0213,0.5,3.7,8.5,5.9
2022-04-01,C_202011_P_F,2020-11-01,Prime,Fixed,0.0265,0.5,3.7,8.3,5.8
2022-05-01,C_202011_P_F,2020-11-01,Prime,Fixed,0.0258,1.0,3.6,8.6,5.6
2022-06-01,C_202011_P_F,2020-11-01,Prime,Fixed,0.0275,1.75,3.6,9.1,5.4
2022-07-01,C_202011_P_F,2020-11-01,Prime,Fixed,0.0262,2.5,3.5,8.5,5.5
2022-08-01,C_202011_P_F,2020-11-01,Prime,Fixed,0.0244,2.5,3.6,8.3,5.4
2022-09-01,C_202011_P_F,2020-11-01,Prime,Fixed,0.0219,3.25,3.5,8.2,5.1
2022-10-01,C_202011_P_F,2020-11-01,Prime,Fixed,0.0236,3.25,3.6,7.7,5.0
2022-11-01,C_202011_P_F,2020-11-01,Prime,Fixed,0.022,4.0,3.6,7.1,5.1
2022-12-01,C_202011_P_F,2020-11-01,Prime,Fixed,0.022,4.5,3.5,6.5,4.9
2023-01-01,C_202011_P_F,2020-11-01,Prime,Fixed,0.0238,4.5,3.5,6.4,4.5
2023-02-01,C_202011_P_F,2020-11-01,Prime,Fixed,0.0254,4.75,3.6,6.0,4.8
2023-03-01,C_202011_P_F,2020-11-01,Prime,Fixed,0.0222,5.0,3.5,5.0,4.6
2023-04-01,C_202011_P_F,2020-11-01,Prime,Fixed,0.0183,5.0,3.4,4.9,4.6
2023-05-01,C_202011_P_F,2020-11-01,Prime,Fixed,0.0209,5.25,3.6,4.0,4.4
2023-06-01,C_202011_P_F,2020-11-01,Prime,Fixed,0.0216,5.25,3.6,3.0,4.7
2023-07-01,C_202011_P_F,2020-11-01,Prime,Fixed,0.0172,5.5,3.5,3.2,4.7
2023-08-01,C_202011_P_F,2020-11-01,Prime,Fixed,0.0173,5.5,3.7,3.7,4.5
2023-09-01,C_202011_P_F,2020-11-01,Prime,Fixed,0.0168,5.5,3.7,3.7,4.4
2023-10-01,C_202011_P_F,2020-11-01,Prime,Fixed,0.0143,5.5,3.9,3.2,4.2
2023-11-01,C_202011_P_F,2020-11-01,Prime,Fixed,0.0163,5.5,3.7,3.1,4.1
2020-12-01,C_202011_P_V,2020-11-01,Prime,Variable,0.0156,,,,
2021-01-01,C_202011_P_V,2020-11-01,Prime,Variable,0.0176,0.25,6.4,1.4,5.3
2021-02-01,C_202011_P_V,2020-11-01,Prime,Variable,0.0158,0.25,6.2,1.7,5.3
2021-03-01,C_202011_P_V,2020-11-01,Prime,Variable,0.0175,0.25,6.1,2.6,4.5
2021-04-01,C_202011_P_V,2020-11-01,Prime,Variable,0.0207,0.25,6.1,4.2,0.6
2021-05-01,C_202011_P_V,2020-11-01,Prime,Variable,0.0193,0.25,5.8,5.0,2.3
2021-06-01,C_202011_P_V,2020-11-01,Prime,Variable,0.0242,0.25,5.9,5.4,3.9
2021-07-01,C_202011_P_V,2020-11-01,Prime,Variable,0.0206,0.25,5.4,5.4,4.3
2021-08-01,C_202011_P_V,2020-11-01,Prime,Variable,0.0225,0.25,5.1,5.3,4.4
2021-09-01,C_202011_P_V,2020-11-01,Prime,Variable,0.0245,0.25,4.7,5.4,5.0
2021-10-01,C_202011_P_V,2020-11-01,Prime,Variable,0.0204,0.25,4.5,6.2,5.4
2021-11-01,C_202011_P_V,2020-11-01,Prime,Variable,0.0201,0.25,4.1,6.8,5.4
2021-12-01,C_202011_P_V,2020-11-01,Prime,Variable,0.021,0.25,3.9,7.0,4.9
2022-01-01,C_202011_P_V,2020-11-01,Prime,Variable,0.0269,0.25,4.0,7.5,5.6
2022-02-01,C_202011_P_V,2020-11-01,Prime,Variable,0.0236,0.25,3.9,7.9,5.3
2022-03-01,C_202011_P_V,2020-11-01,Prime,Variable,0.03,0.5,3.7,8.5,5.9
2022-04-01,C_202011_P_V,2020-11-01,Prime,Variable,0.0238,0.5,3.7,8.3,5.8
2022-05-01,C_202011_P_V,2020-11-01,Prime,Variable,0.0254,1.0,3.6,8.6,5.6
2022-06-01,C_202011_P_V,2020-11-01,Prime,Variable,0.058,1.75,3.6,9.1,5.4
2022-07-01,C_202011_P_V,2020-11-01,Prime,Variable,0.0589,2.5,3.5,8.5,5.5
2022-08-01,C_202011_P_V,2020-11-01,Prime,Variable,0.0588,2.5,3.6,8.3,5.4
2022-09-01,C_202011_P_V,2020-11-01,Prime,Variable,0.0568,3.25,3.5,8.2,5.1
2022-10-01,C_202011_P_V,2020-11-01,Prime,Variable,0.0561,3.25,3.6,7.7,5.0
2022-11-01,C_202011_P_V,2020-11-01,Prime,Variable,0.0548,4.0,3.6,7.1,5.1
2022-12-01,C_202011_P_V,2020-11-01,Prime,Variable,0.0547,4.5,3.5,6.5,4.9
2023-01-01,C_202011_P_V,2020-11-01,Prime,Variable,0.0516,4.5,3.5,6.4,4.5
2023-02-01,C_202011_P_V,2020-11-01,Prime,Variable,0.0504,4.75,3.6,6.0,4.8
2023-03-01,C_202011_P_V,2020-11-01,Prime,Variable,0.0514,5.0,3.5,5.0,4.6
2023-04-01,C_202011_P_V,2020-11-01,Prime,Variable,0.0504,5.0,3.4,4.9,4.6
2023-05-01,C_202011_P_V,2020-11-01,Prime,Variable,0.0491,5.25,3.6,4.0,4.4
2023-06-01,C_202011_P_V,2020-11-01,Prime,Variable,0.0506,5.25,3.6,3.0,4.7
2023-07-01,C_202011_P_V,2020-11-01,Prime,Variable,0.0503,5.5,3.5,3.2,4.7
2023-08-01,C_202011_P_V,2020-11-01,Prime,Variable,0.0478,5.5,3.7,3.7,4.5
2023-09-01,C_202011_P_V,2020-11-01,Prime,Variable,0.0497,5.5,3.7,3.7,4.4
2023-10-01,C_202011_P_V,2020-11-01,Prime,Variable,0.0436,5.5,3.9,3.2,4.2
2023-11-01,C_202011_P_V,2020-11-01,Prime,Variable,0.0446,5.5,3.7,3.1,4.1
2020-12-01,C_202011_S_F,2020-11-01,Subprime,Fixed,0.0444,,,,
2021-01-01,C_202011_S_F,2020-11-01,Subprime,Fixed,0.043,0.25,6.4,1.4,5.3
2021-02-01,C_202011_S_F,2020-11-01,Subprime,Fixed,0.0474,0.25,6.2,1.7,5.3
2021-03-01,C_202011_S_F,2020-11-01,Subprime,Fixed,0.0482,0.25,6.1,2.6,4.5
2021-04-01,C_202011_S_F,2020-11-01,Subprime,Fixed,0.0523,0.25,6.1,4.2,0.6
2021-05-01,C_202011_S_F,2020-11-01,Subprime,Fixed,0.0513,0.25,5.8,5.0,2.3
2021-06-01,C_202011_S_F,2020-11-01,Subprime,Fixed,0.0487,0.25,5.9,5.4,3.9
2021-07-01,C_202011_S_F,2020-11-01,Subprime,Fixed,0.0551,0.25,5.4,5.4,4.3
2021-08-01,C_202011_S_F,2020-11-01,Subprime,Fixed,0.0545,0.25,5.1,5.3,4.4
2021-09-01,C_202011_S_F,2020-11-01,Subprime,Fixed,0.0538,0.25,4.7,5.4,5.0
2021-10-01,C_202011_S_F,2020-11-01,Subprime,Fixed,0.0527,0.25,4.5,6.2,5.4
2021-11-01,C_202011_S_F,2020-11-01,Subprime,Fixed,0.0517,0.25,4.1,6.8,5.4
2021-12-01,C_202011_S_F,2020-11-01,Subprime,Fixed,0.0533,0.25,3.9,7.0,4.9
2022-01-01,C_202011_S_F,2020-11-01,Subprime,Fixed,0.0566,0.25,4.0,7.5,5.6
2022-02-01,C_202011_S_F,2020-11-01,Subprime,Fixed,0.0584,0.25,3.9,7.9,5.3
2022-03-01,C_202011_S_F,2020-11-01,Subprime,Fixed,0.0579,0.5,3.7,8.5,5.9
2022-04-01,C_202011_S_F,2020-11-01,Subprime,Fixed,0.054,0.5,3.7,8.3,5.8
2022-05-01,C_202011_S_F,2020-11-01,Subprime,Fixed,0.0528,1.0,3.6,8.6,5.6
2022-06-01,C_202011_S_F,2020-11-01,Subprime,Fixed,0.0552,1.75,3.6,9.1,5.4
2022-07-01,C_202011_S_F,2020-11-01,Subprime,Fixed,0.0513,2.5,3.5,8.5,5.5
2022-08-01,C_202011_S_F,2020-11-01,Subprime,Fixed,0.0553,2.5,3.6,8.3,5.4
2022-09-01,C_202011_S_F,2020-11-01,Subprime,Fixed,0.0541,3.25,3.5,8.2,5.1
2022-10-01,C_202011_S_F,2020-11-01,Subprime,Fixed,0.0531,3.25,3.6,7.7,5.0
2022-11-01,C_202011_S_F,2020-11-01,Subprime,Fixed,0.0505,4.0,3.6,7.1,5.1
2022-12-01,C_202011_S_F,2020-11-01,Subprime,Fixed,0.0542,4.5,3.5,6.5,4.9
2023-01-01,C_202011_S_F,2020-11-01,Subprime,Fixed,0.0516,4.5,3.5,6.4,4.5
2023-02-01,C_202011_S_F,2020-11-01,Subprime,Fixed,0.0497,4.75,3.6,6.0,4.8
2023-03-01,C_202011_S_F,2020-11-01,Subprime,Fixed,0.0457,5.0,3.5,5.0,4.6
2023-04-01,C_202011_S_F,2020-11-01,Subprime,Fixed,0.0507,5.0,3.4,4.9,4.6
2023-05-01,C_202011_S_F,2020-11-01,Subprime,Fixed,0.0535,5.25,3.6,4.0,4.4
2023-06-01,C_202011_S_F,2020-11-01,Subprime,Fixed,0.0525,5.25,3.6,3.0,4.7
2023-07-01,C_202011_S_F,2020-11-01,Subprime,Fixed,0.0475,5.5,3.5,3.2,4.7
2023-08-01,C_202011_S_F,2020-11-01,Subprime,Fixed,0.0464,5.5,3.7,3.7,4.5
2023-09-01,C_202011_S_F,2020-11-01,Subprime,Fixed,0.0477,5.5,3.7,3.7,4.4
2023-10-01,C_202011_S_F,2020-11-01,Subprime,Fixed,0.0439,5.5,3.9,3.2,4.2
2023-11-01,C_202011_S_F,2020-11-01,Subprime,Fixed,0.0456,5.5,3.7,3.1,4.1
2020-12-01,C_202011_S_V,2020-11-01,Subprime,Variable,0.0474,,,,
2021-01-01,C_202011_S_V,2020-11-01,Subprime,Variable,0.0492,0.25,6.4,1.4,5.3
2021-02-01,C_202011_S_V,2020-11-01,Subprime,Variable,0.0474,0.25,6.2,1.7,5.3
2021-03-01,C_202011_S_V,2020-11-01,Subprime,Variable,0.048,0.25,6.1,2.6,4.5
2021-04-01,C_202011_S_V,2020-11-01,Subprime,Variable,0.0475,0.25,6.1,4.2,0.6
2021-05-01,C_202011_S_V,2020-11-01,Subprime,Variable,0.0483,0.25,5.8,5.0,2.3
2021-06-01,C_202011_S_V,2020-11-01,Subprime,Variable,0.0503,0.25,5.9,5.4,3.9
2021-07-01,C_202011_S_V,2020-11-01,Subprime,Variable,0.0522,0.25,5.4,5.4,4.3
2021-08-01,C_202011_S_V,2020-11-01,Subprime,Variable,0.0539,0.25,5.1,5.3,4.4
2021-09-01,C_202011_S_V,2020-11-01,Subprime,Variable,0.0511,0.25,4.7,5.4,5.0
2021-10-01,C_202011_S_V,2020-11-01,Subprime,Variable,0.0562,0.25,4.5,6.2,5.4
2021-11-01,C_202011_S_V,2020-11-01,Subprime,Variable,0.0531,0.25,4.1,6.8,5.4
2021-12-01,C_202011_S_V,2020-11-01,Subprime,Variable,0.054,0.25,3.9,7.0,4.9
2022-01-01,C_202011_S_V,2020-11-01,Subprime,Variable,0.0529,0.25,4.0,7.5,5.6
2022-02-01,C_202011_S_V,2020-11-01,Subprime,Variable,0.0498,0.25,3.9,7.9,5.3
2022-03-01,C_202011_S_V,2020-11-01,Subprime,Variable,0.0566,0.5,3.7,8.5,5.9
2022-04-01,C_202011_S_V,2020-11-01,Subprime,Variable,0.0564,0.5,3.7,8.3,5.8
2022-05-01,C_202011_S_V,2020-11-01,Subprime,Variable,0.0544,1.0,3.6,8.6,5.6
2022-06-01,C_202011_S_V,2020-11-01,Subprime,Variable,0.1001,1.75,3.6,9.1,5.4
2022-07-01,C_202011_S_V,2020-11-01,Subprime,Variable,0.1009,2.5,3.5,8.5,5.5
2022-08-01,C_202011_S_V,2020-11-01,Subprime,Variable,0.0965,2.5,3.6,8.3,5.4
2022-09-01,C_202011_S_V,2020-11-01,Subprime,Variable,0.0983,3.25,3.5,8.2,5.1
2022-10-01,C_202011_S_V,2020-11-01,Subprime,Variable,0.1007,3.25,3.6,7.7,5.0
2022-11-01,C_202011_S_V,2020-11-01,Subprime,Variable,0.0962,4.0,3.6,7.1,5.1
2022-12-01,C_202011_S_V,2020-11-01,Subprime,Variable,0.0988,4.5,3.5,6.5,4.9
2023-01-01,C_202011_S_V,2020-11-01,Subprime,Variable,0.0949,4.5,3.5,6.4,4.5
2023-02-01,C_202011_S_V,2020-11-01,Subprime,Variable,0.098,4.75,3.6,6.0,4.8
2023-03-01,C_202011_S_V,2020-11-01,Subprime,Variable,0.0964,5.0,3.5,5.0,4.6
2023-04-01,C_202011_S_V,2020-11-01,Subprime,Variable,0.0925,5.0,3.4,4.9,4.6
2023-05-01,C_202011_S_V,2020-11-01,Subprime,Variable,0.0973,5.25,3.6,4.0,4.4
2023-06-01,C_202011_S_V,2020-11-01,Subprime,Variable,0.0928,5.25,3.6,3.0,4.7
2023-07-01,C_202011_S_V,2020-11-01,Subprime,Variable,0.0918,5.5,3.5,3.2,4.7
2023-08-01,C_202011_S_V,2020-11-01,Subprime,Variable,0.093,5.5,3.7,3.7,4.5
2023-09-01,C_202011_S_V,2020-11-01,Subprime,Variable,0.094,5.5,3.7,3.7,4.4
2023-10-01,C_202011_S_V,2020-11-01,Subprime,Variable,0.0888,5.5,3.9,3.2,4.2
2023-11-01,C_202011_S_V,2020-11-01,Subprime,Variable,0.0901,5.5,3.7,3.1,4.1
2021-01-01,C_202012_P_F,2020-12-01,Prime,Fixed,0.0167,0.25,6.4,1.4,5.3
2021-02-01,C_202012_P_F,2020-12-01,Prime,Fixed,0.0181,0.25,6.2,1.7,5.3
2021-03-01,C_202012_P_F,2020-12-01,Prime,Fixed,0.0179,0.25,6.1,2.6,4.5
2021-04-01,C_202012_P_F,2020-12-01,Prime,Fixed,0.0177,0.25,6.1,4.2,0.6
2021-05-01,C_202012_P_F,2020-12-01,Prime,Fixed,0.0176,0.25,5.8,5.0,2.3
2021-06-01,C_202012_P_F,2020-12-01,Prime,Fixed,0.0202,0.25,5.9,5.4,3.9
2021-07-01,C_202012_P_F,2020-12-01,Prime,Fixed,0.0186,0.25,5.4,5.4,4.3
2021-08-01,C_202012_P_F,2020-12-01,Prime,Fixed,0.0156,0.25,5.1,5.3,4.4
2021-09-01,C_202012_P_F,2020-12-01,Prime,Fixed,0.0229,0.25,4.7,5.4,5.0
2021-10-01,C_202012_P_F,2020-12-01,Prime,Fixed,0.0245,0.25,4.5,6.2,5.4
2021-11-01,C_202012_P_F,2020-12-01,Prime,Fixed,0.0185,0.25,4.1,6.8,5.4
2021-12-01,C_202012_P_F,2020-12-01,Prime,Fixed,0.0216,0.25,3.9,7.0,4.9
2022-01-01,C_202012_P_F,2020-12-01,Prime,Fixed,0.0253,0.25,4.0,7.5,5.6
2022-02-01,C_202012_P_F,2020-12-01,Prime,Fixed,0.0285,0.25,3.9,7.9,5.3
2022-03-01,C_202012_P_F,2020-12-01,Prime,Fixed,0.0247,0.5,3.7,8.5,5.9
2022-04-01,C_202012_P_F,2020-12-01,Prime,Fixed,0.0234,0.5,3.7,8.3,5.8
2022-05-01,C_202012_P_F,2020-12-01,Prime,Fixed,0.0246,1.0,3.6,8.6,5.6
2022-06-01,C_202012_P_F,2020-12-01,Prime,Fixed,0.0277,1.75,3.6,9.1,5.4
2022-07-01,C_202012_P_F,2020-12-01,Prime,Fixed,0.0237,2.5,3.5,8.5,5.5
2022-08-01,C_202012_P_F,2020-12-01,Prime,Fixed,0.0232,2.5,3.6,8.3,5.4
2022-09-01,C_202012_P_F,2020-12-01,Prime,Fixed,0.0237,3.25,3.5,8.2,5.1
2022-10-01,C_202012_P_F,2020-12-01,Prime,Fixed,0.0225,3.25,3.6,7.7,5.0
2022-11-01,C_202012_P_F,2020-12-01,Prime,Fixed,0.0243,4.0,3.6,7.1,5.1
2022-12-01,C_202012_P_F,2020-12-01,Prime,Fixed,0.0269,4.5,3.5,6.5,4.9
2023-01-01,C_202012_P_F,2020-12-01,Prime,Fixed,0.0238,4.5,3.5,6.4,4.5
2023-02-01,C_202012_P_F,2020-12-01,Prime,Fixed,0.0222,4.75,3.6,6.0,4.8
2023-03-01,C_202012_P_F,2020-12-01,Prime,Fixed,0.0215,5.0,3.5,5.0,4.6
2023-04-01,C_202012_P_F,2020-12-01,Prime,Fixed,0.0183,5.0,3.4,4.9,4.6
2023-05-01,C_202012_P_F,2020-12-01,Prime,Fixed,0.0225,5.25,3.6,4.0,4.4
2023-06-01,C_202012_P_F,2020-12-01,Prime,Fixed,0.0198,5.25,3.6,3.0,4.7
2023-07-01,C_202012_P_F,2020-12-01,Prime,Fixed,0.0189,5.5,3.5,3.2,4.7
2023-08-01,C_202012_P_F,2020-12-01,Prime,Fixed,0.0248,5.5,3.7,3.7,4.5
2023-09-01,C_202012_P_F,2020-12-01,Prime,Fixed,0.0182,5.5,3.7,3.7,4.4
2023-10-01,C_202012_P_F,2020-12-01,Prime,Fixed,0.0152,5.5,3.9,3.2,4.2
2023-11-01,C_202012_P_F,2020-12-01,Prime,Fixed,0.015,5.5,3.7,3.1,4.1
2023-12-01,C_202012_P_F,2020-12-01,Prime,Fixed,0.0173,5.5,3.8,3.4,4.1
2021-01-01,C_202012_P_V,2020-12-01,Prime,Variable,0.0161,0.25,6.4,1.4,5.3
2021-02-01,C_202012_P_V,2020-12-01,Prime,Variable,0.0139,0.25,6.2,1.7,5.3
2021-03-01,C_202012_P_V,2020-12-01,Prime,Variable,0.0194,0.25,6.1,2.6,4.5
2021-04-01,C_202012_P_V,2020-12-01,Prime,Variable,0.0171,0.25,6.1,4.2,0.6
2021-05-01,C_202012_P_V,2020-12-01,Prime,Variable,0.023,0.25,5.8,5.0,2.3
2021-06-01,C_202012_P_V,2020-12-01,Prime,Variable,0.0222,0.25,5.9,5.4,3.9
2021-07-01,C_202012_P_V,2020-12-01,Prime,Variable,0.0198,0.25,5.4,5.4,4.3
2021-08-01,C_202012_P_V,2020-12-01,Prime,Variable,0.024,0.25,5.1,5.3,4.4
2021-09-01,C_202012_P_V,2020-12-01,Prime,Variable,0.0222,0.25,4.7,5.4,5.0
2021-10-01,C_202012_P_V,2020-12-01,Prime,Variable,0.0244,0.25,4.5,6.2,5.4
2021-11-01,C_202012_P_V,2020-12-01,Prime,Variable,0.0242,0.25,4.1,6.8,5.4
2021-12-01,C_202012_P_V,2020-12-01,Prime,Variable,0.022,0.25,3.9,7.0,4.9
2022-01-01,C_202012_P_V,2020-12-01,Prime,Variable,0.0228,0.25,4.0,7.5,5.6
2022-02-01,C_202012_P_V,2020-12-01,Prime,Variable,0.0265,0.25,3.9,7.9,5.3
2022-03-01,C_202012_P_V,2020-12-01,Prime,Variable,0.024,0.5,3.7,8.5,5.9
2022-04-01,C_202012_P_V,2020-12-01,Prime,Variable,0.024,0.5,3.7,8.3,5.8
2022-05-01,C_202012_P_V,2020-12-01,Prime,Variable,0.0231,1.0,3.6,8.6,5.6
2022-06-01,C_202012_P_V,2020-12-01,Prime,Variable,0.0558,1.75,3.6,9.1,5.4
2022-07-01,C_202012_P_V,2020-12-01,Prime,Variable,0.0591,2.5,3.5,8.5,5.5
2022-08-01,C_202012_P_V,2020-12-01,Prime,Variable,0.0527,2.5,3.6,8.3,5.4
2022-09-01,C_202012_P_V,2020-12-01,Prime,Variable,0.0547,3.25,3.5,8.2,5.1
2022-10-01,C_202012_P_V,2020-12-01,Prime,Variable,0.0572,3.25,3.6,7.7,5.0
2022-11-01,C_202012_P_V,2020-12-01,Prime,Variable,0.0539,4.0,3.6,7.1,5.1
2022-12-01,C_202012_P_V,2020-12-01,Prime,Variable,0.0546,4.5,3.5,6.5,4.9
2023-01-01,C_202012_P_V,2020-12-01,Prime,Variable,0.0511,4.5,3.5,6.4,4.5
2023-02-01,C_202012_P_V,2020-12-01,Prime,Variable,0.0535,4.75,3.6,6.0,4.8
2023-03-01,C_202012_P_V,2020-12-01,Prime,Variable,0.0517,5.0,3.5,5.0,4.6
2023-04-01,C_202012_P_V,2020-12-01,Prime,Variable,0.0534,5.0,3.4,4.9,4.6
2023-05-01,C_202012_P_V,2020-12-01,Prime,Variable,0.0531,5.25,3.6,4.0,4.4
2023-06-01,C_202012_P_V,2020-12-01,Prime,Variable,0.0552,5.25,3.6,3.0,4.7
2023-07-01,C_202012_P_V,2020-12-01,Prime,Variable,0.0504,5.5,3.5,3.2,4.7
2023-08-01,C_202012_P_V,2020-12-01,Prime,Variable,0.0491,5.5,3.7,3.7,4.5
2023-09-01,C_202012_P_V,2020-12-01,Prime,Variable,0.048,5.5,3.7,3.7,4.4
2023-10-01,C_202012_P_V,2020-12-01,Prime,Variable,0.046,5.5,3.9,3.2,4.2
2023-11-01,C_202012_P_V,2020-12-01,Prime,Variable,0.0465,5.5,3.7,3.1,4.1
2023-12-01,C_202012_P_V,2020-12-01,Prime,Variable,0.0444,5.5,3.8,3.4,4.1
2021-01-01,C_202012_S_F,2020-12-01,Subprime,Fixed,0.0462,0.25,6.4,1.4,5.3
2021-02-01,C_202012_S_F,2020-12-01,Subprime,Fixed,0.0494,0.25,6.2,1.7,5.3
2021-03-01,C_202012_S_F,2020-12-01,Subprime,Fixed,0.0456,0.25,6.1,2.6,4.5
2021-04-01,C_202012_S_F,2020-12-01,Subprime,Fixed,0.0507,0.25,6.1,4.2,0.6
2021-05-01,C_202012_S_F,2020-12-01,Subprime,Fixed,0.0519,0.25,5.8,5.0,2.3
2021-06-01,C_202012_S_F,2020-12-01,Subprime,Fixed,0.0498,0.25,5.9,5.4,3.9
2021-07-01,C_202012_S_F,2020-12-01,Subprime,Fixed,0.0465,0.25,5.4,5.4,4.3
2021-08-01,C_202012_S_F,2020-12-01,Subprime,Fixed,0.0502,0.25,5.1,5.3,4.4
2021-09-01,C_202012_S_F,2020-12-01,Subprime,Fixed,0.0547,0.25,4.7,5.4,5.0
2021-10-01,C_202012_S_F,2020-12-01,Subprime,Fixed,0.0526,0.25,4.5,6.2,5.4
2021-11-01,C_202012_S_F,2020-12-01,Subprime,Fixed,0.0512,0.25,4.1,6.8,5.4
2021-12-01,C_202012_S_F,2020-12-01,Subprime,Fixed,0.0527,0.25,3.9,7.0,4.9
2022-01-01,C_202012_S_F,2020-12-01,Subprime,Fixed,0.0557,0.25,4.0,7.5,5.6
2022-02-01,C_202012_S_F,2020-12-01,Subprime,Fixed,0.0555,0.25,3.9,7.9,5.3
2022-03-01,C_202012_S_F,2020-12-01,Subprime,Fixed,0.0542,0.5,3.7,8.5,5.9
2022-04-01,C_202012_S_F,2020-12-01,Subprime,Fixed,0.0541,0.5,3.7,8.3,5.8
2022-05-01,C_202012_S_F,2020-12-01,Subprime,Fixed,0.0542,1.0,3.6,8.6,5.6
2022-06-01,C_202012_S_F,2020-12-01,Subprime,Fixed,0.0532,1.75,3.6,9.1,5.4
2022-07-01,C_202012_S_F,2020-12-01,Subprime,Fixed,0.0582,2.5,3.5,8.5,5.5
2022-08-01,C_202012_S_F,2020-12-01,Subprime,Fixed,0.0542,2.5,3.6,8.3,5.4
2022-09-01,C_202012_S_F,2020-12-01,Subprime,Fixed,0.0571,3.25,3.5,8.2,5.1
2022-10-01,C_202012_S_F,2020-12-01,Subprime,Fixed,0.0574,3.25,3.6,7.7,5.0
2022-11-01,C_202012_S_F,2020-12-01,Subprime,Fixed,0.0561,4.0,3.6,7.1,5.1
2022-12-01,C_202012_S_F,2020-12-01,Subprime,Fixed,0.0528,4.5,3.5,6.5,4.9
2023-01-01,C_202012_S_F,2020-12-01,Subprime,Fixed,0.054,4.5,3.5,6.4,4.5
2023-02-01,C_202012_S_F,2020-12-01,Subprime,Fixed,0.0526,4.75,3.6,6.0,4.8
2023-03-01,C_202012_S_F,2020-12-01,Subprime,Fixed,0.0503,5.0,3.5,5.0,4.6
2023-04-01,C_202012_S_F,2020-12-01,Subprime,Fixed,0.0521,5.0,3.4,4.9,4.6
2023-05-01,C_202012_S_F,2020-12-01,Subprime,Fixed,0.0484,5.25,3.6,4.0,4.4
2023-06-01,C_202012_S_F,2020-12-01,Subprime,Fixed,0.0524,5.25,3.6,3.0,4.7
2023-07-01,C_202012_S_F,2020-12-01,Subprime,Fixed,0.0483,5.5,3.5,3.2,4.7
2023-08-01,C_202012_S_F,2020-12-01,Subprime,Fixed,0.0488,5.5,3.7,3.7,4.5
2023-09-01,C_202012_S_F,2020-12-01,Subprime,Fixed,0.0482,5.5,3.7,3.7,4.4
2023-10-01,C_202012_S_F,2020-12-01,Subprime,Fixed,0.0462,5.5,3.9,3.2,4.2
2023-11-01,C_202012_S_F,2020-12-01,Subprime,Fixed,0.047,5.5,3.7,3.1,4.1
2023-12-01,C_202012_S_F,2020-12-01,Subprime,Fixed,0.0441,5.5,3.8,3.4,4.1
2021-01-01,C_202012_S_V,2020-12-01,Subprime,Variable,0.0476,0.25,6.4,1.4,5.3
2021-02-01,C_202012_S_V,2020-12-01,Subprime,Variable,0.044,0.25,6.2,1.7,5.3
2021-03-01,C_202012_S_V,2020-12-01,Subprime,Variable,0.0478,0.25,6.1,2.6,4.5
2021-04-01,C_202012_S_V,2020-12-01,Subprime,Variable,0.0523,0.25,6.1,4.2,0.6
2021-05-01,C_202012_S_V,2020-12-01,Subprime,Variable,0.0472,0.25,5.8,5.0,2.3
2021-06-01,C_202012_S_V,2020-12-01,Subprime,Variable,0.0486,0.25,5.9,5.4,3.9
2021-07-01,C_202012_S_V,2020-12-01,Subprime,Variable,0.0518,0.25,5.4,5.4,4.3
2021-08-01,C_202012_S_V,2020-12-01,Subprime,Variable,0.0518,0.25,5.1,5.3,4.4
2021-09-01,C_202012_S_V,2020-12-01,Subprime,Variable,0.0528,0.25,4.7,5.4,5.0
2021-10-01,C_202012_S_V,2020-12-01,Subprime,Variable,0.0536,0.25,4.5,6.2,5.4
2021-11-01,C_202012_S_V,2020-12-01,Subprime,Variable,0.0545,0.25,4.1,6.8,5.4
2021-12-01,C_202012_S_V,2020-12-01,Subprime,Variable,0.0559,0.25,3.9,7.0,4.9
2022-01-01,C_202012_S_V,2020-12-01,Subprime,Variable,0.0549,0.25,4.0,7.5,5.6
2022-02-01,C_202012_S_V,2020-12-01,Subprime,Variable,0.0539,0.25,3.9,7.9,5.3
2022-03-01,C_202012_S_V,2020-12-01,Subprime,Variable,0.056,0.5,3.7,8.5,5.9
2022-04-01,C_202012_S_V,2020-12-01,Subprime,Variable,0.0586,0.5,3.7,8.3,5.8
2022-05-01,C_202012_S_V,2020-12-01,Subprime,Variable,0.0547,1.0,3.6,8.6,5.6
2022-06-01,C_202012_S_V,2020-12-01,Subprime,Variable,0.0981,1.75,3.6,9.1,5.4
2022-07-01,C_202012_S_V,2020-12-01,Subprime,Variable,0.1022,2.5,3.5,8.5,5.5
2022-08-01,C_202012_S_V,2020-12-01,Subprime,Variable,0.0996,2.5,3.6,8.3,5.4
2022-09-01,C_202012_S_V,2020-12-01,Subprime,Variable,0.0953,3.25,3.5,8.2,5.1
2022-10-01,C_202012_S_V,2020-12-01,Subprime,Variable,0.1011,3.25,3.6,7.7,5.0
2022-11-01,C_202012_S_V,2020-12-01,Subprime,Variable,0.098,4.0,3.6,7.1,5.1
2022-12-01,C_202012_S_V,2020-12-01,Subprime,Variable,0.0985,4.5,3.5,6.5,4.9
2023-01-01,C_202012_S_V,2020-12-01,Subprime,Variable,0.0989,4.5,3.5,6.4,4.5
2023-02-01,C_202012_S_V,2020-12-01,Subprime,Variable,0.098,4.75,3.6,6.0,4.8
2023-03-01,C_202012_S_V,2020-12-01,Subprime,Variable,0.0985,5.0,3.5,5.0,4.6
2023-04-01,C_202012_S_V,2020-12-01,Subprime,Variable,0.0956,5.0,3.4,4.9,4.6
2023-05-01,C_202012_S_V,2020-12-01,Subprime,Variable,0.0968,5.25,3.6,4.0,4.4
2023-06-01,C_202012_S_V,2020-12-01,Subprime,Variable,0.0945,5.25,3.6,3.0,4.7
2023-07-01,C_202012_S_V,2020-12-01,Subprime,Variable,0.0957,5.5,3.5,3.2,4.7
2023-08-01,C_202012_S_V,2020-12-01,Subprime,Variable,0.0947,5.5,3.7,3.7,4.5
2023-09-01,C_202012_S_V,2020-12-01,Subprime,Variable,0.0907,5.5,3.7,3.7,4.4
2023-10-01,C_202012_S_V,2020-12-01,Subprime,Variable,0.0939,5.5,3.9,3.2,4.2
2023-11-01,C_202012_S_V,2020-12-01,Subprime,Variable,0.0898,5.5,3.7,3.1,4.1
2023-12-01,C_202012_S_V,2020-12-01,Subprime,Variable,0.0916,5.5,3.8,3.4,4.1
2021-02-01,C_202101_P_F,2021-01-01,Prime,Fixed,0.0166,0.25,6.2,1.7,5.3
2021-03-01,C_202101_P_F,2021-01-01,Prime,Fixed,0.0204,0.25,6.1,2.6,4.5
2021-04-01,C_202101_P_F,2021-01-01,Prime,Fixed,0.0171,0.25,6.1,4.2,0.6
2021-05-01,C_202101_P_F,2021-01-01,Prime,Fixed,0.0177,0.25,5.8,5.0,2.3
2021-06-01,C_202101_P_F,2021-01-01,Prime,Fixed,0.0192,0.25,5.9,5.4,3.9
2021-07-01,C_202101_P_F,2021-01-01,Prime,Fixed,0.0194,0.25,5.4,5.4,4.3
2021-08-01,C_202101_P_F,2021-01-01,Prime,Fixed,0.0223,0.25,5.1,5.3,4.4
2021-09-01,C_202101_P_F,2021-01-01,Prime,Fixed,0.0182,0.25,4.7,5.4,5.0
2021-10-01,C_202101_P_F,2021-01-01,Prime,Fixed,0.02,0.25,4.5,6.2,5.4
2021-11-01,C_202101_P_F,2021-01-01,Prime,Fixed,0.0205,0.25,4.1,6.8,5.4
2021-12-01,C_202101_P_F,2021-01-01,Prime,Fixed,0.0251,0.25,3.9,7.0,4.9
2022-01-01,C_202101_P_F,2021-01-01,Prime,Fixed,0.0271,0.25,4.0,7.5,5.6
2022-02-01,C_202101_P_F,2021-01-01,Prime,Fixed,0.0239,0.25,3.9,7.9,5.3
2022-03-01,C_202101_P_F,2021-01-01,Prime,Fixed,0.0241,0.5,3.7,8.5,5.9
2022-04-01,C_202101_P_F,2021-01-01,Prime,Fixed,0.0248,0.5,3.7,8.3,5.8
2022-05-01,C_202101_P_F,2021-01-01,Prime,Fixed,0.0272,1.0,3.6,8.6,5.6
2022-06-01,C_202101_P_F,2021-01-01,Prime,Fixed,0.0231,1.75,3.6,9.1,5.4
2022-07-01,C_202101_P_F,2021-01-01,Prime,Fixed,0.0255,2.5,3.5,8.5,5.5
2022-08-01,C_202101_P_F,2021-01-01,Prime,Fixed,0.0269,2.5,3.6,8.3,5.4
2022-09-01,C_202101_P_F,2021-01-01,Prime,Fixed,0.0259,3.25,3.5,8.2,5.1
2022-10-01,C_202101_P_F,2021-01-01,Prime,Fixed,0.025,3.25,3.6,7.7,5.0
2022-11-01,C_202101_P_F,2021-01-01,Prime,Fixed,0.0264,4.0,3.6,7.1,5.1
2022-12-01,C_202101_P_F,2021-01-01,Prime,Fixed,0.0187,4.5,3.5,6.5,4.9
2023-01-01,C_202101_P_F,2021-01-01,Prime,Fixed,0.025,4.5,3.5,6.4,4.5
2023-02-01,C_202101_P_F,2021-01-01,Prime,Fixed,0.0219,4.75,3.6,6.0,4.8
2023-03-01,C_202101_P_F,2021-01-01,Prime,Fixed,0.019,5.0,3.5,5.0,4.6
2023-04-01,C_202101_P_F,2021-01-01,Prime,Fixed,0.0231,5.0,3.4,4.9,4.6
2023-05-01,C_202101_P_F,2021-01-01,Prime,Fixed,0.0242,5.25,3.6,4.0,4.4
2023-06-01,C_202101_P_F,2021-01-01,Prime,Fixed,0.0205,5.25,3.6,3.0,4.7
2023-07-01,C_202101_P_F,2021-01-01,Prime,Fixed,0.0219,5.5,3.5,3.2,4.7
2023-08-01,C_202101_P_F,2021-01-01,Prime,Fixed,0.0225,5.5,3.7,3.7,4.5
2023-09-01,C_202101_P_F,2021-01-01,Prime,Fixed,0.0211,5.5,3.7,3.7,4.4
2023-10-01,C_202101_P_F,2021-01-01,Prime,Fixed,0.0209,5.5,3.9,3.2,4.2
2023-11-01,C_202101_P_F,2021-01-01,Prime,Fixed,0.0182,5.5,3.7,3.1,4.1
2023-12-01,C_202101_P_F,2021-01-01,Prime,Fixed,0.016,5.5,3.8,3.4,4.1
2021-02-01,C_202101_P_V,2021-01-01,Prime,Variable,0.0127,0.25,6.2,1.7,5.3
2021-03-01,C_202101_P_V,2021-01-01,Prime,Variable,0.0162,0.25,6.1,2.6,4.5
2021-04-01,C_202101_P_V,2021-01-01,Prime,Variable,0.0159,0.25,6.1,4.2,0.6
2021-05-01,C_202101_P_V,2021-01-01,Prime,Variable,0.0228,0.25,5.8,5.0,2.3
2021-06-01,C_202101_P_V,2021-01-01,Prime,Variable,0.0189,0.25,5.9,5.4,3.9
2021-07-01,C_202101_P_V,2021-01-01,Prime,Variable,0.0202,0.25,5.4,5.4,4.3
2021-08-01,C_202101_P_V,2021-01-01,Prime,Variable,0.0218,0.25,5.1,5.3,4.4
2021-09-01,C_202101_P_V,2021-01-01,Prime,Variable,0.0215,0.25,4.7,5.4,5.0
2021-10-01,C_202101_P_V,2021-01-01,Prime,Variable,0.0255,0.25,4.5,6.2,5.4
2021-11-01,C_202101_P_V,2021-01-01,Prime,Variable,0.0214,0.25,4.1,6.8,5.4
2021-12-01,C_202101_P_V,2021-01-01,Prime,Variable,0.0236,0.25,3.9,7.0,4.9
2022-01-01,C_202101_P_V,2021-01-01,Prime,Variable,0.0222,0.25,4.0,7.5,5.6
2022-02-01,C_202101_P_V,2021-01-01,Prime,Variable,0.0214,0.25,3.9,7.9,5.3
2022-03-01,C_202101_P_V,2021-01-01,Prime,Variable,0.0232,0.5,3.7,8.5,5.9
2022-04-01,C_202101_P_V,2021-01-01,Prime,Variable,0.0246,0.5,3.7,8.3,5.8
2022-05-01,C_202101_P_V,2021-01-01,Prime,Variable,0.024,1.0,3.6,8.6,5.6
2022-06-01,C_202101_P_V,2021-01-01,Prime,Variable,0.0536,1.75,3.6,9.1,5.4
2022-07-01,C_202101_P_V,2021-01-01,Prime,Variable,0.0522,2.5,3.5,8.5,5.5
2022-08-01,C_202101_P_V,2021-01-01,Prime,Variable,0.0548,2.5,3.6,8.3,5.4
2022-09-01,C_202101_P_V,2021-01-01,Prime,Variable,0.0518,3.25,3.5,8.2,5.1
2022-10-01,C_202101_P_V,2021-01-01,Prime,Variable,0.0562,3.25,3.6,7.7,5.0
2022-11-01,C_202101_P_V,2021-01-01,Prime,Variable,0.0546,4.0,3.6,7.1,5.1
2022-12-01,C_202101_P_V,2021-01-01,Prime,Variable,0.0511,4.5,3.5,6.5,4.9
2023-01-01,C_202101_P_V,2021-01-01,Prime,Variable,0.053,4.5,3.5,6.4,4.5
2023-02-01,C_202101_P_V,2021-01-01,Prime,Variable,0.0517,4.75,3.6,6.0,4.8
2023-03-01,C_202101_P_V,2021-01-01,Prime,Variable,0.0533,5.0,3.5,5.0,4.6
2023-04-01,C_202101_P_V,2021-01-01,Prime,Variable,0.0548,5.0,3.4,4.9,4.6
2023-05-01,C_202101_P_V,2021-01-01,Prime,Variable,0.0477,5.25,3.6,4.0,4.4
2023-06-01,C_202101_P_V,2021-01-01,Prime,Variable,0.051,5.25,3.6,3.0,4.7
2023-07-01,C_202101_P_V,2021-01-01,Prime,Variable,0.0497,5.5,3.5,3.2,4.7
2023-08-01,C_202101_P_V,2021-01-01,Prime,Variable,0.0506,5.5,3.7,3.7,4.5
2023-09-01,C_202101_P_V,2021-01-01,Prime,Variable,0.0488,5.5,3.7,3.7,4.4
2023-10-01,C_202101_P_V,2021-01-01,Prime,Variable,0.0461,5.5,3.9,3.2,4.2
2023-11-01,C_202101_P_V,2021-01-01,Prime,Variable,0.0461,5.5,3.7,3.1,4.1
2023-12-01,C_202101_P_V,2021-01-01,Prime,Variable,0.0443,5.5,3.8,3.4,4.1
2021-02-01,C_202101_S_F,2021-01-01,Subprime,Fixed,0.048,0.25,6.2,1.7,5.3
2021-03-01,C_202101_S_F,2021-01-01,Subprime,Fixed,0.0468,0.25,6.1,2.6,4.5
2021-04-01,C_202101_S_F,2021-01-01,Subprime,Fixed,0.0514,0.25,6.1,4.2,0.6
2021-05-01,C_202101_S_F,2021-01-01,Subprime,Fixed,0.0483,0.25,5.8,5.0,2.3
2021-06-01,C_202101_S_F,2021-01-01,Subprime,Fixed,0.0478,0.25,5.9,5.4,3.9
2021-07-01,C_202101_S_F,2021-01-01,Subprime,Fixed,0.047,0.25,5.4,5.4,4.3
2021-08-01,C_202101_S_F,2021-01-01,Subprime,Fixed,0.0471,0.25,5.1,5.3,4.4
2021-09-01,C_202101_S_F,2021-01-01,Subprime,Fixed,0.0483,0.25,4.7,5.4,5.0
2021-10-01,C_202101_S_F,2021-01-01,Subprime,Fixed,0.0526,0.25,4.5,6.2,5.4
2021-11-01,C_202101_S_F,2021-01-01,Subprime,Fixed,0.0537,0.25,4.1,6.8,5.4
2021-12-01,C_202101_S_F,2021-01-01,Subprime,Fixed,0.05,0.25,3.9,7.0,4.9
2022-01-01,C_202101_S_F,2021-01-01,Subprime,Fixed,0.0555,0.25,4.0,7.5,5.6
2022-02-01,C_202101_S_F,2021-01-01,Subprime,Fixed,0.0531,0.25,3.9,7.9,5.3
2022-03-01,C_202101_S_F,2021-01-01,Subprime,Fixed,0.0547,0.5,3.7,8.5,5.9
2022-04-01,C_202101_S_F,2021-01-01,Subprime,Fixed,0.0579,0.5,3.7,8.3,5.8
2022-05-01,C_202101_S_F,2021-01-01,Subprime,Fixed,0.0566,1.0,3.6,8.6,5.6
2022-06-01,C_202101_S_F,2021-01-01,Subprime,Fixed,0.0544,1.75,3.6,9.1,5.4
2022-07-01,C_202101_S_F,2021-01-01,Subprime,Fixed,0.0532,2.5,3.5,8.5,5.5
2022-08-01,C_202101_S_F,2021-01-01,Subprime,Fixed,0.0507,2.5,3.6,8.3,5.4
2022-09-01,C_202101_S_F,2021-01-01,Subprime,Fixed,0.0534,3.25,3.5,8.2,5.1
2022-10-01,C_202101_S_F,2021-01-01,Subprime,Fixed,0.0542,3.25,3.6,7.7,5.0
2022-11-01,C_202101_S_F,2021-01-01,Subprime,Fixed,0.0524,4.0,3.6,7.1,5.1
2022-12-01,C_202101_S_F,2021-01-01,Subprime,Fixed,0.0538,4.5,3.5,6.5,4.9
2023-01-01,C_202101_S_F,2021-01-01,Subprime,Fixed,0.0538,4.5,3.5,6.4,4.5
2023-02-01,C_202101_S_F,2021-01-01,Subprime,Fixed,0.0527,4.75,3.6,6.0,4.8
2023-03-01,C_202101_S_F,2021-01-01,Subprime,Fixed,0.0514,5.0,3.5,5.0,4.6
2023-04-01,C_202101_S_F,2021-01-01,Subprime,Fixed,0.0524,5.0,3.4,4.9,4.6
2023-05-01,C_202101_S_F,2021-01-01,Subprime,Fixed,0.0523,5.25,3.6,4.0,4.4
2023-06-01,C_202101_S_F,2021-01-01,Subprime,Fixed,0.0486,5.25,3.6,3.0,4.7
2023-07-01,C_202101_S_F,2021-01-01,Subprime,Fixed,0.0528,5.5,3.5,3.2,4.7
2023-08-01,C_202101_S_F,2021-01-01,Subprime,Fixed,0.049,5.5,3.7,3.7,4.5
2023-09-01,C_202101_S_F,2021-01-01,Subprime,Fixed,0.0485,5.5,3.7,3.7,4.4
2023-10-01,C_202101_S_F,2021-01-01,Subprime,Fixed,0.049,5.5,3.9,3.2,4.2
2023-11-01,C_202101_S_F,2021-01-01,Subprime,Fixed,0.0472,5.5,3.7,3.1,4.1
2023-12-01,C_202101_S_F,2021-01-01,Subprime,Fixed,0.0478,5.5,3.8,3.4,4.1
2021-02-01,C_202101_S_V,2021-01-01,Subprime,Variable,0.0464,0.25,6.2,1.7,5.3
2021-03-01,C_202101_S_V,2021-01-01,Subprime,Variable,0.0455,0.25,6.1,2.6,4.5
2021-04-01,C_202101_S_V,2021-01-01,Subprime,Variable,0.0483,0.25,6.1,4.2,0.6
2021-05-01,C_202101_S_V,2021-01-01,Subprime,Variable,0.0461,0.25,5.8,5.0,2.3
2021-06-01,C_202101_S_V,2021-01-01,Subprime,Variable,0.0494,0.25,5.9,5.4,3.9
2021-07-01,C_202101_S_V,2021-01-01,Subprime,Variable,0.0499,0.25,5.4,5.4,4.3
2021-08-01,C_202101_S_V,2021-01-01,Subprime,Variable,0.0503,0.25,5.1,5.3,4.4
2021-09-01,C_202101_S_V,2021-01-01,Subprime,Variable,0.0512,0.25,4.7,5.4,5.0
2021-10-01,C_202101_S_V,2021-01-01,Subprime,Variable,0.0483,0.25,4.5,6.2,5.4
2021-11-01,C_202101_S_V,2021-01-01,Subprime,Variable,0.0516,0.25,4.1,6.8,5.4
2021-12-01,C_202101_S_V,2021-01-01,Subprime,Variable,0.0534,0.25,3.9,7.0,4.9
2022-01-01,C_202101_S_V,2021-01-01,Subprime,Variable,0.054,0.25,4.0,7.5,5.6
2022-02-01,C_202101_S_V,2021-01-01,Subprime,Variable,0.052,0.25,3.9,7.9,5.3
2022-03-01,C_202101_S_V,2021-01-01,Subprime,Variable,0.0569,0.5,3.7,8.5,5.9
2022-04-01,C_202101_S_V,2021-01-01,Subprime,Variable,0.0529,0.5,3.7,8.3,5.8
2022-05-01,C_202101_S_V,2021-01-01,Subprime,Variable,0.0568,1.0,3.6,8.6,5.6
2022-06-01,C_202101_S_V,2021-01-01,Subprime,Variable,0.1008,1.75,3.6,9.1,5.4
2022-07-01,C_202101_S_V,2021-01-01,Subprime,Variable,0.0987,2.5,3.5,8.5,5.5
2022-08-01,C_202101_S_V,2021-01-01,Subprime,Variable,0.1035,2.5,3.6,8.3,5.4
2022-09-01,C_202101_S_V,2021-01-01,Subprime,Variable,0.0975,3.25,3.5,8.2,5.1
2022-10-01,C_202101_S_V,2021-01-01,Subprime,Variable,0.1015,3.25,3.6,7.7,5.0
2022-11-01,C_202101_S_V,2021-01-01,Subprime,Variable,0.1014,4.0,3.6,7.1,5.1
2022-12-01,C_202101_S_V,2021-01-01,Subprime,Variable,0.0977,4.5,3.5,6.5,4.9
2023-01-01,C_202101_S_V,2021-01-01,Subprime,Variable,0.1014,4.5,3.5,6.4,4.5
2023-02-01,C_202101_S_V,2021-01-01,Subprime,Variable,0.0977,4.75,3.6,6.0,4.8
2023-03-01,C_202101_S_V,2021-01-01,Subprime,Variable,0.0982,5.0,3.5,5.0,4.6
2023-04-01,C_202101_S_V,2021-01-01,Subprime,Variable,0.0976,5.0,3.4,4.9,4.6
2023-05-01,C_202101_S_V,2021-01-01,Subprime,Variable,0.0962,5.25,3.6,4.0,4.4
2023-06-01,C_202101_S_V,2021-01-01,Subprime,Variable,0.0974,5.25,3.6,3.0,4.7
2023-07-01,C_202101_S_V,2021-01-01,Subprime,Variable,0.0966,5.5,3.5,3.2,4.7
2023-08-01,C_202101_S_V,2021-01-01,Subprime,Variable,0.0907,5.5,3.7,3.7,4.5
2023-09-01,C_202101_S_V,2021-01-01,Subprime,Variable,0.096,5.5,3.7,3.7,4.4
2023-10-01,C_202101_S_V,2021-01-01,Subprime,Variable,0.0893,5.5,3.9,3.2,4.2
2023-11-01,C_202101_S_V,2021-01-01,Subprime,Variable,0.0938,5.5,3.7,3.1,4.1
2023-12-01,C_202101_S_V,2021-01-01,Subprime,Variable,0.0931,5.5,3.8,3.4,4.1
2021-03-01,C_202102_P_F,2021-02-01,Prime,Fixed,0.0137,0.25,6.1,2.6,4.5
2021-04-01,C_202102_P_F,2021-02-01,Prime,Fixed,0.0159,0.25,6.1,4.2,0.6
2021-05-01,C_202102_P_F,2021-02-01,Prime,Fixed,0.0154,0.25,5.8,5.0,2.3
2021-06-01,C_202102_P_F,2021-02-01,Prime,Fixed,0.018,0.25,5.9,5.4,3.9
2021-07-01,C_202102_P_F,2021-02-01,Prime,Fixed,0.0186,0.25,5.4,5.4,4.3
2021-08-01,C_202102_P_F,2021-02-01,Prime,Fixed,0.0216,0.25,5.1,5.3,4.4
2021-09-01,C_202102_P_F,2021-02-01,Prime,Fixed,0.0234,0.25,4.7,5.4,5.0
2021-10-01,C_202102_P_F,2021-02-01,Prime,Fixed,0.0242,0.25,4.5,6.2,5.4
2021-11-01,C_202102_P_F,2021-02-01,Prime,Fixed,0.0209,0.25,4.1,6.8,5.4
2021-12-01,C_202102_P_F,2021-02-01,Prime,Fixed,0.0222,0.25,3.9,7.0,4.9
2022-01-01,C_202102_P_F,2021-02-01,Prime,Fixed,0.0198,0.25,4.0,7.5,5.6
2022-02-01,C_202102_P_F,2021-02-01,Prime,Fixed,0.022,0.25,3.9,7.9,5.3
2022-03-01,C_202102_P_F,2021-02-01,Prime,Fixed,0.026,0.5,3.7,8.5,5.9
2022-04-01,C_202102_P_F,2021-02-01,Prime,Fixed,0.0276,0.5,3.7,8.3,5.8
2022-05-01,C_202102_P_F,2021-02-01,Prime,Fixed,0.0222,1.0,3.6,8.6,5.6
2022-06-01,C_202102_P_F,2021-02-01,Prime,Fixed,0.0237,1.75,3.6,9.1,5.4
2022-07-01,C_202102_P_F,2021-02-01,Prime,Fixed,0.0249,2.5,3.5,8.5,5.5
2022-08-01,C_202102_P_F,2021-02-01,Prime,Fixed,0.0256,2.5,3.6,8.3,5.4
2022-09-01,C_202102_P_F,2021-02-01,Prime,Fixed,0.0233,3.25,3.5,8.2,5.1
2022-10-01,C_202102_P_F,2021-02-01,Prime,Fixed,0.0257,3.25,3.6,7.7,5.0
2022-11-01,C_202102_P_F,2021-02-01,Prime,Fixed,0.0237,4.0,3.6,7.1,5.1
2022-12-01,C_202102_P_F,2021-02-01,Prime,Fixed,0.0244,4.5,3.5,6.5,4.9
2023-01-01,C_202102_P_F,2021-02-01,Prime,Fixed,0.0252,4.5,3.5,6.4,4.5
2023-02-01,C_202102_P_F,2021-02-01,Prime,Fixed,0.0237,4.75,3.6,6.0,4.8
2023-03-01,C_202102_P_F,2021-02-01,Prime,Fixed,0.0223,5.0,3.5,5.0,4.6
2023-04-01,C_202102_P_F,2021-02-01,Prime,Fixed,0.0224,5.0,3.4,4.9,4.6
2023-05-01,C_202102_P_F,2021-02-01,Prime,Fixed,0.0219,5.25,3.6,4.0,4.4
2023-06-01,C_202102_P_F,2021-02-01,Prime,Fixed,0.0207,5.25,3.6,3.0,4.7
2023-07-01,C_202102_P_F,2021-02-01,Prime,Fixed,0.0202,5.5,3.5,3.2,4.7
2023-08-01,C_202102_P_F,2021-02-01,Prime,Fixed,0.0232,5.5,3.7,3.7,4.5
2023-09-01,C_202102_P_F,2021-02-01,Prime,Fixed,0.0203,5.5,3.7,3.7,4.4
2023-10-01,C_202102_P_F,2021-02-01,Prime,Fixed,0.0178,5.5,3.9,3.2,4.2
2023-11-01,C_202102_P_F,2021-02-01,Prime,Fixed,0.019,5.5,3.7,3.1,4.1
2023-12-01,C_202102_P_F,2021-02-01,Prime,Fixed,0.0161,5.5,3.8,3.4,4.1
2021-03-01,C_202102_P_V,2021-02-01,Prime,Variable,0.0182,0.25,6.1,2.6,4.5
2021-04-01,C_202102_P_V,2021-02-01,Prime,Variable,0.0175,0.25,6.1,4.2,0.6
2021-05-01,C_202102_P_V,2021-02-01,Prime,Variable,0.0174,0.25,5.8,5.0,2.3
2021-06-01,C_202102_P_V,2021-02-01,Prime,Variable,0.0193,0.25,5.9,5.4,3.9
2021-07-01,C_202102_P_V,2021-02-01,Prime,Variable,0.0161,0.25,5.4,5.4,4.3
2021-08-01,C_202102_P_V,2021-02-01,Prime,Variable,0.0177,0.25,5.1,5.3,4.4
2021-09-01,C_202102_P_V,2021-02-01,Prime,Variable,0.0183,0.25,4.7,5.4,5.0
2021-10-01,C_202102_P_V,2021-02-01,Prime,Variable,0.0217,0.25,4.5,6.2,5.4
2021-11-01,C_202102_P_V,2021-02-01,Prime,Variable,0.0255,0.25,4.1,6.8,5.4
2021-12-01,C_202102_P_V,2021-02-01,Prime,Variable,0.0271,0.25,3.9,7.0,4.9
2022-01-01,C_202102_P_V,2021-02-01,Prime,Variable,0.0245,0.25,4.0,7.5,5.6
2022-02-01,C_202102_P_V,2021-02-01,Prime,Variable,0.0247,0.25,3.9,7.9,5.3
2022-03-01,C_202102_P_V,2021-02-01,Prime,Variable,0.0205,0.5,3.7,8.5,5.9
2022-04-01,C_202102_P_V,2021-02-01,Prime,Variable,0.0233,0.5,3.7,8.3,5.8
2022-05-01,C_202102_P_V,2021-02-01,Prime,Variable,0.0231,1.0,3.6,8.6,5.6
2022-06-01,C_202102_P_V,2021-02-01,Prime,Variable,0.0536,1.75,3.6,9.1,5.4
2022-07-01,C_202102_P_V,2021-02-01,Prime,Variable,0.0546,2.5,3.5,8.5,5.5
2022-08-01,C_202102_P_V,2021-02-01,Prime,Variable,0.0541,2.5,3.6,8.3,5.4
2022-09-01,C_202102_P_V,2021-02-01,Prime,Variable,0.051,3.25,3.5,8.2,5.1
2022-10-01,C_202102_P_V,2021-02-01,Prime,Variable,0.0563,3.25,3.6,7.7,5.0
2022-11-01,C_202102_P_V,2021-02-01,Prime,Variable,0.0525,4.0,3.6,7.1,5.1
2022-12-01,C_202102_P_V,2021-02-01,Prime,Variable,0.0549,4.5,3.5,6.5,4.9
2023-01-01,C_202102_P_V,2021-02-01,Prime,Variable,0.0582,4.5,3.5,6.4,4.5
2023-02-01,C_202102_P_V,2021-02-01,Prime,Variable,0.0518,4.75,3.6,6.0,4.8
2023-03-01,C_202102_P_V,2021-02-01,Prime,Variable,0.0481,5.0,3.5,5.0,4.6
2023-04-01,C_202102_P_V,2021-02-01,Prime,Variable,0.0521,5.0,3.4,4.9,4.6
2023-05-01,C_202102_P_V,2021-02-01,Prime,Variable,0.0543,5.25,3.6,4.0,4.4
2023-06-01,C_202102_P_V,2021-02-01,Prime,Variable,0.0553,5.25,3.6,3.0,4.7
2023-07-01,C_202102_P_V,2021-02-01,Prime,Variable,0.0483,5.5,3.5,3.2,4.7
2023-08-01,C_202102_P_V,2021-02-01,Prime,Variable,0.051,5.5,3.7,3.7,4.5
2023-09-01,C_202102_P_V,2021-02-01,Prime,Variable,0.0483,5.5,3.7,3.7,4.4
2023-10-01,C_202102_P_V,2021-02-01,Prime,Variable,0.0482,5.5,3.9,3.2,4.2
2023-11-01,C_202102_P_V,2021-02-01,Prime,Variable,0.0529,5.5,3.7,3.1,4.1
2023-12-01,C_202102_P_V,2021-02-01,Prime,Variable,0.0437,5.5,3.8,3.4,4.1
2021-03-01,C_202102_S_F,2021-02-01,Subprime,Fixed,0.0464,0.25,6.1,2.6,4.5
2021-04-01,C_202102_S_F,2021-02-01,Subprime,Fixed,0.0477,0.25,6.1,4.2,0.6
2021-05-01,C_202102_S_F,2021-02-01,Subprime,Fixed,0.0498,0.25,5.8,5.0,2.3
2021-06-01,C_202102_S_F,2021-02-01,Subprime,Fixed,0.0486,0.25,5.9,5.4,3.9
2021-07-01,C_202102_S_F,2021-02-01,Subprime,Fixed,0.0498,0.25,5.4,5.4,4.3
2021-08-01,C_202102_S_F,2021-02-01,Subprime,Fixed,0.0492,0.25,5.1,5.3,4.4
2021-09-01,C_202102_S_F,2021-02-01,Subprime,Fixed,0.0513,0.25,4.7,5.4,5.0
2021-10-01,C_202102_S_F,2021-02-01,Subprime,Fixed,0.0507,0.25,4.5,6.2,5.4
2021-11-01,C_202102_S_F,2021-02-01,Subprime,Fixed,0.0533,0.25,4.1,6.8,5.4
2021-12-01,C_202102_S_F,2021-02-01,Subprime,Fixed,0.0519,0.25,3.9,7.0,4.9
2022-01-01,C_202102_S_F,2021-02-01,Subprime,Fixed,0.0539,0.25,4.0,7.5,5.6
2022-02-01,C_202102_S_F,2021-02-01,Subprime,Fixed,0.0536,0.25,3.9,7.9,5.3
2022-03-01,C_202102_S_F,2021-02-01,Subprime,Fixed,0.0563,0.5,3.7,8.5,5.9
2022-04-01,C_202102_S_F,2021-02-01,Subprime,Fixed,0.0543,0.5,3.7,8.3,5.8
2022-05-01,C_202102_S_F,2021-02-01,Subprime,Fixed,0.0511,1.0,3.6,8.6,5.6
2022-06-01,C_202102_S_F,2021-02-01,Subprime,Fixed,0.0574,1.75,3.6,9.1,5.4
2022-07-01,C_202102_S_F,2021-02-01,Subprime,Fixed,0.0532,2.5,3.5,8.5,5.5
2022-08-01,C_202102_S_F,2021-02-01,Subprime,Fixed,0.0537,2.5,3.6,8.3,5.4
2022-09-01,C_202102_S_F,2021-02-01,Subprime,Fixed,0.0538,3.25,3.5,8.2,5.1
2022-10-01,C_202102_S_F,2021-02-01,Subprime,Fixed,0.0576,3.25,3.6,7.7,5.0
2022-11-01,C_202102_S_F,2021-02-01,Subprime,Fixed,0.0504,4.0,3.6,7.1,5.1
2022-12-01,C_202102_S_F,2021-02-01,Subprime,Fixed,0.0607,4.5,3.5,6.5,4.9
2023-01-01,C_202102_S_F,2021-02-01,Subprime,Fixed,0.0562,4.5,3.5,6.4,4.5
2023-02-01,C_202102_S_F,2021-02-01,Subprime,Fixed,0.0541,4.75,3.6,6.0,4.8
2023-03-01,C_202102_S_F,2021-02-01,Subprime,Fixed,0.0531,5.0,3.5,5.0,4.6
2023-04-01,C_202102_S_F,2021-02-01,Subprime,Fixed,0.0532,5.0,3.4,4.9,4.6
2023-05-01,C_202102_S_F,2021-02-01,Subprime,Fixed,0.0531,5.25,3.6,4.0,4.4
2023-06-01,C_202102_S_F,2021-02-01,Subprime,Fixed,0.0527,5.25,3.6,3.0,4.7
2023-07-01,C_202102_S_F,2021-02-01,Subprime,Fixed,0.0518,5.5,3.5,3.2,4.7
2023-08-01,C_202102_S_F,2021-02-01,Subprime,Fixed,0.0502,5.5,3.7,3.7,4.5
2023-09-01,C_202102_S_F,2021-02-01,Subprime,Fixed,0.0488,5.5,3.7,3.7,4.4
2023-10-01,C_202102_S_F,2021-02-01,Subprime,Fixed,0.0481,5.5,3.9,3.2,4.2
2023-11-01,C_202102_S_F,2021-02-01,Subprime,Fixed,0.0472,5.5,3.7,3.1,4.1
2023-12-01,C_202102_S_F,2021-02-01,Subprime,Fixed,0.049,5.5,3.8,3.4,4.1
2021-03-01,C_202102_S_V,2021-02-01,Subprime,Variable,0.0471,0.25,6.1,2.6,4.5
2021-04-01,C_202102_S_V,2021-02-01,Subprime,Variable,0.0409,0.25,6.1,4.2,0.6
2021-05-01,C_202102_S_V,2021-02-01,Subprime,Variable,0.0489,0.25,5.8,5.0,2.3
2021-06-01,C_202102_S_V,2021-02-01,Subprime,Variable,0.0488,0.25,5.9,5.4,3.9
2021-07-01,C_202102_S_V,2021-02-01,Subprime,Variable,0.0492,0.25,5.4,5.4,4.3
2021-08-01,C_202102_S_V,2021-02-01,Subprime,Variable,0.0492,0.25,5.1,5.3,4.4
2021-09-01,C_202102_S_V,2021-02-01,Subprime,Variable,0.053,0.25,4.7,5.4,5.0
2021-10-01,C_202102_S_V,2021-02-01,Subprime,Variable,0.0533,0.25,4.5,6.2,5.4
2021-11-01,C_202102_S_V,2021-02-01,Subprime,Variable,0.0505,0.25,4.1,6.8,5.4
2021-12-01,C_202102_S_V,2021-02-01,Subprime,Variable,0.0535,0.25,3.9,7.0,4.9
2022-01-01,C_202102_S_V,2021-02-01,Subprime,Variable,0.0512,0.25,4.0,7.5,5.6
2022-02-01,C_202102_S_V,2021-02-01,Subprime,Variable,0.0509,0.25,3.9,7.9,5.3
2022-03-01,C_202102_S_V,2021-02-01,Subprime,Variable,0.0528,0.5,3.7,8.5,5.9
2022-04-01,C_202102_S_V,2021-02-01,Subprime,Variable,0.0561,0.5,3.7,8.3,5.8
2022-05-01,C_202102_S_V,2021-02-01,Subprime,Variable,0.0566,1.0,3.6,8.6,5.6
2022-06-01,C_202102_S_V,2021-02-01,Subprime,Variable,0.1009,1.75,3.6,9.1,5.4
2022-07-01,C_202102_S_V,2021-02-01,Subprime,Variable,0.1014,2.5,3.5,8.5,5.5
2022-08-01,C_202102_S_V,2021-02-01,Subprime,Variable,0.101,2.5,3.6,8.3,5.4
2022-09-01,C_202102_S_V,2021-02-01,Subprime,Variable,0.0987,3.25,3.5,8.2,5.1
2022-10-01,C_202102_S_V,2021-02-01,Subprime,Variable,0.1007,3.25,3.6,7.7,5.0
2022-11-01,C_202102_S_V,2021-02-01,Subprime,Variable,0.1013,4.0,3.6,7.1,5.1
2022-12-01,C_202102_S_V,2021-02-01,Subprime,Variable,0.1009,4.5,3.5,6.5,4.9
2023-01-01,C_202102_S_V,2021-02-01,Subprime,Variable,0.1014,4.5,3.5,6.4,4.5
2023-02-01,C_202102_S_V,2021-02-01,Subprime,Variable,0.1001,4.75,3.6,6.0,4.8
2023-03-01,C_202102_S_V,2021-02-01,Subprime,Variable,0.0989,5.0,3.5,5.0,4.6
2023-04-01,C_202102_S_V,2021-02-01,Subprime,Variable,0.0998,5.0,3.4,4.9,4.6
2023-05-01,C_202102_S_V,2021-02-01,Subprime,Variable,0.097,5.25,3.6,4.0,4.4
2023-06-01,C_202102_S_V,2021-02-01,Subprime,Variable,0.0947,5.25,3.6,3.0,4.7
2023-07-01,C_202102_S_V,2021-02-01,Subprime,Variable,0.0954,5.5,3.5,3.2,4.7
2023-08-01,C_202102_S_V,2021-02-01,Subprime,Variable,0.0935,5.5,3.7,3.7,4.5
2023-09-01,C_202102_S_V,2021-02-01,Subprime,Variable,0.0929,5.5,3.7,3.7,4.4
2023-10-01,C_202102_S_V,2021-02-01,Subprime,Variable,0.0931,5.5,3.9,3.2,4.2
2023-11-01,C_202102_S_V,2021-02-01,Subprime,Variable,0.091,5.5,3.7,3.1,4.1
2023-12-01,C_202102_S_V,2021-02-01,Subprime,Variable,0.0911,5.5,3.8,3.4,4.1
2021-04-01,C_202103_P_F,2021-03-01,Prime,Fixed,0.0121,0.25,6.1,4.2,0.6
2021-05-01,C_202103_P_F,2021-03-01,Prime,Fixed,0.0172,0.25,5.8,5.0,2.3
2021-06-01,C_202103_P_F,2021-03-01,Prime,Fixed,0.0176,0.25,5.9,5.4,3.9
2021-07-01,C_202103_P_F,2021-03-01,Prime,Fixed,0.0168,0.25,5.4,5.4,4.3
2021-08-01,C_202103_P_F,2021-03-01,Prime,Fixed,0.0205,0.25,5.1,5.3,4.4
2021-09-01,C_202103_P_F,2021-03-01,Prime,Fixed,0.0219,0.25,4.7,5.4,5.0
2021-10-01,C_202103_P_F,2021-03-01,Prime,Fixed,0.0175,0.25,4.5,6.2,5.4
2021-11-01,C_202103_P_F,2021-03-01,Prime,Fixed,0.0199,0.25,4.1,6.8,5.4
2021-12-01,C_202103_P_F,2021-03-01,Prime,Fixed,0.0205,0.25,3.9,7.0,4.9
2022-01-01,C_202103_P_F,2021-03-01,Prime,Fixed,0.0208,0.25,4.0,7.5,5.6
2022-02-01,C_202103_P_F,2021-03-01,Prime,Fixed,0.0249,0.25,3.9,7.9,5.3
2022-03-01,C_202103_P_F,2021-03-01,Prime,Fixed,0.0233,0.5,3.7,8.5,5.9
2022-04-01,C_202103_P_F,2021-03-01,Prime,Fixed,0.0235,0.5,3.7,8.3,5.8
2022-05-01,C_202103_P_F,2021-03-01,Prime,Fixed,0.0204,1.0,3.6,8.6,5.6
2022-06-01,C_202103_P_F,2021-03-01,Prime,Fixed,0.0259,1.75,3.6,9.1,5.4
2022-07-01,C_202103_P_F,2021-03-01,Prime,Fixed,0.0224,2.5,3.5,8.5,5.5
2022-08-01,C_202103_P_F,2021-03-01,Prime,Fixed,0.0251,2.5,3.6,8.3,5.4
2022-09-01,C_202103_P_F,2021-03-01,Prime,Fixed,0.0256,3.25,3.5,8.2,5.1
2022-10-01,C_202103_P_F,2021-03-01,Prime,Fixed,0.0277,3.25,3.6,7.7,5.0
2022-11-01,C_202103_P_F,2021-03-01,Prime,Fixed,0.0222,4.0,3.6,7.1,5.1
2022-12-01,C_202103_P_F,2021-03-01,Prime,Fixed,0.0186,4.5,3.5,6.5,4.9
2023-01-01,C_202103_P_F,2021-03-01,Prime,Fixed,0.0248,4.5,3.5,6.4,4.5
2023-02-01,C_202103_P_F,2021-03-01,Prime,Fixed,0.0277,4.75,3.6,6.0,4.8
2023-03-01,C_202103_P_F,2021-03-01,Prime,Fixed,0.0261,5.0,3.5,5.0,4.6
2023-04-01,C_202103_P_F,2021-03-01,Prime,Fixed,0.0236,5.0,3.4,4.9,4.6
2023-05-01,C_202103_P_F,2021-03-01,Prime,Fixed,0.0217,5.25,3.6,4.0,4.4
2023-06-01,C_202103_P_F,2021-03-01,Prime,Fixed,0.0237,5.25,3.6,3.0,4.7
2023-07-01,C_202103_P_F,2021-03-01,Prime,Fixed,0.0195,5.5,3.5,3.2,4.7
2023-08-01,C_202103_P_F,2021-03-01,Prime,Fixed,0.0217,5.5,3.7,3.7,4.5
2023-09-01,C_202103_P_F,2021-03-01,Prime,Fixed,0.021,5.5,3.7,3.7,4.4
2023-10-01,C_202103_P_F,2021-03-01,Prime,Fixed,0.0213,5.5,3.9,3.2,4.2
2023-11-01,C_202103_P_F,2021-03-01,Prime,Fixed,0.0239,5.5,3.7,3.1,4.1
2023-12-01,C_202103_P_F,2021-03-01,Prime,Fixed,0.0184,5.5,3.8,3.4,4.1
2021-04-01,C_202103_P_V,2021-03-01,Prime,Variable,0.0149,0.25,6.1,4.2,0.6
2021-05-01,C_202103_P_V,2021-03-01,Prime,Variable,0.0167,0.25,5.8,5.0,2.3
2021-06-01,C_202103_P_V,2021-03-01,Prime,Variable,0.0141,0.25,5.9,5.4,3.9
2021-07-01,C_202103_P_V,2021-03-01,Prime,Variable,0.017,0.25,5.4,5.4,4.3
2021-08-01,C_202103_P_V,2021-03-01,Prime,Variable,0.0184,0.25,5.1,5.3,4.4
2021-09-01,C_202103_P_V,2021-03-01,Prime,Variable,0.019,0.25,4.7,5.4,5.0
2021-10-01,C_202103_P_V,2021-03-01,Prime,Variable,0.021,0.25,4.5,6.2,5.4
2021-11-01,C_202103_P_V,2021-03-01,Prime,Variable,0.0198,0.25,4.1,6.8,5.4
2021-12-01,C_202103_P_V,2021-03-01,Prime,Variable,0.0243,0.25,3.9,7.0,4.9
2022-01-01,C_202103_P_V,2021-03-01,Prime,Variable,0.0227,0.25,4.0,7.5,5.6
2022-02-01,C_202103_P_V,2021-03-01,Prime,Variable,0.0232,0.25,3.9,7.9,5.3
2022-03-01,C_202103_P_V,2021-03-01,Prime,Variable,0.023,0.5,3.7,8.5,5.9
2022-04-01,C_202103_P_V,2021-03-01,Prime,Variable,0.0244,0.5,3.7,8.3,5.8
2022-05-01,C_202103_P_V,2021-03-01,Prime,Variable,0.026,1.0,3.6,8.6,5.6
2022-06-01,C_202103_P_V,2021-03-01,Prime,Variable,0.0529,1.75,3.6,9.1,5.4
2022-07-01,C_202103_P_V,2021-03-01,Prime,Variable,0.0535,2.5,3.5,8.5,5.5
2022-08-01,C_202103_P_V,2021-03-01,Prime,Variable,0.0544,2.5,3.6,8.3,5.4
2022-09-01,C_202103_P_V,2021-03-01,Prime,Variable,0.0523,3.25,3.5,8.2,5.1
2022-10-01,C_202103_P_V,2021-03-01,Prime,Variable,0.0533,3.25,3.6,7.7,5.0
2022-11-01,C_202103_P_V,2021-03-01,Prime,Variable,0.0539,4.0,3.6,7.1,5.1
2022-12-01,C_202103_P_V,2021-03-01,Prime,Variable,0.0564,4.5,3.5,6.5,4.9
2023-01-01,C_202103_P_V,2021-03-01,Prime,Variable,0.0549,4.5,3.5,6.4,4.5
2023-02-01,C_202103_P_V,2021-03-01,Prime,Variable,0.0545,4.75,3.6,6.0,4.8
2023-03-01,C_202103_P_V,2021-03-01,Prime,Variable,0.0554,5.0,3.5,5.0,4.6
2023-04-01,C_202103_P_V,2021-03-01,Prime,Variable,0.0529,5.0,3.4,4.9,4.6
2023-05-01,C_202103_P_V,2021-03-01,Prime,Variable,0.0534,5.25,3.6,4.0,4.4
2023-06-01,C_202103_P_V,2021-03-01,Prime,Variable,0.0519,5.25,3.6,3.0,4.7
2023-07-01,C_202103_P_V,2021-03-01,Prime,Variable,0.052,5.5,3.5,3.2,4.7
2023-08-01,C_202103_P_V,2021-03-01,Prime,Variable,0.0496,5.5,3.7,3.7,4.5
2023-09-01,C_202103_P_V,2021-03-01,Prime,Variable,0.0451,5.5,3.7,3.7,4.4
2023-10-01,C_202103_P_V,2021-03-01,Prime,Variable,0.049,5.5,3.9,3.2,4.2
2023-11-01,C_202103_P_V,2021-03-01,Prime,Variable,0.0513,5.5,3.7,3.1,4.1
2023-12-01,C_202103_P_V,2021-03-01,Prime,Variable,0.0494,5.5,3.8,3.4,4.1
2021-04-01,C_202103_S_F,2021-03-01,Subprime,Fixed,0.0478,0.25,6.1,4.2,0.6
2021-05-01,C_202103_S_F,2021-03-01,Subprime,Fixed,0.0492,0.25,5.8,5.0,2.3
2021-06-01,C_202103_S_F,2021-03-01,Subprime,Fixed,0.0478,0.25,5.9,5.4,3.9
2021-07-01,C_202103_S_F,2021-03-01,Subprime,Fixed,0.0488,0.25,5.4,5.4,4.3
2021-08-01,C_202103_S_F,2021-03-01,Subprime,Fixed,0.048,0.25,5.1,5.3,4.4
2021-09-01,C_202103_S_F,2021-03-01,Subprime,Fixed,0.0494,0.25,4.7,5.4,5.0
2021-10-01,C_202103_S_F,2021-03-01,Subprime,Fixed,0.052,0.25,4.5,6.2,5.4
2021-11-01,C_202103_S_F,2021-03-01,Subprime,Fixed,0.0538,0.25,4.1,6.8,5.4
2021-12-01,C_202103_S_F,2021-03-01,Subprime,Fixed,0.0518,0.25,3.9,7.0,4.9
2022-01-01,C_202103_S_F,2021-03-01,Subprime,Fixed,0.0518,0.25,4.0,7.5,5.6
2022-02-01,C_202103_S_F,2021-03-01,Subprime,Fixed,0.0532,0.25,3.9,7.9,5.3
2022-03-01,C_202103_S_F,2021-03-01,Subprime,Fixed,0.0549,0.5,3.7,8.5,5.9
2022-04-01,C_202103_S_F,2021-03-01,Subprime,Fixed,0.0512,0.5,3.7,8.3,5.8
2022-05-01,C_202103_S_F,2021-03-01,Subprime,Fixed,0.0498,1.0,3.6,8.6,5.6
2022-06-01,C_202103_S_F,2021-03-01,Subprime,Fixed,0.0536,1.75,3.6,9.1,5.4
2022-07-01,C_202103_S_F,2021-03-01,Subprime,Fixed,0.0524,2.5,3.5,8.5,5.5
2022-08-01,C_202103_S_F,2021-03-01,Subprime,Fixed,0.0539,2.5,3.6,8.3,5.4
2022-09-01,C_202103_S_F,2021-03-01,Subprime,Fixed,0.0547,3.25,3.5,8.2,5.1
2022-10-01,C_202103_S_F,2021-03-01,Subprime,Fixed,0.0541,3.25,3.6,7.7,5.0
2022-11-01,C_202103_S_F,2021-03-01,Subprime,Fixed,0.0578,4.0,3.6,7.1,5.1
2022-12-01,C_202103_S_F,2021-03-01,Subprime,Fixed,0.0553,4.5,3.5,6.5,4.9
2023-01-01,C_202103_S_F,2021-03-01,Subprime,Fixed,0.055,4.5,3.5,6.4,4.5
2023-02-01,C_202103_S_F,2021-03-01,Subprime,Fixed,0.0553,4.75,3.6,6.0,4.8
2023-03-01,C_202103_S_F,2021-03-01,Subprime,Fixed,0.0514,5.0,3.5,5.0,4.6
2023-04-01,C_202103_S_F,2021-03-01,Subprime,Fixed,0.0553,5.0,3.4,4.9,4.6
2023-05-01,C_202103_S_F,2021-03-01,Subprime,Fixed,0.0525,5.25,3.6,4.0,4.4
2023-06-01,C_202103_S_F,2021-03-01,Subprime,Fixed,0.0534,5.25,3.6,3.0,4.7
2023-07-01,C_202103_S_F,2021-03-01,Subprime,Fixed,0.0493,5.5,3.5,3.2,4.7
2023-08-01,C_202103_S_F,2021-03-01,Subprime,Fixed,0.0476,5.5,3.7,3.7,4.5
2023-09-01,C_202103_S_F,2021-03-01,Subprime,Fixed,0.0516,5.5,3.7,3.7,4.4
2023-10-01,C_202103_S_F,2021-03-01,Subprime,Fixed,0.05,5.5,3.9,3.2,4.2
2023-11-01,C_202103_S_F,2021-03-01,Subprime,Fixed,0.0466,5.5,3.7,3.1,4.1
2023-12-01,C_202103_S_F,2021-03-01,Subprime,Fixed,0.0458,5.5,3.8,3.4,4.1
2021-04-01,C_202103_S_V,2021-03-01,Subprime,Variable,0.0481,0.25,6.1,4.2,0.6
2021-05-01,C_202103_S_V,2021-03-01,Subprime,Variable,0.0444,0.25,5.8,5.0,2.3
2021-06-01,C_202103_S_V,2021-03-01,Subprime,Variable,0.0509,0.25,5.9,5.4,3.9
2021-07-01,C_202103_S_V,2021-03-01,Subprime,Variable,0.0466,0.25,5.4,5.4,4.3
2021-08-01,C_202103_S_V,2021-03-01,Subprime,Variable,0.0505,0.25,5.1,5.3,4.4
2021-09-01,C_202103_S_V,2021-03-01,Subprime,Variable,0.0493,0.25,4.7,5.4,5.0
2021-10-01,C_202103_S_V,2021-03-01,Subprime,Variable,0.0519,0.25,4.5,6.2,5.4
2021-11-01,C_202103_S_V,2021-03-01,Subprime,Variable,0.0503,0.25,4.1,6.8,5.4
2021-12-01,C_202103_S_V,2021-03-01,Subprime,Variable,0.0517,0.25,3.9,7.0,4.9
2022-01-01,C_202103_S_V,2021-03-01,Subprime,Variable,0.0527,0.25,4.0,7.5,5.6
2022-02-01,C_202103_S_V,2021-03-01,Subprime,Variable,0.0512,0.25,3.9,7.9,5.3
2022-03-01,C_202103_S_V,2021-03-01,Subprime,Variable,0.0551,0.5,3.7,8.5,5.9
2022-04-01,C_202103_S_V,2021-03-01,Subprime,Variable,0.053,0.5,3.7,8.3,5.8
2022-05-01,C_202103_S_V,2021-03-01,Subprime,Variable,0.0539,1.0,3.6,8.6,5.6
2022-06-01,C_202103_S_V,2021-03-01,Subprime,Variable,0.0977,1.75,3.6,9.1,5.4
2022-07-01,C_202103_S_V,2021-03-01,Subprime,Variable,0.0947,2.5,3.5,8.5,5.5
2022-08-01,C_202103_S_V,2021-03-01,Subprime,Variable,0.0996,2.5,3.6,8.3,5.4
2022-09-01,C_202103_S_V,2021-03-01,Subprime,Variable,0.1048,3.25,3.5,8.2,5.1
2022-10-01,C_202103_S_V,2021-03-01,Subprime,Variable,0.1015,3.25,3.6,7.7,5.0
2022-11-01,C_202103_S_V,2021-03-01,Subprime,Variable,0.0998,4.0,3.6,7.1,5.1
2022-12-01,C_202103_S_V,2021-03-01,Subprime,Variable,0.0991,4.5,3.5,6.5,4.9
2023-01-01,C_202103_S_V,2021-03-01,Subprime,Variable,0.0994,4.5,3.5,6.4,4.5
2023-02-01,C_202103_S_V,2021-03-01,Subprime,Variable,0.1002,4.75,3.6,6.0,4.8
2023-03-01,C_202103_S_V,2021-03-01,Subprime,Variable,0.0963,5.0,3.5,5.0,4.6
2023-04-01,C_202103_S_V,2021-03-01,Subprime,Variable,0.1004,5.0,3.4,4.9,4.6
2023-05-01,C_202103_S_V,2021-03-01,Subprime,Variable,0.0991,5.25,3.6,4.0,4.4
2023-06-01,C_202103_S_V,2021-03-01,Subprime,Variable,0.0985,5.25,3.6,3.0,4.7
2023-07-01,C_202103_S_V,2021-03-01,Subprime,Variable,0.0973,5.5,3.5,3.2,4.7
2023-08-01,C_202103_S_V,2021-03-01,Subprime,Variable,0.0958,5.5,3.7,3.7,4.5
2023-09-01,C_202103_S_V,2021-03-01,Subprime,Variable,0.0963,5.5,3.7,3.7,4.4
2023-10-01,C_202103_S_V,2021-03-01,Subprime,Variable,0.0954,5.5,3.9,3.2,4.2
2023-11-01,C_202103_S_V,2021-03-01,Subprime,Variable,0.0927,5.5,3.7,3.1,4.1
2023-12-01,C_202103_S_V,2021-03-01,Subprime,Variable,0.0914,5.5,3.8,3.4,4.1
2021-05-01,C_202104_P_F,2021-04-01,Prime,Fixed,0.0161,0.25,5.8,5.0,2.3
2021-06-01,C_202104_P_F,2021-04-01,Prime,Fixed,0.0198,0.25,5.9,5.4,3.9
2021-07-01,C_202104_P_F,2021-04-01,Prime,Fixed,0.0151,0.25,5.4,5.4,4.3
2021-08-01,C_202104_P_F,2021-04-01,Prime,Fixed,0.0155,0.25,5.1,5.3,4.4
2021-09-01,C_202104_P_F,2021-04-01,Prime,Fixed,0.0196,0.25,4.7,5.4,5.0
2021-10-01,C_202104_P_F,2021-04-01,Prime,Fixed,0.0201,0.25,4.5,6.2,5.4
2021-11-01,C_202104_P_F,2021-04-01,Prime,Fixed,0.0211,0.25,4.1,6.8,5.4
2021-12-01,C_202104_P_F,2021-04-01,Prime,Fixed,0.0219,0.25,3.9,7.0,4.9
2022-01-01,C_202104_P_F,2021-04-01,Prime,Fixed,0.0216,0.25,4.0,7.5,5.6
2022-02-01,C_202104_P_F,2021-04-01,Prime,Fixed,0.0256,0.25,3.9,7.9,5.3
2022-03-01,C_202104_P_F,2021-04-01,Prime,Fixed,0.02,0.5,3.7,8.5,5.9
2022-04-01,C_202104_P_F,2021-04-01,Prime,Fixed,0.022,0.5,3.7,8.3,5.8
2022-05-01,C_202104_P_F,2021-04-01,Prime,Fixed,0.0239,1.0,3.6,8.6,5.6
2022-06-01,C_202104_P_F,2021-04-01,Prime,Fixed,0.0211,1.75,3.6,9.1,5.4
2022-07-01,C_202104_P_F,2021-04-01,Prime,Fixed,0.0243,2.5,3.5,8.5,5.5
2022-08-01,C_202104_P_F,2021-04-01,Prime,Fixed,0.0282,2.5,3.6,8.3,5.4
2022-09-01,C_202104_P_F,2021-04-01,Prime,Fixed,0.025,3.25,3.5,8.2,5.1
2022-10-01,C_202104_P_F,2021-04-01,Prime,Fixed,0.0255,3.25,3.6,7.7,5.0
2022-11-01,C_202104_P_F,2021-04-01,Prime,Fixed,0.0224,4.0,3.6,7.1,5.1
2022-12-01,C_202104_P_F,2021-04-01,Prime,Fixed,0.0236,4.5,3.5,6.5,4.9
2023-01-01,C_202104_P_F,2021-04-01,Prime,Fixed,0.0239,4.5,3.5,6.4,4.5
2023-02-01,C_202104_P_F,2021-04-01,Prime,Fixed,0.0238,4.75,3.6,6.0,4.8
2023-03-01,C_202104_P_F,2021-04-01,Prime,Fixed,0.0266,5.0,3.5,5.0,4.6
2023-04-01,C_202104_P_F,2021-04-01,Prime,Fixed,0.0248,5.0,3.4,4.9,4.6
2023-05-01,C_202104_P_F,2021-04-01,Prime,Fixed,0.021,5.25,3.6,4.0,4.4
2023-06-01,C_202104_P_F,2021-04-01,Prime,Fixed,0.0232,5.25,3.6,3.0,4.7
2023-07-01,C_202104_P_F,2021-04-01,Prime,Fixed,0.0231,5.5,3.5,3.2,4.7
2023-08-01,C_202104_P_F,2021-04-01,Prime,Fixed,0.0237,5.5,3.7,3.7,4.5
2023-09-01,C_202104_P_F,2021-04-01,Prime,Fixed,0.0239,5.5,3.7,3.7,4.4
2023-10-01,C_202104_P_F,2021-04-01,Prime,Fixed,0.018,5.5,3.9,3.2,4.2
2023-11-01,C_202104_P_F,2021-04-01,Prime,Fixed,0.0176,5.5,3.7,3.1,4.1
2023-12-01,C_202104_P_F,2021-04-01,Prime,Fixed,0.0159,5.5,3.8,3.4,4.1
2021-05-01,C_202104_P_V,2021-04-01,Prime,Variable,0.0154,0.25,5.8,5.0,2.3
2021-06-01,C_202104_P_V,2021-04-01,Prime,Variable,0.0177,0.25,5.9,5.4,3.9
2021-07-01,C_202104_P_V,2021-04-01,Prime,Variable,0.0196,0.25,5.4,5.4,4.3
2021-08-01,C_202104_P_V,2021-04-01,Prime,Variable,0.0183,0.25,5.1,5.3,4.4
2021-09-01,C_202104_P_V,2021-04-01,Prime,Variable,0.0186,0.25,4.7,5.4,5.0
2021-10-01,C_202104_P_V,2021-04-01,Prime,Variable,0.0203,0.25,4.5,6.2,5.4
2021-11-01,C_202104_P_V,2021-04-01,Prime,Variable,0.0191,0.25,4.1,6.8,5.4
2021-12-01,C_202104_P_V,2021-04-01,Prime,Variable,0.0256,0.25,3.9,7.0,4.9
2022-01-01,C_202104_P_V,2021-04-01,Prime,Variable,0.0189,0.25,4.0,7.5,5.6
2022-02-01,C_202104_P_V,2021-04-01,Prime,Variable,0.023,0.25,3.9,7.9,5.3
2022-03-01,C_202104_P_V,2021-04-01,Prime,Variable,0.0272,0.5,3.7,8.5,5.9
2022-04-01,C_202104_P_V,2021-04-01,Prime,Variable,0.0237,0.5,3.7,8.3,5.8
2022-05-01,C_202104_P_V,2021-04-01,Prime,Variable,0.0237,1.0,3.6,8.6,5.6
2022-06-01,C_202104_P_V,2021-04-01,Prime,Variable,0.0537,1.75,3.6,9.1,5.4
2022-07-01,C_202104_P_V,2021-04-01,Prime,Variable,0.0543,2.5,3.5,8.5,5.5
2022-08-01,C_202104_P_V,2021-04-01,Prime,Variable,0.0576,2.5,3.6,8.3,5.4
2022-09-01,C_202104_P_V,2021-04-01,Prime,Variable,0.0505,3.25,3.5,8.2,5.1
2022-10-01,C_202104_P_V,2021-04-01,Prime,Variable,0.0581,3.25,3.6,7.7,5.0
2022-11-01,C_202104_P_V,2021-04-01,Prime,Variable,0.0521,4.0,3.6,7.1,5.1
2022-12-01,C_202104_P_V,2021-04-01,Prime,Variable,0.0543,4.5,3.5,6.5,4.9
2023-01-01,C_202104_P_V,2021-04-01,Prime,Variable,0.0538,4.5,3.5,6.4,4.5
2023-02-01,C_202104_P_V,2021-04-01,Prime,Variable,0.0556,4.75,3.6,6.0,4.8
2023-03-01,C_202104_P_V,2021-04-01,Prime,Variable,0.0509,5.0,3.5,5.0,4.6
2023-04-01,C_202104_P_V,2021-04-01,Prime,Variable,0.0546,5.0,3.4,4.9,4.6
2023-05-01,C_202104_P_V,2021-04-01,Prime,Variable,0.0572,5.25,3.6,4.0,4.4
2023-06-01,C_202104_P_V,2021-04-01,Prime,Variable,0.0499,5.25,3.6,3.0,4.7
2023-07-01,C_202104_P_V,2021-04-01,Prime,Variable,0.0525,5.5,3.5,3.2,4.7
2023-08-01,C_202104_P_V,2021-04-01,Prime,Variable,0.0501,5.5,3.7,3.7,4.5
2023-09-01,C_202104_P_V,2021-04-01,Prime,Variable,0.0516,5.5,3.7,3.7,4.4
2023-10-01,C_202104_P_V,2021-04-01,Prime,Variable,0.05,5.5,3.9,3.2,4.2
2023-11-01,C_202104_P_V,2021-04-01,Prime,Variable,0.0479,5.5,3.7,3.1,4.1
2023-12-01,C_202104_P_V,2021-04-01,Prime,Variable,0.0494,5.5,3.8,3.4,4.1
2021-05-01,C_202104_S_F,2021-04-01,Subprime,Fixed,0.0495,0.25,5.8,5.0,2.3
2021-06-01,C_202104_S_F,2021-04-01,Subprime,Fixed,0.0464,0.25,5.9,5.4,3.9
2021-07-01,C_202104_S_F,2021-04-01,Subprime,Fixed,0.049,0.25,5.4,5.4,4.3
2021-08-01,C_202104_S_F,2021-04-01,Subprime,Fixed,0.0458,0.25,5.1,5.3,4.4
2021-09-01,C_202104_S_F,2021-04-01,Subprime,Fixed,0.0473,0.25,4.7,5.4,5.0
2021-10-01,C_202104_S_F,2021-04-01,Subprime,Fixed,0.0509,0.25,4.5,6.2,5.4
2021-11-01,C_202104_S_F,2021-04-01,Subprime,Fixed,0.0537,0.25,4.1,6.8,5.4
2021-12-01,C_202104_S_F,2021-04-01,Subprime,Fixed,0.0521,0.25,3.9,7.0,4.9
2022-01-01,C_202104_S_F,2021-04-01,Subprime,Fixed,0.0514,0.25,4.0,7.5,5.6
2022-02-01,C_202104_S_F,2021-04-01,Subprime,Fixed,0.0527,0.25,3.9,7.9,5.3
2022-03-01,C_202104_S_F,2021-04-01,Subprime,Fixed,0.0507,0.5,3.7,8.5,5.9
2022-04-01,C_202104_S_F,2021-04-01,Subprime,Fixed,0.0549,0.5,3.7,8.3,5.8
2022-05-01,C_202104_S_F,2021-04-01,Subprime,Fixed,0.0558,1.0,3.6,8.6,5.6
2022-06-01,C_202104_S_F,2021-04-01,Subprime,Fixed,0.0535,1.75,3.6,9.1,5.4
2022-07-01,C_202104_S_F,2021-04-01,Subprime,Fixed,0.0537,2.5,3.5,8.5,5.5
2022-08-01,C_202104_S_F,2021-04-01,Subprime,Fixed,0.0554,2.5,3.6,8.3,5.4
2022-09-01,C_202104_S_F,2021-04-01,Subprime,Fixed,0.0541,3.25,3.5,8.2,5.1
2022-10-01,C_202104_S_F,2021-04-01,Subprime,Fixed,0.0549,3.25,3.6,7.7,5.0
2022-11-01,C_202104_S_F,2021-04-01,Subprime,Fixed,0.0592,4.0,3.6,7.1,5.1
2022-12-01,C_202104_S_F,2021-04-01,Subprime,Fixed,0.0544,4.5,3.5,6.5,4.9
2023-01-01,C_202104_S_F,2021-04-01,Subprime,Fixed,0.0539,4.5,3.5,6.4,4.5
2023-02-01,C_202104_S_F,2021-04-01,Subprime,Fixed,0.0531,4.75,3.6,6.0,4.8
2023-03-01,C_202104_S_F,2021-04-01,Subprime,Fixed,0.0556,5.0,3.5,5.0,4.6
2023-04-01,C_202104_S_F,2021-04-01,Subprime,Fixed,0.0533,5.0,3.4,4.9,4.6
2023-05-01,C_202104_S_F,2021-04-01,Subprime,Fixed,0.0519,5.25,3.6,4.0,4.4
2023-06-01,C_202104_S_F,2021-04-01,Subprime,Fixed,0.0553,5.25,3.6,3.0,4.7
2023-07-01,C_202104_S_F,2021-04-01,Subprime,Fixed,0.0549,5.5,3.5,3.2,4.7
2023-08-01,C_202104_S_F,2021-04-01,Subprime,Fixed,0.0502,5.5,3.7,3.7,4.5
2023-09-01,C_202104_S_F,2021-04-01,Subprime,Fixed,0.047,5.5,3.7,3.7,4.4
2023-10-01,C_202104_S_F,2021-04-01,Subprime,Fixed,0.052,5.5,3.9,3.2,4.2
2023-11-01,C_202104_S_F,2021-04-01,Subprime,Fixed,0.0479,5.5,3.7,3.1,4.1
2023-12-01,C_202104_S_F,2021-04-01,Subprime,Fixed,0.05,5.5,3.8,3.4,4.1
2021-05-01,C_202104_S_V,2021-04-01,Subprime,Variable,0.0419,0.25,5.8,5.0,2.3
2021-06-01,C_202104_S_V,2021-04-01,Subprime,Variable,0.0485,0.25,5.9,5.4,3.9
2021-07-01,C_202104_S_V,2021-04-01,Subprime,Variable,0.0452,0.25,5.4,5.4,4.3
2021-08-01,C_202104_S_V,2021-04-01,Subprime,Variable,0.0499,0.25,5.1,5.3,4.4
2021-09-01,C_202104_S_V,2021-04-01,Subprime,Variable,0.0493,0.25,4.7,5.4,5.0
2021-10-01,C_202104_S_V,2021-04-01,Subprime,Variable,0.0481,0.25,4.5,6.2,5.4
2021-11-01,C_202104_S_V,2021-04-01,Subprime,Variable,0.0499,0.25,4.1,6.8,5.4
2021-12-01,C_202104_S_V,2021-04-01,Subprime,Variable,0.0528,0.25,3.9,7.0,4.9
2022-01-01,C_202104_S_V,2021-04-01,Subprime,Variable,0.0523,0.25,4.0,7.5,5.6
2022-02-01,C_202104_S_V,2021-04-01,Subprime,Variable,0.0538,0.25,3.9,7.9,5.3
2022-03-01,C_202104_S_V,2021-04-01,Subprime,Variable,0.0571,0.5,3.7,8.5,5.9
2022-04-01,C_202104_S_V,2021-04-01,Subprime,Variable,0.0505,0.5,3.7,8.3,5.8
2022-05-01,C_202104_S_V,2021-04-01,Subprime,Variable,0.0573,1.0,3.6,8.6,5.6
2022-06-01,C_202104_S_V,2021-04-01,Subprime,Variable,0.0996,1.75,3.6,9.1,5.4
2022-07-01,C_202104_S_V,2021-04-01,Subprime,Variable,0.0979,2.5,3.5,8.5,5.5
2022-08-01,C_202104_S_V,2021-04-01,Subprime,Variable,0.0972,2.5,3.6,8.3,5.4
2022-09-01,C_202104_S_V,2021-04-01,Subprime,Variable,0.0996,3.25,3.5,8.2,5.1
2022-10-01,C_202104_S_V,2021-04-01,Subprime,Variable,0.1018,3.25,3.6,7.7,5.0
2022-11-01,C_202104_S_V,2021-04-01,Subprime,Variable,0.0997,4.0,3.6,7.1,5.1
2022-12-01,C_202104_S_V,2021-04-01,Subprime,Variable,0.1029,4.5,3.5,6.5,4.9
2023-01-01,C_202104_S_V,2021-04-01,Subprime,Variable,0.0968,4.5,3.5,6.4,4.5
2023-02-01,C_202104_S_V,2021-04-01,Subprime,Variable,0.0994,4.75,3.6,6.0,4.8
2023-03-01,C_202104_S_V,2021-04-01,Subprime,Variable,0.0966,5.0,3.5,5.0,4.6
2023-04-01,C_202104_S_V,2021-04-01,Subprime,Variable,0.0994,5.0,3.4,4.9,4.6
2023-05-01,C_202104_S_V,2021-04-01,Subprime,Variable,0.1,5.25,3.6,4.0,4.4
2023-06-01,C_202104_S_V,2021-04-01,Subprime,Variable,0.0968,5.25,3.6,3.0,4.7
2023-07-01,C_202104_S_V,2021-04-01,Subprime,Variable,0.0919,5.5,3.5,3.2,4.7
2023-08-01,C_202104_S_V,2021-04-01,Subprime,Variable,0.0968,5.5,3.7,3.7,4.5
2023-09-01,C_202104_S_V,2021-04-01,Subprime,Variable,0.0966,5.5,3.7,3.7,4.4
2023-10-01,C_202104_S_V,2021-04-01,Subprime,Variable,0.0958,5.5,3.9,3.2,4.2
2023-11-01,C_202104_S_V,2021-04-01,Subprime,Variable,0.0967,5.5,3.7,3.1,4.1
2023-12-01,C_202104_S_V,2021-04-01,Subprime,Variable,0.0913,5.5,3.8,3.4,4.1
2021-06-01,C_202105_P_F,2021-05-01,Prime,Fixed,0.0172,0.25,5.9,5.4,3.9
2021-07-01,C_202105_P_F,2021-05-01,Prime,Fixed,0.0191,0.25,5.4,5.4,4.3
2021-08-01,C_202105_P_F,2021-05-01,Prime,Fixed,0.014,0.25,5.1,5.3,4.4
2021-09-01,C_202105_P_F,2021-05-01,Prime,Fixed,0.0191,0.25,4.7,5.4,5.0
2021-10-01,C_202105_P_F,2021-05-01,Prime,Fixed,0.0182,0.25,4.5,6.2,5.4
2021-11-01,C_202105_P_F,2021-05-01,Prime,Fixed,0.0198,0.25,4.1,6.8,5.4
2021-12-01,C_202105_P_F,2021-05-01,Prime,Fixed,0.0214,0.25,3.9,7.0,4.9
2022-01-01,C_202105_P_F,2021-05-01,Prime,Fixed,0.0205,0.25,4.0,7.5,5.6
2022-02-01,C_202105_P_F,2021-05-01,Prime,Fixed,0.0207,0.25,3.9,7.9,5.3
2022-03-01,C_202105_P_F,2021-05-01,Prime,Fixed,0.0227,0.5,3.7,8.5,5.9
2022-04-01,C_202105_P_F,2021-05-01,Prime,Fixed,0.021,0.5,3.7,8.3,5.8
2022-05-01,C_202105_P_F,2021-05-01,Prime,Fixed,0.0215,1.0,3.6,8.6,5.6
2022-06-01,C_202105_P_F,2021-05-01,Prime,Fixed,0.0254,1.75,3.6,9.1,5.4
2022-07-01,C_202105_P_F,2021-05-01,Prime,Fixed,0.0221,2.5,3.5,8.5,5.5
2022-08-01,C_202105_P_F,2021-05-01,Prime,Fixed,0.026,2.5,3.6,8.3,5.4
2022-09-01,C_202105_P_F,2021-05-01,Prime,Fixed,0.0258,3.25,3.5,8.2,5.1
2022-10-01,C_202105_P_F,2021-05-01,Prime,Fixed,0.0215,3.25,3.6,7.7,5.0
2022-11-01,C_202105_P_F,2021-05-01,Prime,Fixed,0.0236,4.0,3.6,7.1,5.1
2022-12-01,C_202105_P_F,2021-05-01,Prime,Fixed,0.0274,4.5,3.5,6.5,4.9
2023-01-01,C_202105_P_F,2021-05-01,Prime,Fixed,0.0229,4.5,3.5,6.4,4.5
2023-02-01,C_202105_P_F,2021-05-01,Prime,Fixed,0.0237,4.75,3.6,6.0,4.8
2023-03-01,C_202105_P_F,2021-05-01,Prime,Fixed,0.0253,5.0,3.5,5.0,4.6
2023-04-01,C_202105_P_F,2021-05-01,Prime,Fixed,0.0256,5.0,3.4,4.9,4.6
2023-05-01,C_202105_P_F,2021-05-01,Prime,Fixed,0.0232,5.25,3.6,4.0,4.4
2023-06-01,C_202105_P_F,2021-05-01,Prime,Fixed,0.022,5.25,3.6,3.0,4.7
2023-07-01,C_202105_P_F,2021-05-01,Prime,Fixed,0.0255,5.5,3.5,3.2,4.7
2023-08-01,C_202105_P_F,2021-05-01,Prime,Fixed,0.0255,5.5,3.7,3.7,4.5
2023-09-01,C_202105_P_F,2021-05-01,Prime,Fixed,0.0234,5.5,3.7,3.7,4.4
2023-10-01,C_202105_P_F,2021-05-01,Prime,Fixed,0.0209,5.5,3.9,3.2,4.2
2023-11-01,C_202105_P_F,2021-05-01,Prime,Fixed,0.0184,5.5,3.7,3.1,4.1
2023-12-01,C_202105_P_F,2021-05-01,Prime,Fixed,0.0176,5.5,3.8,3.4,4.1
2021-06-01,C_202105_P_V,2021-05-01,Prime,Variable,0.0169,0.25,5.9,5.4,3.9
2021-07-01,C_202105_P_V,2021-05-01,Prime,Variable,0.0176,0.25,5.4,5.4,4.3
2021-08-01,C_202105_P_V,2021-05-01,Prime,Variable,0.0204,0.25,5.1,5.3,4.4
2021-09-01,C_202105_P_V,2021-05-01,Prime,Variable,0.0197,0.25,4.7,5.4,5.0
2021-10-01,C_202105_P_V,2021-05-01,Prime,Variable,0.0162,0.25,4.5,6.2,5.4
2021-11-01,C_202105_P_V,2021-05-01,Prime,Variable,0.0221,0.25,4.1,6.8,5.4
2021-12-01,C_202105_P_V,2021-05-01,Prime,Variable,0.0187,0.25,3.9,7.0,4.9
2022-01-01,C_202105_P_V,2021-05-01,Prime,Variable,0.0207,0.25,4.0,7.5,5.6
2022-02-01,C_202105_P_V,2021-05-01,Prime,Variable,0.0226,0.25,3.9,7.9,5.3
2022-03-01,C_202105_P_V,2021-05-01,Prime,Variable,0.0267,0.5,3.7,8.5,5.9
2022-04-01,C_202105_P_V,2021-05-01,Prime,Variable,0.0294,0.5,3.7,8.3,5.8
2022-05-01,C_202105_P_V,2021-05-01,Prime,Variable,0.0249,1.0,3.6,8.6,5.6
2022-06-01,C_202105_P_V,2021-05-01,Prime,Variable,0.0537,1.75,3.6,9.1,5.4
2022-07-01,C_202105_P_V,2021-05-01,Prime,Variable,0.0555,2.5,3.5,8.5,5.5
2022-08-01,C_202105_P_V,2021-05-01,Prime,Variable,0.0564,2.5,3.6,8.3,5.4
2022-09-01,C_202105_P_V,2021-05-01,Prime,Variable,0.0542,3.25,3.5,8.2,5.1
2022-10-01,C_202105_P_V,2021-05-01,Prime,Variable,0.0586,3.25,3.6,7.7,5.0
2022-11-01,C_202105_P_V,2021-05-01,Prime,Variable,0.0555,4.0,3.6,7.1,5.1
2022-12-01,C_202105_P_V,2021-05-01,Prime,Variable,0.056,4.5,3.5,6.5,4.9
2023-01-01,C_202105_P_V,2021-05-01,Prime,Variable,0.0562,4.5,3.5,6.4,4.5
2023-02-01,C_202105_P_V,2021-05-01,Prime,Variable,0.0555,4.75,3.6,6.0,4.8
2023-03-01,C_202105_P_V,2021-05-01,Prime,Variable,0.0561,5.0,3.5,5.0,4.6
2023-04-01,C_202105_P_V,2021-05-01,Prime,Variable,0.0528,5.0,3.4,4.9,4.6
2023-05-01,C_202105_P_V,2021-05-01,Prime,Variable,0.0525,5.25,3.6,4.0,4.4
2023-06-01,C_202105_P_V,2021-05-01,Prime,Variable,0.051,5.25,3.6,3.0,4.7
2023-07-01,C_202105_P_V,2021-05-01,Prime,Variable,0.0535,5.5,3.5,3.2,4.7
2023-08-01,C_202105_P_V,2021-05-01,Prime,Variable,0.0536,5.5,3.7,3.7,4.5
2023-09-01,C_202105_P_V,2021-05-01,Prime,Variable,0.0523,5.5,3.7,3.7,4.4
2023-10-01,C_202105_P_V,2021-05-01,Prime,Variable,0.0541,5.5,3.9,3.2,4.2
2023-11-01,C_202105_P_V,2021-05-01,Prime,Variable,0.05,5.5,3.7,3.1,4.1
2023-12-01,C_202105_P_V,2021-05-01,Prime,Variable,0.0506,5.5,3.8,3.4,4.1
2021-06-01,C_202105_S_F,2021-05-01,Subprime,Fixed,0.0437,0.25,5.9,5.4,3.9
2021-07-01,C_202105_S_F,2021-05-01,Subprime,Fixed,0.046,0.25,5.4,5.4,4.3
2021-08-01,C_202105_S_F,2021-05-01,Subprime,Fixed,0.049,0.25,5.1,5.3,4.4
2021-09-01,C_202105_S_F,2021-05-01,Subprime,Fixed,0.0501,0.25,4.7,5.4,5.0
2021-10-01,C_202105_S_F,2021-05-01,Subprime,Fixed,0.0486,0.25,4.5,6.2,5.4
2021-11-01,C_202105_S_F,2021-05-01,Subprime,Fixed,0.0499,0.25,4.1,6.8,5.4
2021-12-01,C_202105_S_F,2021-05-01,Subprime,Fixed,0.0477,0.25,3.9,7.0,4.9
2022-01-01,C_202105_S_F,2021-05-01,Subprime,Fixed,0.0507,0.25,4.0,7.5,5.6
2022-02-01,C_202105_S_F,2021-05-01,Subprime,Fixed,0.0539,0.25,3.9,7.9,5.3
2022-03-01,C_202105_S_F,2021-05-01,Subprime,Fixed,0.0538,0.5,3.7,8.5,5.9
2022-04-01,C_202105_S_F,2021-05-01,Subprime,Fixed,0.0542,0.5,3.7,8.3,5.8
2022-05-01,C_202105_S_F,2021-05-01,Subprime,Fixed,0.0538,1.0,3.6,8.6,5.6
2022-06-01,C_202105_S_F,2021-05-01,Subprime,Fixed,0.0541,1.75,3.6,9.1,5.4
2022-07-01,C_202105_S_F,2021-05-01,Subprime,Fixed,0.0531,2.5,3.5,8.5,5.5
2022-08-01,C_202105_S_F,2021-05-01,Subprime,Fixed,0.0561,2.5,3.6,8.3,5.4
2022-09-01,C_202105_S_F,2021-05-01,Subprime,Fixed,0.0557,3.25,3.5,8.2,5.1
2022-10-01,C_202105_S_F,2021-05-01,Subprime,Fixed,0.0559,3.25,3.6,7.7,5.0
2022-11-01,C_202105_S_F,2021-05-01,Subprime,Fixed,0.0539,4.0,3.6,7.1,5.1
2022-12-01,C_202105_S_F,2021-05-01,Subprime,Fixed,0.0507,4.5,3.5,6.5,4.9
2023-01-01,C_202105_S_F,2021-05-01,Subprime,Fixed,0.057,4.5,3.5,6.4,4.5
2023-02-01,C_202105_S_F,2021-05-01,Subprime,Fixed,0.0537,4.75,3.6,6.0,4.8
2023-03-01,C_202105_S_F,2021-05-01,Subprime,Fixed,0.0527,5.0,3.5,5.0,4.6
2023-04-01,C_202105_S_F,2021-05-01,Subprime,Fixed,0.0555,5.0,3.4,4.9,4.6
2023-05-01,C_202105_S_F,2021-05-01,Subprime,Fixed,0.0529,5.25,3.6,4.0,4.4
2023-06-01,C_202105_S_F,2021-05-01,Subprime,Fixed,0.0553,5.25,3.6,3.0,4.7
2023-07-01,C_202105_S_F,2021-05-01,Subprime,Fixed,0.0539,5.5,3.5,3.2,4.7
2023-08-01,C_202105_S_F,2021-05-01,Subprime,Fixed,0.0534,5.5,3.7,3.7,4.5
2023-09-01,C_202105_S_F,2021-05-01,Subprime,Fixed,0.0487,5.5,3.7,3.7,4.4
2023-10-01,C_202105_S_F,2021-05-01,Subprime,Fixed,0.0532,5.5,3.9,3.2,4.2
2023-11-01,C_202105_S_F,2021-05-01,Subprime,Fixed,0.0505,5.5,3.7,3.1,4.1
2023-12-01,C_202105_S_F,2021-05-01,Subprime,Fixed,0.0485,5.5,3.8,3.4,4.1
2021-06-01,C_202105_S_V,2021-05-01,Subprime,Variable,0.0462,0.25,5.9,5.4,3.9
2021-07-01,C_202105_S_V,2021-05-01,Subprime,Variable,0.0432,0.25,5.4,5.4,4.3
2021-08-01,C_202105_S_V,2021-05-01,Subprime,Variable,0.0484,0.25,5.1,5.3,4.4
2021-09-01,C_202105_S_V,2021-05-01,Subprime,Variable,0.0464,0.25,4.7,5.4,5.0
2021-10-01,C_202105_S_V,2021-05-01,Subprime,Variable,0.0465,0.25,4.5,6.2,5.4
2021-11-01,C_202105_S_V,2021-05-01,Subprime,Variable,0.047,0.25,4.1,6.8,5.4
2021-12-01,C_202105_S_V,2021-05-01,Subprime,Variable,0.053,0.25,3.9,7.0,4.9
2022-01-01,C_202105_S_V,2021-05-01,Subprime,Variable,0.0502,0.25,4.0,7.5,5.6
2022-02-01,C_202105_S_V,2021-05-01,Subprime,Variable,0.0551,0.25,3.9,7.9,5.3
2022-03-01,C_202105_S_V,2021-05-01,Subprime,Variable,0.0516,0.5,3.7,8.5,5.9
2022-04-01,C_202105_S_V,2021-05-01,Subprime,Variable,0.0498,0.5,3.7,8.3,5.8
2022-05-01,C_202105_S_V,2021-05-01,Subprime,Variable,0.0514,1.0,3.6,8.6,5.6
2022-06-01,C_202105_S_V,2021-05-01,Subprime,Variable,0.1015,1.75,3.6,9.1,5.4
2022-07-01,C_202105_S_V,2021-05-01,Subprime,Variable,0.0991,2.5,3.5,8.5,5.5
2022-08-01,C_202105_S_V,2021-05-01,Subprime,Variable,0.0986,2.5,3.6,8.3,5.4
2022-09-01,C_202105_S_V,2021-05-01,Subprime,Variable,0.1002,3.25,3.5,8.2,5.1
2022-10-01,C_202105_S_V,2021-05-01,Subprime,Variable,0.101,3.25,3.6,7.7,5.0
2022-11-01,C_202105_S_V,2021-05-01,Subprime,Variable,0.1022,4.0,3.6,7.1,5.1
2022-12-01,C_202105_S_V,2021-05-01,Subprime,Variable,0.1029,4.5,3.5,6.5,4.9
2023-01-01,C_202105_S_V,2021-05-01,Subprime,Variable,0.0991,4.5,3.5,6.4,4.5
2023-02-01,C_202105_S_V,2021-05-01,Subprime,Variable,0.097,4.75,3.6,6.0,4.8
2023-03-01,C_202105_S_V,2021-05-01,Subprime,Variable,0.0986,5.0,3.5,5.0,4.6
2023-04-01,C_202105_S_V,2021-05-01,Subprime,Variable,0.0996,5.0,3.4,4.9,4.6
2023-05-01,C_202105_S_V,2021-05-01,Subprime,Variable,0.0967,5.25,3.6,4.0,4.4
2023-06-01,C_202105_S_V,2021-05-01,Subprime,Variable,0.0963,5.25,3.6,3.0,4.7
2023-07-01,C_202105_S_V,2021-05-01,Subprime,Variable,0.0983,5.5,3.5,3.2,4.7
2023-08-01,C_202105_S_V,2021-05-01,Subprime,Variable,0.097,5.5,3.7,3.7,4.5
2023-09-01,C_202105_S_V,2021-05-01,Subprime,Variable,0.0965,5.5,3.7,3.7,4.4
2023-10-01,C_202105_S_V,2021-05-01,Subprime,Variable,0.0942,5.5,3.9,3.2,4.2
2023-11-01,C_202105_S_V,2021-05-01,Subprime,Variable,0.0945,5.5,3.7,3.1,4.1
2023-12-01,C_202105_S_V,2021-05-01,Subprime,Variable,0.0924,5.5,3.8,3.4,4.1
2021-07-01,C_202106_P_F,2021-06-01,Prime,Fixed,0.0177,0.25,5.4,5.4,4.3
2021-08-01,C_202106_P_F,2021-06-01,Prime,Fixed,0.0188,0.25,5.1,5.3,4.4
2021-09-01,C_202106_P_F,2021-06-01,Prime,Fixed,0.0139,0.25,4.7,5.4,5.0
2021-10-01,C_202106_P_F,2021-06-01,Prime,Fixed,0.0166,0.25,4.5,6.2,5.4
2021-11-01,C_202106_P_F,2021-06-01,Prime,Fixed,0.0162,0.25,4.1,6.8,5.4
2021-12-01,C_202106_P_F,2021-06-01,Prime,Fixed,0.0187,0.25,3.9,7.0,4.9
2022-01-01,C_202106_P_F,2021-06-01,Prime,Fixed,0.0206,0.25,4.0,7.5,5.6
2022-02-01,C_202106_P_F,2021-06-01,Prime,Fixed,0.0185,0.25,3.9,7.9,5.3
2022-03-01,C_202106_P_F,2021-06-01,Prime,Fixed,0.0202,0.5,3.7,8.5,5.9
2022-04-01,C_202106_P_F,2021-06-01,Prime,Fixed,0.0207,0.5,3.7,8.3,5.8
2022-05-01,C_202106_P_F,2021-06-01,Prime,Fixed,0.0236,1.0,3.6,8.6,5.6
2022-06-01,C_202106_P_F,2021-06-01,Prime,Fixed,0.0238,1.75,3.6,9.1,5.4
2022-07-01,C_202106_P_F,2021-06-01,Prime,Fixed,0.0226,2.5,3.5,8.5,5.5
2022-08-01,C_202106_P_F,2021-06-01,Prime,Fixed,0.0248,2.5,3.6,8.3,5.4
2022-09-01,C_202106_P_F,2021-06-01,Prime,Fixed,0.0236,3.25,3.5,8.2,5.1
2022-10-01,C_202106_P_F,2021-06-01,Prime,Fixed,0.0243,3.25,3.6,7.7,5.0
2022-11-01,C_202106_P_F,2021-06-01,Prime,Fixed,0.0283,4.0,3.6,7.1,5.1
2022-12-01,C_202106_P_F,2021-06-01,Prime,Fixed,0.0277,4.5,3.5,6.5,4.9
2023-01-01,C_202106_P_F,2021-06-01,Prime,Fixed,0.0224,4.5,3.5,6.4,4.5
2023-02-01,C_202106_P_F,2021-06-01,Prime,Fixed,0.0265,4.75,3.6,6.0,4.8
2023-03-01,C_202106_P_F,2021-06-01,Prime,Fixed,0.0263,5.0,3.5,5.0,4.6
2023-04-01,C_202106_P_F,2021-06-01,Prime,Fixed,0.0221,5.0,3.4,4.9,4.6
2023-05-01,C_202106_P_F,2021-06-01,Prime,Fixed,0.0257,5.25,3.6,4.0,4.4
2023-06-01,C_202106_P_F,2021-06-01,Prime,Fixed,0.0267,5.25,3.6,3.0,4.7
2023-07-01,C_202106_P_F,2021-06-01,Prime,Fixed,0.0209,5.5,3.5,3.2,4.7
2023-08-01,C_202106_P_F,2021-06-01,Prime,Fixed,0.0208,5.5,3.7,3.7,4.5
2023-09-01,C_202106_P_F,2021-06-01,Prime,Fixed,0.0241,5.5,3.7,3.7,4.4
2023-10-01,C_202106_P_F,2021-06-01,Prime,Fixed,0.022,5.5,3.9,3.2,4.2
2023-11-01,C_202106_P_F,2021-06-01,Prime,Fixed,0.0218,5.5,3.7,3.1,4.1
2023-12-01,C_202106_P_F,2021-06-01,Prime,Fixed,0.0207,5.5,3.8,3.4,4.1
2021-07-01,C_202106_P_V,2021-06-01,Prime,Variable,0.0167,0.25,5.4,5.4,4.3
2021-08-01,C_202106_P_V,2021-06-01,Prime,Variable,0.0141,0.25,5.1,5.3,4.4
2021-09-01,C_202106_P_V,2021-06-01,Prime,Variable,0.0197,0.25,4.7,5.4,5.0
2021-10-01,C_202106_P_V,2021-06-01,Prime,Variable,0.0208,0.25,4.5,6.2,5.4
2021-11-01,C_202106_P_V,2021-06-01,Prime,Variable,0.0188,0.25,4.1,6.8,5.4
2021-12-01,C_202106_P_V,2021-06-01,Prime,Variable,0.0199,0.25,3.9,7.0,4.9
2022-01-01,C_202106_P_V,2021-06-01,Prime,Variable,0.0177,0.25,4.0,7.5,5.6
2022-02-01,C_202106_P_V,2021-06-01,Prime,Variable,0.0225,0.25,3.9,7.9,5.3
2022-03-01,C_202106_P_V,2021-06-01,Prime,Variable,0.0232,0.5,3.7,8.5,5.9
2022-04-01,C_202106_P_V,2021-06-01,Prime,Variable,0.0225,0.5,3.7,8.3,5.8
2022-05-01,C_202106_P_V,2021-06-01,Prime,Variable,0.0254,1.0,3.6,8.6,5.6
2022-06-01,C_202106_P_V,2021-06-01,Prime,Variable,0.053,1.75,3.6,9.1,5.4
2022-07-01,C_202106_P_V,2021-06-01,Prime,Variable,0.0552,2.5,3.5,8.5,5.5
2022-08-01,C_202106_P_V,2021-06-01,Prime,Variable,0.0524,2.5,3.6,8.3,5.4
2022-09-01,C_202106_P_V,2021-06-01,Prime,Variable,0.0546,3.25,3.5,8.2,5.1
2022-10-01,C_202106_P_V,2021-06-01,Prime,Variable,0.0545,3.25,3.6,7.7,5.0
2022-11-01,C_202106_P_V,2021-06-01,Prime,Variable,0.0554,4.0,3.6,7.1,5.1
2022-12-01,C_202106_P_V,2021-06-01,Prime,Variable,0.0543,4.5,3.5,6.5,4.9
2023-01-01,C_202106_P_V,2021-06-01,Prime,Variable,0.0547,4.5,3.5,6.4,4.5
2023-02-01,C_202106_P_V,2021-06-01,Prime,Variable,0.0565,4.75,3.6,6.0,4.8
2023-03-01,C_202106_P_V,2021-06-01,Prime,Variable,0.0538,5.0,3.5,5.0,4.6
2023-04-01,C_202106_P_V,2021-06-01,Prime,Variable,0.0512,5.0,3.4,4.9,4.6
2023-05-01,C_202106_P_V,2021-06-01,Prime,Variable,0.0576,5.25,3.6,4.0,4.4
2023-06-01,C_202106_P_V,2021-06-01,Prime,Variable,0.0564,5.25,3.6,3.0,4.7
2023-07-01,C_202106_P_V,2021-06-01,Prime,Variable,0.0506,5.5,3.5,3.2,4.7
2023-08-01,C_202106_P_V,2021-06-01,Prime,Variable,0.054,5.5,3.7,3.7,4.5
2023-09-01,C_202106_P_V,2021-06-01,Prime,Variable,0.0511,5.5,3.7,3.7,4.4
2023-10-01,C_202106_P_V,2021-06-01,Prime,Variable,0.052,5.5,3.9,3.2,4.2
2023-11-01,C_202106_P_V,2021-06-01,Prime,Variable,0.0513,5.5,3.7,3.1,4.1
2023-12-01,C_202106_P_V,2021-06-01,Prime,Variable,0.0495,5.5,3.8,3.4,4.1
2021-07-01,C_202106_S_F,2021-06-01,Subprime,Fixed,0.0443,0.25,5.4,5.4,4.3
2021-08-01,C_202106_S_F,2021-06-01,Subprime,Fixed,0.0454,0.25,5.1,5.3,4.4
2021-09-01,C_202106_S_F,2021-06-01,Subprime,Fixed,0.0458,0.25,4.7,5.4,5.0
2021-10-01,C_202106_S_F,2021-06-01,Subprime,Fixed,0.0468,0.25,4.5,6.2,5.4
2021-11-01,C_202106_S_F,2021-06-01,Subprime,Fixed,0.0491,0.25,4.1,6.8,5.4
2021-12-01,C_202106_S_F,2021-06-01,Subprime,Fixed,0.0486,0.25,3.9,7.0,4.9
2022-01-01,C_202106_S_F,2021-06-01,Subprime,Fixed,0.0521,0.25,4.0,7.5,5.6
2022-02-01,C_202106_S_F,2021-06-01,Subprime,Fixed,0.0544,0.25,3.9,7.9,5.3
2022-03-01,C_202106_S_F,2021-06-01,Subprime,Fixed,0.0509,0.5,3.7,8.5,5.9
2022-04-01,C_202106_S_F,2021-06-01,Subprime,Fixed,0.0531,0.5,3.7,8.3,5.8
2022-05-01,C_202106_S_F,2021-06-01,Subprime,Fixed,0.0542,1.0,3.6,8.6,5.6
2022-06-01,C_202106_S_F,2021-06-01,Subprime,Fixed,0.0546,1.75,3.6,9.1,5.4
2022-07-01,C_202106_S_F,2021-06-01,Subprime,Fixed,0.0542,2.5,3.5,8.5,5.5
2022-08-01,C_202106_S_F,2021-06-01,Subprime,Fixed,0.0559,2.5,3.6,8.3,5.4
2022-09-01,C_202106_S_F,2021-06-01,Subprime,Fixed,0.0556,3.25,3.5,8.2,5.1
2022-10-01,C_202106_S_F,2021-06-01,Subprime,Fixed,0.0524,3.25,3.6,7.7,5.0
2022-11-01,C_202106_S_F,2021-06-01,Subprime,Fixed,0.0567,4.0,3.6,7.1,5.1
2022-12-01,C_202106_S_F,2021-06-01,Subprime,Fixed,0.0568,4.5,3.5,6.5,4.9
2023-01-01,C_202106_S_F,2021-06-01,Subprime,Fixed,0.0534,4.5,3.5,6.4,4.5
2023-02-01,C_202106_S_F,2021-06-01,Subprime,Fixed,0.0549,4.75,3.6,6.0,4.8
2023-03-01,C_202106_S_F,2021-06-01,Subprime,Fixed,0.056,5.0,3.5,5.0,4.6
2023-04-01,C_202106_S_F,2021-06-01,Subprime,Fixed,0.054,5.0,3.4,4.9,4.6
2023-05-01,C_202106_S_F,2021-06-01,Subprime,Fixed,0.0562,5.25,3.6,4.0,4.4
2023-06-01,C_202106_S_F,2021-06-01,Subprime,Fixed,0.0584,5.25,3.6,3.0,4.7
2023-07-01,C_202106_S_F,2021-06-01,Subprime,Fixed,0.0516,5.5,3.5,3.2,4.7
2023-08-01,C_202106_S_F,2021-06-01,Subprime,Fixed,0.0499,5.5,3.7,3.7,4.5
2023-09-01,C_202106_S_F,2021-06-01,Subprime,Fixed,0.0527,5.5,3.7,3.7,4.4
2023-10-01,C_202106_S_F,2021-06-01,Subprime,Fixed,0.0529,5.5,3.9,3.2,4.2
2023-11-01,C_202106_S_F,2021-06-01,Subprime,Fixed,0.0503,5.5,3.7,3.1,4.1
2023-12-01,C_202106_S_F,2021-06-01,Subprime,Fixed,0.0529,5.5,3.8,3.4,4.1
2021-07-01,C_202106_S_V,2021-06-01,Subprime,Variable,0.0432,0.25,5.4,5.4,4.3
2021-08-01,C_202106_S_V,2021-06-01,Subprime,Variable,0.0481,0.25,5.1,5.3,4.4
2021-09-01,C_202106_S_V,2021-06-01,Subprime,Variable,0.0464,0.25,4.7,5.4,5.0
2021-10-01,C_202106_S_V,2021-06-01,Subprime,Variable,0.0519,0.25,4.5,6.2,5.4
2021-11-01,C_202106_S_V,2021-06-01,Subprime,Variable,0.0532,0.25,4.1,6.8,5.4
2021-12-01,C_202106_S_V,2021-06-01,Subprime,Variable,0.0485,0.25,3.9,7.0,4.9
2022-01-01,C_202106_S_V,2021-06-01,Subprime,Variable,0.0496,0.25,4.0,7.5,5.6
2022-02-01,C_202106_S_V,2021-06-01,Subprime,Variable,0.0531,0.25,3.9,7.9,5.3
2022-03-01,C_202106_S_V,2021-06-01,Subprime,Variable,0.0513,0.5,3.7,8.5,5.9
2022-04-01,C_202106_S_V,2021-06-01,Subprime,Variable,0.0526,0.5,3.7,8.3,5.8
2022-05-01,C_202106_S_V,2021-06-01,Subprime,Variable,0.0532,1.0,3.6,8.6,5.6
2022-06-01,C_202106_S_V,2021-06-01,Subprime,Variable,0.0948,1.75,3.6,9.1,5.4
2022-07-01,C_202106_S_V,2021-06-01,Subprime,Variable,0.099,2.5,3.5,8.5,5.5
2022-08-01,C_202106_S_V,2021-06-01,Subprime,Variable,0.098,2.5,3.6,8.3,5.4
2022-09-01,C_202106_S_V,2021-06-01,Subprime,Variable,0.0987,3.25,3.5,8.2,5.1
2022-10-01,C_202106_S_V,2021-06-01,Subprime,Variable,0.1027,3.25,3.6,7.7,5.0
2022-11-01,C_202106_S_V,2021-06-01,Subprime,Variable,0.0974,4.0,3.6,7.1,5.1
2022-12-01,C_202106_S_V,2021-06-01,Subprime,Variable,0.1016,4.5,3.5,6.5,4.9
2023-01-01,C_202106_S_V,2021-06-01,Subprime,Variable,0.0994,4.5,3.5,6.4,4.5
2023-02-01,C_202106_S_V,2021-06-01,Subprime,Variable,0.0993,4.75,3.6,6.0,4.8
2023-03-01,C_202106_S_V,2021-06-01,Subprime,Variable,0.1012,5.0,3.5,5.0,4.6
2023-04-01,C_202106_S_V,2021-06-01,Subprime,Variable,0.1001,5.0,3.4,4.9,4.6
2023-05-01,C_202106_S_V,2021-06-01,Subprime,Variable,0.1002,5.25,3.6,4.0,4.4
2023-06-01,C_202106_S_V,2021-06-01,Subprime,Variable,0.1006,5.25,3.6,3.0,4.7
2023-07-01,C_202106_S_V,2021-06-01,Subprime,Variable,0.0975,5.5,3.5,3.2,4.7
2023-08-01,C_202106_S_V,2021-06-01,Subprime,Variable,0.0964,5.5,3.7,3.7,4.5
2023-09-01,C_202106_S_V,2021-06-01,Subprime,Variable,0.0949,5.5,3.7,3.7,4.4
2023-10-01,C_202106_S_V,2021-06-01,Subprime,Variable,0.0948,5.5,3.9,3.2,4.2
2023-11-01,C_202106_S_V,2021-06-01,Subprime,Variable,0.1016,5.5,3.7,3.1,4.1
2023-12-01,C_202106_S_V,2021-06-01,Subprime,Variable,0.0975,5.5,3.8,3.4,4.1
2021-08-01,C_202107_P_F,2021-07-01,Prime,Fixed,0.0132,0.25,5.1,5.3,4.4
2021-09-01,C_202107_P_F,2021-07-01,Prime,Fixed,0.0141,0.25,4.7,5.4,5.0
2021-10-01,C_202107_P_F,2021-07-01,Prime,Fixed,0.0186,0.25,4.5,6.2,5.4
2021-11-01,C_202107_P_F,2021-07-01,Prime,Fixed,0.0195,0.25,4.1,6.8,5.4
2021-12-01,C_202107_P_F,2021-07-01,Prime,Fixed,0.0203,0.25,3.9,7.0,4.9
2022-01-01,C_202107_P_F,2021-07-01,Prime,Fixed,0.0195,0.25,4.0,7.5,5.6
2022-02-01,C_202107_P_F,2021-07-01,Prime,Fixed,0.0205,0.25,3.9,7.9,5.3
2022-03-01,C_202107_P_F,2021-07-01,Prime,Fixed,0.0221,0.5,3.7,8.5,5.9
2022-04-01,C_202107_P_F,2021-07-01,Prime,Fixed,0.0222,0.5,3.7,8.3,5.8
2022-05-01,C_202107_P_F,2021-07-01,Prime,Fixed,0.0182,1.0,3.6,8.6,5.6
2022-06-01,C_202107_P_F,2021-07-01,Prime,Fixed,0.0227,1.75,3.6,9.1,5.4
2022-07-01,C_202107_P_F,2021-07-01,Prime,Fixed,0.022,2.5,3.5,8.5,5.5
2022-08-01,C_202107_P_F,2021-07-01,Prime,Fixed,0.0244,2.5,3.6,8.3,5.4
2022-09-01,C_202107_P_F,2021-07-01,Prime,Fixed,0.0304,3.25,3.5,8.2,5.1
2022-10-01,C_202107_P_F,2021-07-01,Prime,Fixed,0.0254,3.25,3.6,7.7,5.0
2022-11-01,C_202107_P_F,2021-07-01,Prime,Fixed,0.0242,4.0,3.6,7.1,5.1
2022-12-01,C_202107_P_F,2021-07-01,Prime,Fixed,0.0268,4.5,3.5,6.5,4.9
2023-01-01,C_202107_P_F,2021-07-01,Prime,Fixed,0.026,4.5,3.5,6.4,4.5
2023-02-01,C_202107_P_F,2021-07-01,Prime,Fixed,0.0258,4.75,3.6,6.0,4.8
2023-03-01,C_202107_P_F,2021-07-01,Prime,Fixed,0.0261,5.0,3.5,5.0,4.6
2023-04-01,C_202107_P_F,2021-07-01,Prime,Fixed,0.0288,5.0,3.4,4.9,4.6
2023-05-01,C_202107_P_F,2021-07-01,Prime,Fixed,0.0221,5.25,3.6,4.0,4.4
2023-06-01,C_202107_P_F,2021-07-01,Prime,Fixed,0.025,5.25,3.6,3.0,4.7
2023-07-01,C_202107_P_F,2021-07-01,Prime,Fixed,0.0218,5.5,3.5,3.2,4.7
2023-08-01,C_202107_P_F,2021-07-01,Prime,Fixed,0.0243,5.5,3.7,3.7,4.5
2023-09-01,C_202107_P_F,2021-07-01,Prime,Fixed,0.0208,5.5,3.7,3.7,4.4
2023-10-01,C_202107_P_F,2021-07-01,Prime,Fixed,0.0212,5.5,3.9,3.2,4.2
2023-11-01,C_202107_P_F,2021-07-01,Prime,Fixed,0.0208,5.5,3.7,3.1,4.1
2023-12-01,C_202107_P_F,2021-07-01,Prime,Fixed,0.0227,5.5,3.8,3.4,4.1
2021-08-01,C_202107_P_V,2021-07-01,Prime,Variable,0.0177,0.25,5.1,5.3,4.4
2021-09-01,C_202107_P_V,2021-07-01,Prime,Variable,0.0142,0.25,4.7,5.4,5.0
2021-10-01,C_202107_P_V,2021-07-01,Prime,Variable,0.0177,0.25,4.5,6.2,5.4
2021-11-01,C_202107_P_V,2021-07-01,Prime,Variable,0.017,0.25,4.1,6.8,5.4
2021-12-01,C_202107_P_V,2021-07-01,Prime,Variable,0.0167,0.25,3.9,7.0,4.9
2022-01-01,C_202107_P_V,2021-07-01,Prime,Variable,0.0196,0.25,4.0,7.5,5.6
2022-02-01,C_202107_P_V,2021-07-01,Prime,Variable,0.0201,0.25,3.9,7.9,5.3
2022-03-01,C_202107_P_V,2021-07-01,Prime,Variable,0.0263,0.5,3.7,8.5,5.9
2022-04-01,C_202107_P_V,2021-07-01,Prime,Variable,0.0229,0.5,3.7,8.3,5.8
2022-05-01,C_202107_P_V,2021-07-01,Prime,Variable,0.0199,1.0,3.6,8.6,5.6
2022-06-01,C_202107_P_V,2021-07-01,Prime,Variable,0.0521,1.75,3.6,9.1,5.4
2022-07-01,C_202107_P_V,2021-07-01,Prime,Variable,0.0557,2.5,3.5,8.5,5.5
2022-08-01,C_202107_P_V,2021-07-01,Prime,Variable,0.0582,2.5,3.6,8.3,5.4
2022-09-01,C_202107_P_V,2021-07-01,Prime,Variable,0.0512,3.25,3.5,8.2,5.1
2022-10-01,C_202107_P_V,2021-07-01,Prime,Variable,0.0509,3.25,3.6,7.7,5.0
2022-11-01,C_202107_P_V,2021-07-01,Prime,Variable,0.0586,4.0,3.6,7.1,5.1
2022-12-01,C_202107_P_V,2021-07-01,Prime,Variable,0.0557,4.5,3.5,6.5,4.9
2023-01-01,C_202107_P_V,2021-07-01,Prime,Variable,0.0533,4.5,3.5,6.4,4.5
2023-02-01,C_202107_P_V,2021-07-01,Prime,Variable,0.056,4.75,3.6,6.0,4.8
2023-03-01,C_202107_P_V,2021-07-01,Prime,Variable,0.0496,5.0,3.5,5.0,4.6
2023-04-01,C_202107_P_V,2021-07-01,Prime,Variable,0.0547,5.0,3.4,4.9,4.6
2023-05-01,C_202107_P_V,2021-07-01,Prime,Variable,0.0551,5.25,3.6,4.0,4.4
2023-06-01,C_202107_P_V,2021-07-01,Prime,Variable,0.0559,5.25,3.6,3.0,4.7
2023-07-01,C_202107_P_V,2021-07-01,Prime,Variable,0.0516,5.5,3.5,3.2,4.7
2023-08-01,C_202107_P_V,2021-07-01,Prime,Variable,0.0534,5.5,3.7,3.7,4.5
2023-09-01,C_202107_P_V,2021-07-01,Prime,Variable,0.0508,5.5,3.7,3.7,4.4
2023-10-01,C_202107_P_V,2021-07-01,Prime,Variable,0.0526,5.5,3.9,3.2,4.2
2023-11-01,C_202107_P_V,2021-07-01,Prime,Variable,0.0496,5.5,3.7,3.1,4.1
2023-12-01,C_202107_P_V,2021-07-01,Prime,Variable,0.0499,5.5,3.8,3.4,4.1
2021-08-01,C_202107_S_F,2021-07-01,Subprime,Fixed,0.0439,0.25,5.1,5.3,4.4
2021-09-01,C_202107_S_F,2021-07-01,Subprime,Fixed,0.048,0.25,4.7,5.4,5.0
2021-10-01,C_202107_S_F,2021-07-01,Subprime,Fixed,0.0493,0.25,4.5,6.2,5.4
2021-11-01,C_202107_S_F,2021-07-01,Subprime,Fixed,0.048,0.25,4.1,6.8,5.4
2021-12-01,C_202107_S_F,2021-07-01,Subprime,Fixed,0.0493,0.25,3.9,7.0,4.9
2022-01-01,C_202107_S_F,2021-07-01,Subprime,Fixed,0.0471,0.25,4.0,7.5,5.6
2022-02-01,C_202107_S_F,2021-07-01,Subprime,Fixed,0.0501,0.25,3.9,7.9,5.3
2022-03-01,C_202107_S_F,2021-07-01,Subprime,Fixed,0.0513,0.5,3.7,8.5,5.9
2022-04-01,C_202107_S_F,2021-07-01,Subprime,Fixed,0.0573,0.5,3.7,8.3,5.8
2022-05-01,C_202107_S_F,2021-07-01,Subprime,Fixed,0.0504,1.0,3.6,8.6,5.6
2022-06-01,C_202107_S_F,2021-07-01,Subprime,Fixed,0.0561,1.75,3.6,9.1,5.4
2022-07-01,C_202107_S_F,2021-07-01,Subprime,Fixed,0.0557,2.5,3.5,8.5,5.5
2022-08-01,C_202107_S_F,2021-07-01,Subprime,Fixed,0.0546,2.5,3.6,8.3,5.4
2022-09-01,C_202107_S_F,2021-07-01,Subprime,Fixed,0.0579,3.25,3.5,8.2,5.1
2022-10-01,C_202107_S_F,2021-07-01,Subprime,Fixed,0.0554,3.25,3.6,7.7,5.0
2022-11-01,C_202107_S_F,2021-07-01,Subprime,Fixed,0.0556,4.0,3.6,7.1,5.1
2022-12-01,C_202107_S_F,2021-07-01,Subprime,Fixed,0.0549,4.5,3.5,6.5,4.9
2023-01-01,C_202107_S_F,2021-07-01,Subprime,Fixed,0.0574,4.5,3.5,6.4,4.5
2023-02-01,C_202107_S_F,2021-07-01,Subprime,Fixed,0.0572,4.75,3.6,6.0,4.8
2023-03-01,C_202107_S_F,2021-07-01,Subprime,Fixed,0.0536,5.0,3.5,5.0,4.6
2023-04-01,C_202107_S_F,2021-07-01,Subprime,Fixed,0.052,5.0,3.4,4.9,4.6
2023-05-01,C_202107_S_F,2021-07-01,Subprime,Fixed,0.054,5.25,3.6,4.0,4.4
2023-06-01,C_202107_S_F,2021-07-01,Subprime,Fixed,0.0525,5.25,3.6,3.0,4.7
2023-07-01,C_202107_S_F,2021-07-01,Subprime,Fixed,0.0535,5.5,3.5,3.2,4.7
2023-08-01,C_202107_S_F,2021-07-01,Subprime,Fixed,0.0557,5.5,3.7,3.7,4.5
2023-09-01,C_202107_S_F,2021-07-01,Subprime,Fixed,0.0517,5.5,3.7,3.7,4.4
2023-10-01,C_202107_S_F,2021-07-01,Subprime,Fixed,0.052,5.5,3.9,3.2,4.2
2023-11-01,C_202107_S_F,2021-07-01,Subprime,Fixed,0.0515,5.5,3.7,3.1,4.1
2023-12-01,C_202107_S_F,2021-07-01,Subprime,Fixed,0.0524,5.5,3.8,3.4,4.1
2021-08-01,C_202107_S_V,2021-07-01,Subprime,Variable,0.0414,0.25,5.1,5.3,4.4
2021-09-01,C_202107_S_V,2021-07-01,Subprime,Variable,0.0455,0.25,4.7,5.4,5.0
2021-10-01,C_202107_S_V,2021-07-01,Subprime,Variable,0.048,0.25,4.5,6.2,5.4
2021-11-01,C_202107_S_V,2021-07-01,Subprime,Variable,0.0508,0.25,4.1,6.8,5.4
2021-12-01,C_202107_S_V,2021-07-01,Subprime,Variable,0.0482,0.25,3.9,7.0,4.9
2022-01-01,C_202107_S_V,2021-07-01,Subprime,Variable,0.0462,0.25,4.0,7.5,5.6
2022-02-01,C_202107_S_V,2021-07-01,Subprime,Variable,0.052,0.25,3.9,7.9,5.3
2022-03-01,C_202107_S_V,2021-07-01,Subprime,Variable,0.0502,0.5,3.7,8.5,5.9
2022-04-01,C_202107_S_V,2021-07-01,Subprime,Variable,0.0497,0.5,3.7,8.3,5.8
2022-05-01,C_202107_S_V,2021-07-01,Subprime,Variable,0.0514,1.0,3.6,8.6,5.6
2022-06-01,C_202107_S_V,2021-07-01,Subprime,Variable,0.0978,1.75,3.6,9.1,5.4
2022-07-01,C_202107_S_V,2021-07-01,Subprime,Variable,0.0975,2.5,3.5,8.5,5.5
2022-08-01,C_202107_S_V,2021-07-01,Subprime,Variable,0.0947,2.5,3.6,8.3,5.4
2022-09-01,C_202107_S_V,2021-07-01,Subprime,Variable,0.1012,3.25,3.5,8.2,5.1
2022-10-01,C_202107_S_V,2021-07-01,Subprime,Variable,0.1022,3.25,3.6,7.7,5.0
2022-11-01,C_202107_S_V,2021-07-01,Subprime,Variable,0.1012,4.0,3.6,7.1,5.1
2022-12-01,C_202107_S_V,2021-07-01,Subprime,Variable,0.0977,4.5,3.5,6.5,4.9
2023-01-01,C_202107_S_V,2021-07-01,Subprime,Variable,0.0996,4.5,3.5,6.4,4.5
2023-02-01,C_202107_S_V,2021-07-01,Subprime,Variable,0.0999,4.75,3.6,6.0,4.8
2023-03-01,C_202107_S_V,2021-07-01,Subprime,Variable,0.101,5.0,3.5,5.0,4.6
2023-04-01,C_202107_S_V,2021-07-01,Subprime,Variable,0.101,5.0,3.4,4.9,4.6
2023-05-01,C_202107_S_V,2021-07-01,Subprime,Variable,0.0979,5.25,3.6,4.0,4.4
2023-06-01,C_202107_S_V,2021-07-01,Subprime,Variable,0.0992,5.25,3.6,3.0,4.7
2023-07-01,C_202107_S_V,2021-07-01,Subprime,Variable,0.0996,5.5,3.5,3.2,4.7
2023-08-01,C_202107_S_V,2021-07-01,Subprime,Variable,0.1011,5.5,3.7,3.7,4.5
2023-09-01,C_202107_S_V,2021-07-01,Subprime,Variable,0.0991,5.5,3.7,3.7,4.4
2023-10-01,C_202107_S_V,2021-07-01,Subprime,Variable,0.0986,5.5,3.9,3.2,4.2
2023-11-01,C_202107_S_V,2021-07-01,Subprime,Variable,0.0966,5.5,3.7,3.1,4.1
2023-12-01,C_202107_S_V,2021-07-01,Subprime,Variable,0.0986,5.5,3.8,3.4,4.1
2021-09-01,C_202108_P_F,2021-08-01,Prime,Fixed,0.0167,0.25,4.7,5.4,5.0
2021-10-01,C_202108_P_F,2021-08-01,Prime,Fixed,0.015,0.25,4.5,6.2,5.4
2021-11-01,C_202108_P_F,2021-08-01,Prime,Fixed,0.0204,0.25,4.1,6.8,5.4
2021-12-01,C_202108_P_F,2021-08-01,Prime,Fixed,0.0198,0.25,3.9,7.0,4.9
2022-01-01,C_202108_P_F,2021-08-01,Prime,Fixed,0.0183,0.25,4.0,7.5,5.6
2022-02-01,C_202108_P_F,2021-08-01,Prime,Fixed,0.019,0.25,3.9,7.9,5.3
2022-03-01,C_202108_P_F,2021-08-01,Prime,Fixed,0.0213,0.5,3.7,8.5,5.9
2022-04-01,C_202108_P_F,2021-08-01,Prime,Fixed,0.0224,0.5,3.7,8.3,5.8
2022-05-01,C_202108_P_F,2021-08-01,Prime,Fixed,0.0225,1.0,3.6,8.6,5.6
2022-06-01,C_202108_P_F,2021-08-01,Prime,Fixed,0.0233,1.75,3.6,9.1,5.4
2022-07-01,C_202108_P_F,2021-08-01,Prime,Fixed,0.0266,2.5,3.5,8.5,5.5
2022-08-01,C_202108_P_F,2021-08-01,Prime,Fixed,0.0258,2.5,3.6,8.3,5.4
2022-09-01,C_202108_P_F,2021-08-01,Prime,Fixed,0.0244,3.25,3.5,8.2,5.1
2022-10-01,C_202108_P_F,2021-08-01,Prime,Fixed,0.0263,3.25,3.6,7.7,5.0
2022-11-01,C_202108_P_F,2021-08-01,Prime,Fixed,0.0226,4.0,3.6,7.1,5.1
2022-12-01,C_202108_P_F,2021-08-01,Prime,Fixed,0.0256,4.5,3.5,6.5,4.9
2023-01-01,C_202108_P_F,2021-08-01,Prime,Fixed,0.0286,4.5,3.5,6.4,4.5
2023-02-01,C_202108_P_F,2021-08-01,Prime,Fixed,0.0246,4.75,3.6,6.0,4.8
2023-03-01,C_202108_P_F,2021-08-01,Prime,Fixed,0.0233,5.0,3.5,5.0,4.6
2023-04-01,C_202108_P_F,2021-08-01,Prime,Fixed,0.0235,5.0,3.4,4.9,4.6
2023-05-01,C_202108_P_F,2021-08-01,Prime,Fixed,0.0225,5.25,3.6,4.0,4.4
2023-06-01,C_202108_P_F,2021-08-01,Prime,Fixed,0.0228,5.25,3.6,3.0,4.7
2023-07-01,C_202108_P_F,2021-08-01,Prime,Fixed,0.0233,5.5,3.5,3.2,4.7
2023-08-01,C_202108_P_F,2021-08-01,Prime,Fixed,0.0208,5.5,3.7,3.7,4.5
2023-09-01,C_202108_P_F,2021-08-01,Prime,Fixed,0.0232,5.5,3.7,3.7,4.4
2023-10-01,C_202108_P_F,2021-08-01,Prime,Fixed,0.0245,5.5,3.9,3.2,4.2
2023-11-01,C_202108_P_F,2021-08-01,Prime,Fixed,0.0203,5.5,3.7,3.1,4.1
2023-12-01,C_202108_P_F,2021-08-01,Prime,Fixed,0.0245,5.5,3.8,3.4,4.1
2021-09-01,C_202108_P_V,2021-08-01,Prime,Variable,0.0169,0.25,4.7,5.4,5.0
2021-10-01,C_202108_P_V,2021-08-01,Prime,Variable,0.0188,0.25,4.5,6.2,5.4
2021-11-01,C_202108_P_V,2021-08-01,Prime,Variable,0.0163,0.25,4.1,6.8,5.4
2021-12-01,C_202108_P_V,2021-08-01,Prime,Variable,0.0201,0.25,3.9,7.0,4.9
2022-01-01,C_202108_P_V,2021-08-01,Prime,Variable,0.017,0.25,4.0,7.5,5.6
2022-02-01,C_202108_P_V,2021-08-01,Prime,Variable,0.0218,0.25,3.9,7.9,5.3
2022-03-01,C_202108_P_V,2021-08-01,Prime,Variable,0.0211,0.5,3.7,8.5,5.9
2022-04-01,C_202108_P_V,2021-08-01,Prime,Variable,0.0225,0.5,3.7,8.3,5.8
2022-05-01,C_202108_P_V,2021-08-01,Prime,Variable,0.0197,1.0,3.6,8.6,5.6
2022-06-01,C_202108_P_V,2021-08-01,Prime,Variable,0.0509,1.75,3.6,9.1,5.4
2022-07-01,C_202108_P_V,2021-08-01,Prime,Variable,0.0544,2.5,3.5,8.5,5.5
2022-08-01,C_202108_P_V,2021-08-01,Prime,Variable,0.0518,2.5,3.6,8.3,5.4
2022-09-01,C_202108_P_V,2021-08-01,Prime,Variable,0.055,3.25,3.5,8.2,5.1
2022-10-01,C_202108_P_V,2021-08-01,Prime,Variable,0.0517,3.25,3.6,7.7,5.0
2022-11-01,C_202108_P_V,2021-08-01,Prime,Variable,0.0564,4.0,3.6,7.1,5.1
2022-12-01,C_202108_P_V,2021-08-01,Prime,Variable,0.0524,4.5,3.5,6.5,4.9
2023-01-01,C_202108_P_V,2021-08-01,Prime,Variable,0.0561,4.5,3.5,6.4,4.5
2023-02-01,C_202108_P_V,2021-08-01,Prime,Variable,0.0563,4.75,3.6,6.0,4.8
2023-03-01,C_202108_P_V,2021-08-01,Prime,Variable,0.0536,5.0,3.5,5.0,4.6
2023-04-01,C_202108_P_V,2021-08-01,Prime,Variable,0.056,5.0,3.4,4.9,4.6
2023-05-01,C_202108_P_V,2021-08-01,Prime,Variable,0.0552,5.25,3.6,4.0,4.4
2023-06-01,C_202108_P_V,2021-08-01,Prime,Variable,0.0533,5.25,3.6,3.0,4.7
2023-07-01,C_202108_P_V,2021-08-01,Prime,Variable,0.052,5.5,3.5,3.2,4.7
2023-08-01,C_202108_P_V,2021-08-01,Prime,Variable,0.0497,5.5,3.7,3.7,4.5
2023-09-01,C_202108_P_V,2021-08-01,Prime,Variable,0.0539,5.5,3.7,3.7,4.4
2023-10-01,C_202108_P_V,2021-08-01,Prime,Variable,0.0495,5.5,3.9,3.2,4.2
2023-11-01,C_202108_P_V,2021-08-01,Prime,Variable,0.0523,5.5,3.7,3.1,4.1
2023-12-01,C_202108_P_V,2021-08-01,Prime,Variable,0.0509,5.5,3.8,3.4,4.1
2021-09-01,C_202108_S_F,2021-08-01,Subprime,Fixed,0.0472,0.25,4.7,5.4,5.0
2021-10-01,C_202108_S_F,2021-08-01,Subprime,Fixed,0.0461,0.25,4.5,6.2,5.4
2021-11-01,C_202108_S_F,2021-08-01,Subprime,Fixed,0.0469,0.25,4.1,6.8,5.4
2021-12-01,C_202108_S_F,2021-08-01,Subprime,Fixed,0.0499,0.25,3.9,7.0,4.9
2022-01-01,C_202108_S_F,2021-08-01,Subprime,Fixed,0.0499,0.25,4.0,7.5,5.6
2022-02-01,C_202108_S_F,2021-08-01,Subprime,Fixed,0.0506,0.25,3.9,7.9,5.3
2022-03-01,C_202108_S_F,2021-08-01,Subprime,Fixed,0.0517,0.5,3.7,8.5,5.9
2022-04-01,C_202108_S_F,2021-08-01,Subprime,Fixed,0.0484,0.5,3.7,8.3,5.8
2022-05-01,C_202108_S_F,2021-08-01,Subprime,Fixed,0.0536,1.0,3.6,8.6,5.6
2022-06-01,C_202108_S_F,2021-08-01,Subprime,Fixed,0.0539,1.75,3.6,9.1,5.4
2022-07-01,C_202108_S_F,2021-08-01,Subprime,Fixed,0.0512,2.5,3.5,8.5,5.5
2022-08-01,C_202108_S_F,2021-08-01,Subprime,Fixed,0.0532,2.5,3.6,8.3,5.4
2022-09-01,C_202108_S_F,2021-08-01,Subprime,Fixed,0.054,3.25,3.5,8.2,5.1
2022-10-01,C_202108_S_F,2021-08-01,Subprime,Fixed,0.0541,3.25,3.6,7.7,5.0
2022-11-01,C_202108_S_F,2021-08-01,Subprime,Fixed,0.0553,4.0,3.6,7.1,5.1
2022-12-01,C_202108_S_F,2021-08-01,Subprime,Fixed,0.0577,4.5,3.5,6.5,4.9
2023-01-01,C_202108_S_F,2021-08-01,Subprime,Fixed,0.0571,4.5,3.5,6.4,4.5
2023-02-01,C_202108_S_F,2021-08-01,Subprime,Fixed,0.0524,4.75,3.6,6.0,4.8
2023-03-01,C_202108_S_F,2021-08-01,Subprime,Fixed,0.0562,5.0,3.5,5.0,4.6
2023-04-01,C_202108_S_F,2021-08-01,Subprime,Fixed,0.0575,5.0,3.4,4.9,4.6
2023-05-01,C_202108_S_F,2021-08-01,Subprime,Fixed,0.0554,5.25,3.6,4.0,4.4
2023-06-01,C_202108_S_F,2021-08-01,Subprime,Fixed,0.0566,5.25,3.6,3.0,4.7
2023-07-01,C_202108_S_F,2021-08-01,Subprime,Fixed,0.0581,5.5,3.5,3.2,4.7
2023-08-01,C_202108_S_F,2021-08-01,Subprime,Fixed,0.0557,5.5,3.7,3.7,4.5
2023-09-01,C_202108_S_F,2021-08-01,Subprime,Fixed,0.0537,5.5,3.7,3.7,4.4
2023-10-01,C_202108_S_F,2021-08-01,Subprime,Fixed,0.0548,5.5,3.9,3.2,4.2
2023-11-01,C_202108_S_F,2021-08-01,Subprime,Fixed,0.0524,5.5,3.7,3.1,4.1
2023-12-01,C_202108_S_F,2021-08-01,Subprime,Fixed,0.0515,5.5,3.8,3.4,4.1
2021-09-01,C_202108_S_V,2021-08-01,Subprime,Variable,0.0452,0.25,4.7,5.4,5.0
2021-10-01,C_202108_S_V,2021-08-01,Subprime,Variable,0.0499,0.25,4.5,6.2,5.4
2021-11-01,C_202108_S_V,2021-08-01,Subprime,Variable,0.046,0.25,4.1,6.8,5.4
2021-12-01,C_202108_S_V,2021-08-01,Subprime,Variable,0.0515,0.25,3.9,7.0,4.9
2022-01-01,C_202108_S_V,2021-08-01,Subprime,Variable,0.0502,0.25,4.0,7.5,5.6
2022-02-01,C_202108_S_V,2021-08-01,Subprime,Variable,0.0472,0.25,3.9,7.9,5.3
2022-03-01,C_202108_S_V,2021-08-01,Subprime,Variable,0.0515,0.5,3.7,8.5,5.9
2022-04-01,C_202108_S_V,2021-08-01,Subprime,Variable,0.0472,0.5,3.7,8.3,5.8
2022-05-01,C_202108_S_V,2021-08-01,Subprime,Variable,0.0533,1.0,3.6,8.6,5.6
2022-06-01,C_202108_S_V,2021-08-01,Subprime,Variable,0.0994,1.75,3.6,9.1,5.4
2022-07-01,C_202108_S_V,2021-08-01,Subprime,Variable,0.097,2.5,3.5,8.5,5.5
2022-08-01,C_202108_S_V,2021-08-01,Subprime,Variable,0.0989,2.5,3.6,8.3,5.4
2022-09-01,C_202108_S_V,2021-08-01,Subprime,Variable,0.103,3.25,3.5,8.2,5.1
2022-10-01,C_202108_S_V,2021-08-01,Subprime,Variable,0.0984,3.25,3.6,7.7,5.0
2022-11-01,C_202108_S_V,2021-08-01,Subprime,Variable,0.0975,4.0,3.6,7.1,5.1
2022-12-01,C_202108_S_V,2021-08-01,Subprime,Variable,0.1028,4.5,3.5,6.5,4.9
2023-01-01,C_202108_S_V,2021-08-01,Subprime,Variable,0.1039,4.5,3.5,6.4,4.5
2023-02-01,C_202108_S_V,2021-08-01,Subprime,Variable,0.1,4.75,3.6,6.0,4.8
2023-03-01,C_202108_S_V,2021-08-01,Subprime,Variable,0.102,5.0,3.5,5.0,4.6
2023-04-01,C_202108_S_V,2021-08-01,Subprime,Variable,0.1025,5.0,3.4,4.9,4.6
2023-05-01,C_202108_S_V,2021-08-01,Subprime,Variable,0.0982,5.25,3.6,4.0,4.4
2023-06-01,C_202108_S_V,2021-08-01,Subprime,Variable,0.0984,5.25,3.6,3.0,4.7
2023-07-01,C_202108_S_V,2021-08-01,Subprime,Variable,0.1015,5.5,3.5,3.2,4.7
2023-08-01,C_202108_S_V,2021-08-01,Subprime,Variable,0.102,5.5,3.7,3.7,4.5
2023-09-01,C_202108_S_V,2021-08-01,Subprime,Variable,0.0993,5.5,3.7,3.7,4.4
2023-10-01,C_202108_S_V,2021-08-01,Subprime,Variable,0.0959,5.5,3.9,3.2,4.2
2023-11-01,C_202108_S_V,2021-08-01,Subprime,Variable,0.101,5.5,3.7,3.1,4.1
2023-12-01,C_202108_S_V,2021-08-01,Subprime,Variable,0.0954,5.5,3.8,3.4,4.1
2021-10-01,C_202109_P_F,2021-09-01,Prime,Fixed,0.0152,0.25,4.5,6.2,5.4
2021-11-01,C_202109_P_F,2021-09-01,Prime,Fixed,0.0174,0.25,4.1,6.8,5.4
2021-12-01,C_202109_P_F,2021-09-01,Prime,Fixed,0.0207,0.25,3.9,7.0,4.9
2022-01-01,C_202109_P_F,2021-09-01,Prime,Fixed,0.0201,0.25,4.0,7.5,5.6
2022-02-01,C_202109_P_F,2021-09-01,Prime,Fixed,0.0201,0.25,3.9,7.9,5.3
2022-03-01,C_202109_P_F,2021-09-01,Prime,Fixed,0.0209,0.5,3.7,8.5,5.9
2022-04-01,C_202109_P_F,2021-09-01,Prime,Fixed,0.0208,0.5,3.7,8.3,5.8
2022-05-01,C_202109_P_F,2021-09-01,Prime,Fixed,0.0225,1.0,3.6,8.6,5.6
2022-06-01,C_202109_P_F,2021-09-01,Prime,Fixed,0.017,1.75,3.6,9.1,5.4
2022-07-01,C_202109_P_F,2021-09-01,Prime,Fixed,0.0221,2.5,3.5,8.5,5.5
2022-08-01,C_202109_P_F,2021-09-01,Prime,Fixed,0.0237,2.5,3.6,8.3,5.4
2022-09-01,C_202109_P_F,2021-09-01,Prime,Fixed,0.0214,3.25,3.5,8.2,5.1
2022-10-01,C_202109_P_F,2021-09-01,Prime,Fixed,0.0248,3.25,3.6,7.7,5.0
2022-11-01,C_202109_P_F,2021-09-01,Prime,Fixed,0.024,4.0,3.6,7.1,5.1
2022-12-01,C_202109_P_F,2021-09-01,Prime,Fixed,0.0282,4.5,3.5,6.5,4.9
2023-01-01,C_202109_P_F,2021-09-01,Prime,Fixed,0.028,4.5,3.5,6.4,4.5
2023-02-01,C_202109_P_F,2021-09-01,Prime,Fixed,0.024,4.75,3.6,6.0,4.8
2023-03-01,C_202109_P_F,2021-09-01,Prime,Fixed,0.0247,5.0,3.5,5.0,4.6
2023-04-01,C_202109_P_F,2021-09-01,Prime,Fixed,0.0248,5.0,3.4,4.9,4.6
2023-05-01,C_202109_P_F,2021-09-01,Prime,Fixed,0.0239,5.25,3.6,4.0,4.4
2023-06-01,C_202109_P_F,2021-09-01,Prime,Fixed,0.025,5.25,3.6,3.0,4.7
2023-07-01,C_202109_P_F,2021-09-01,Prime,Fixed,0.0229,5.5,3.5,3.2,4.7
2023-08-01,C_202109_P_F,2021-09-01,Prime,Fixed,0.0218,5.5,3.7,3.7,4.5
2023-09-01,C_202109_P_F,2021-09-01,Prime,Fixed,0.0249,5.5,3.7,3.7,4.4
2023-10-01,C_202109_P_F,2021-09-01,Prime,Fixed,0.0245,5.5,3.9,3.2,4.2
2023-11-01,C_202109_P_F,2021-09-01,Prime,Fixed,0.0211,5.5,3.7,3.1,4.1
2023-12-01,C_202109_P_F,2021-09-01,Prime,Fixed,0.0239,5.5,3.8,3.4,4.1
2021-10-01,C_202109_P_V,2021-09-01,Prime,Variable,0.0146,0.25,4.5,6.2,5.4
2021-11-01,C_202109_P_V,2021-09-01,Prime,Variable,0.0172,0.25,4.1,6.8,5.4
2021-12-01,C_202109_P_V,2021-09-01,Prime,Variable,0.0192,0.25,3.9,7.0,4.9
2022-01-01,C_202109_P_V,2021-09-01,Prime,Variable,0.0184,0.25,4.0,7.5,5.6
2022-02-01,C_202109_P_V,2021-09-01,Prime,Variable,0.0201,0.25,3.9,7.9,5.3
2022-03-01,C_202109_P_V,2021-09-01,Prime,Variable,0.019,0.5,3.7,8.5,5.9
2022-04-01,C_202109_P_V,2021-09-01,Prime,Variable,0.0203,0.5,3.7,8.3,5.8
2022-05-01,C_202109_P_V,2021-09-01,Prime,Variable,0.021,1.0,3.6,8.6,5.6
2022-06-01,C_202109_P_V,2021-09-01,Prime,Variable,0.0506,1.75,3.6,9.1,5.4
2022-07-01,C_202109_P_V,2021-09-01,Prime,Variable,0.0523,2.5,3.5,8.5,5.5
2022-08-01,C_202109_P_V,2021-09-01,Prime,Variable,0.0501,2.5,3.6,8.3,5.4
2022-09-01,C_202109_P_V,2021-09-01,Prime,Variable,0.0527,3.25,3.5,8.2,5.1
2022-10-01,C_202109_P_V,2021-09-01,Prime,Variable,0.0535,3.25,3.6,7.7,5.0
2022-11-01,C_202109_P_V,2021-09-01,Prime,Variable,0.0539,4.0,3.6,7.1,5.1
2022-12-01,C_202109_P_V,2021-09-01,Prime,Variable,0.0542,4.5,3.5,6.5,4.9
2023-01-01,C_202109_P_V,2021-09-01,Prime,Variable,0.0547,4.5,3.5,6.4,4.5
2023-02-01,C_202109_P_V,2021-09-01,Prime,Variable,0.0559,4.75,3.6,6.0,4.8
2023-03-01,C_202109_P_V,2021-09-01,Prime,Variable,0.0567,5.0,3.5,5.0,4.6
2023-04-01,C_202109_P_V,2021-09-01,Prime,Variable,0.0537,5.0,3.4,4.9,4.6
2023-05-01,C_202109_P_V,2021-09-01,Prime,Variable,0.0524,5.25,3.6,4.0,4.4
2023-06-01,C_202109_P_V,2021-09-01,Prime,Variable,0.0526,5.25,3.6,3.0,4.7
2023-07-01,C_202109_P_V,2021-09-01,Prime,Variable,0.0534,5.5,3.5,3.2,4.7
2023-08-01,C_202109_P_V,2021-09-01,Prime,Variable,0.0534,5.5,3.7,3.7,4.5
2023-09-01,C_202109_P_V,2021-09-01,Prime,Variable,0.0521,5.5,3.7,3.7,4.4
2023-10-01,C_202109_P_V,2021-09-01,Prime,Variable,0.0506,5.5,3.9,3.2,4.2
2023-11-01,C_202109_P_V,2021-09-01,Prime,Variable,0.0517,5.5,3.7,3.1,4.1
2023-12-01,C_202109_P_V,2021-09-01,Prime,Variable,0.0524,5.5,3.8,3.4,4.1
2021-10-01,C_202109_S_F,2021-09-01,Subprime,Fixed,0.0471,0.25,4.5,6.2,5.4
2021-11-01,C_202109_S_F,2021-09-01,Subprime,Fixed,0.0456,0.25,4.1,6.8,5.4
2021-12-01,C_202109_S_F,2021-09-01,Subprime,Fixed,0.0468,0.25,3.9,7.0,4.9
2022-01-01,C_202109_S_F,2021-09-01,Subprime,Fixed,0.0466,0.25,4.0,7.5,5.6
2022-02-01,C_202109_S_F,2021-09-01,Subprime,Fixed,0.0492,0.25,3.9,7.9,5.3
2022-03-01,C_202109_S_F,2021-09-01,Subprime,Fixed,0.0483,0.5,3.7,8.5,5.9
2022-04-01,C_202109_S_F,2021-09-01,Subprime,Fixed,0.0519,0.5,3.7,8.3,5.8
2022-05-01,C_202109_S_F,2021-09-01,Subprime,Fixed,0.0479,1.0,3.6,8.6,5.6
2022-06-01,C_202109_S_F,2021-09-01,Subprime,Fixed,0.0514,1.75,3.6,9.1,5.4
2022-07-01,C_202109_S_F,2021-09-01,Subprime,Fixed,0.0533,2.5,3.5,8.5,5.5
2022-08-01,C_202109_S_F,2021-09-01,Subprime,Fixed,0.0536,2.5,3.6,8.3,5.4
2022-09-01,C_202109_S_F,2021-09-01,Subprime,Fixed,0.059,3.25,3.5,8.2,5.1
2022-10-01,C_202109_S_F,2021-09-01,Subprime,Fixed,0.0548,3.25,3.6,7.7,5.0
2022-11-01,C_202109_S_F,2021-09-01,Subprime,Fixed,0.0524,4.0,3.6,7.1,5.1
2022-12-01,C_202109_S_F,2021-09-01,Subprime,Fixed,0.0545,4.5,3.5,6.5,4.9
2023-01-01,C_202109_S_F,2021-09-01,Subprime,Fixed,0.0513,4.5,3.5,6.4,4.5
2023-02-01,C_202109_S_F,2021-09-01,Subprime,Fixed,0.0548,4.75,3.6,6.0,4.8
2023-03-01,C_202109_S_F,2021-09-01,Subprime,Fixed,0.0533,5.0,3.5,5.0,4.6
2023-04-01,C_202109_S_F,2021-09-01,Subprime,Fixed,0.0568,5.0,3.4,4.9,4.6
2023-05-01,C_202109_S_F,2021-09-01,Subprime,Fixed,0.0537,5.25,3.6,4.0,4.4
2023-06-01,C_202109_S_F,2021-09-01,Subprime,Fixed,0.0544,5.25,3.6,3.0,4.7
2023-07-01,C_202109_S_F,2021-09-01,Subprime,Fixed,0.0531,5.5,3.5,3.2,4.7
2023-08-01,C_202109_S_F,2021-09-01,Subprime,Fixed,0.0575,5.5,3.7,3.7,4.5
2023-09-01,C_202109_S_F,2021-09-01,Subprime,Fixed,0.053,5.5,3.7,3.7,4.4
2023-10-01,C_202109_S_F,2021-09-01,Subprime,Fixed,0.0569,5.5,3.9,3.2,4.2
2023-11-01,C_202109_S_F,2021-09-01,Subprime,Fixed,0.0543,5.5,3.7,3.1,4.1
2023-12-01,C_202109_S_F,2021-09-01,Subprime,Fixed,0.053,5.5,3.8,3.4,4.1
2021-10-01,C_202109_S_V,2021-09-01,Subprime,Variable,0.0466,0.25,4.5,6.2,5.4
2021-11-01,C_202109_S_V,2021-09-01,Subprime,Variable,0.0475,0.25,4.1,6.8,5.4
2021-12-01,C_202109_S_V,2021-09-01,Subprime,Variable,0.0437,0.25,3.9,7.0,4.9
2022-01-01,C_202109_S_V,2021-09-01,Subprime,Variable,0.0479,0.25,4.0,7.5,5.6
2022-02-01,C_202109_S_V,2021-09-01,Subprime,Variable,0.0509,0.25,3.9,7.9,5.3
2022-03-01,C_202109_S_V,2021-09-01,Subprime,Variable,0.0499,0.5,3.7,8.5,5.9
2022-04-01,C_202109_S_V,2021-09-01,Subprime,Variable,0.0479,0.5,3.7,8.3,5.8
2022-05-01,C_202109_S_V,2021-09-01,Subprime,Variable,0.0513,1.0,3.6,8.6,5.6
2022-06-01,C_202109_S_V,2021-09-01,Subprime,Variable,0.1005,1.75,3.6,9.1,5.4
2022-07-01,C_202109_S_V,2021-09-01,Subprime,Variable,0.1002,2.5,3.5,8.5,5.5
2022-08-01,C_202109_S_V,2021-09-01,Subprime,Variable,0.0981,2.5,3.6,8.3,5.4
2022-09-01,C_202109_S_V,2021-09-01,Subprime,Variable,0.1006,3.25,3.5,8.2,5.1
2022-10-01,C_202109_S_V,2021-09-01,Subprime,Variable,0.0983,3.25,3.6,7.7,5.0
2022-11-01,C_202109_S_V,2021-09-01,Subprime,Variable,0.096,4.0,3.6,7.1,5.1
2022-12-01,C_202109_S_V,2021-09-01,Subprime,Variable,0.0978,4.5,3.5,6.5,4.9
2023-01-01,C_202109_S_V,2021-09-01,Subprime,Variable,0.103,4.5,3.5,6.4,4.5
2023-02-01,C_202109_S_V,2021-09-01,Subprime,Variable,0.0994,4.75,3.6,6.0,4.8
2023-03-01,C_202109_S_V,2021-09-01,Subprime,Variable,0.0995,5.0,3.5,5.0,4.6
2023-04-01,C_202109_S_V,2021-09-01,Subprime,Variable,0.0994,5.0,3.4,4.9,4.6
2023-05-01,C_202109_S_V,2021-09-01,Subprime,Variable,0.1037,5.25,3.6,4.0,4.4
2023-06-01,C_202109_S_V,2021-09-01,Subprime,Variable,0.1029,5.25,3.6,3.0,4.7
2023-07-01,C_202109_S_V,2021-09-01,Subprime,Variable,0.1038,5.5,3.5,3.2,4.7
2023-08-01,C_202109_S_V,2021-09-01,Subprime,Variable,0.0987,5.5,3.7,3.7,4.5
2023-09-01,C_202109_S_V,2021-09-01,Subprime,Variable,0.0993,5.5,3.7,3.7,4.4
2023-10-01,C_202109_S_V,2021-09-01,Subprime,Variable,0.0952,5.5,3.9,3.2,4.2
2023-11-01,C_202109_S_V,2021-09-01,Subprime,Variable,0.1006,5.5,3.7,3.1,4.1
2023-12-01,C_202109_S_V,2021-09-01,Subprime,Variable,0.0947,5.5,3.8,3.4,4.1
2021-11-01,C_202110_P_F,2021-10-01,Prime,Fixed,0.0163,0.25,4.1,6.8,5.4
2021-12-01,C_202110_P_F,2021-10-01,Prime,Fixed,0.0145,0.25,3.9,7.0,4.9
2022-01-01,C_202110_P_F,2021-10-01,Prime,Fixed,0.0164,0.25,4.0,7.5,5.6
2022-02-01,C_202110_P_F,2021-10-01,Prime,Fixed,0.0167,0.25,3.9,7.9,5.3
2022-03-01,C_202110_P_F,2021-10-01,Prime,Fixed,0.018,0.5,3.7,8.5,5.9
2022-04-01,C_202110_P_F,2021-10-01,Prime,Fixed,0.0189,0.5,3.7,8.3,5.8
2022-05-01,C_202110_P_F,2021-10-01,Prime,Fixed,0.0196,1.0,3.6,8.6,5.6
2022-06-01,C_202110_P_F,2021-10-01,Prime,Fixed,0.0231,1.75,3.6,9.1,5.4
2022-07-01,C_202110_P_F,2021-10-01,Prime,Fixed,0.0199,2.5,3.5,8.5,5.5
2022-08-01,C_202110_P_F,2021-10-01,Prime,Fixed,0.0231,2.5,3.6,8.3,5.4
2022-09-01,C_202110_P_F,2021-10-01,Prime,Fixed,0.0256,3.25,3.5,8.2,5.1
2022-10-01,C_202110_P_F,2021-10-01,Prime,Fixed,0.0226,3.25,3.6,7.7,5.0
2022-11-01,C_202110_P_F,2021-10-01,Prime,Fixed,0.0226,4.0,3.6,7.1,5.1
2022-12-01,C_202110_P_F,2021-10-01,Prime,Fixed,0.0239,4.5,3.5,6.5,4.9
2023-01-01,C_202110_P_F,2021-10-01,Prime,Fixed,0.027,4.5,3.5,6.4,4.5
2023-02-01,C_202110_P_F,2021-10-01,Prime,Fixed,0.0252,4.75,3.6,6.0,4.8
2023-03-01,C_202110_P_F,2021-10-01,Prime,Fixed,0.0239,5.0,3.5,5.0,4.6
2023-04-01,C_202110_P_F,2021-10-01,Prime,Fixed,0.026,5.0,3.4,4.9,4.6
2023-05-01,C_202110_P_F,2021-10-01,Prime,Fixed,0.0228,5.25,3.6,4.0,4.4
2023-06-01,C_202110_P_F,2021-10-01,Prime,Fixed,0.0262,5.25,3.6,3.0,4.7
2023-07-01,C_202110_P_F,2021-10-01,Prime,Fixed,0.0255,5.5,3.5,3.2,4.7
2023-08-01,C_202110_P_F,2021-10-01,Prime,Fixed,0.0238,5.5,3.7,3.7,4.5
2023-09-01,C_202110_P_F,2021-10-01,Prime,Fixed,0.0224,5.5,3.7,3.7,4.4
2023-10-01,C_202110_P_F,2021-10-01,Prime,Fixed,0.0219,5.5,3.9,3.2,4.2
2023-11-01,C_202110_P_F,2021-10-01,Prime,Fixed,0.0243,5.5,3.7,3.1,4.1
2023-12-01,C_202110_P_F,2021-10-01,Prime,Fixed,0.0251,5.5,3.8,3.4,4.1
2021-11-01,C_202110_P_V,2021-10-01,Prime,Variable,0.0146,0.25,4.1,6.8,5.4
2021-12-01,C_202110_P_V,2021-10-01,Prime,Variable,0.0177,0.25,3.9,7.0,4.9
2022-01-01,C_202110_P_V,2021-10-01,Prime,Variable,0.0134,0.25,4.0,7.5,5.6
2022-02-01,C_202110_P_V,2021-10-01,Prime,Variable,0.0173,0.25,3.9,7.9,5.3
2022-03-01,C_202110_P_V,2021-10-01,Prime,Variable,0.0192,0.5,3.7,8.5,5.9
2022-04-01,C_202110_P_V,2021-10-01,Prime,Variable,0.0182,0.5,3.7,8.3,5.8
2022-05-01,C_202110_P_V,2021-10-01,Prime,Variable,0.0189,1.0,3.6,8.6,5.6
2022-06-01,C_202110_P_V,2021-10-01,Prime,Variable,0.0501,1.75,3.6,9.1,5.4
2022-07-01,C_202110_P_V,2021-10-01,Prime,Variable,0.0527,2.5,3.5,8.5,5.5
2022-08-01,C_202110_P_V,2021-10-01,Prime,Variable,0.0523,2.5,3.6,8.3,5.4
2022-09-01,C_202110_P_V,2021-10-01,Prime,Variable,0.0487,3.25,3.5,8.2,5.1
2022-10-01,C_202110_P_V,2021-10-01,Prime,Variable,0.0494,3.25,3.6,7.7,5.0
2022-11-01,C_202110_P_V,2021-10-01,Prime,Variable,0.0528,4.0,3.6,7.1,5.1
2022-12-01,C_202110_P_V,2021-10-01,Prime,Variable,0.0553,4.5,3.5,6.5,4.9
2023-01-01,C_202110_P_V,2021-10-01,Prime,Variable,0.0492,4.5,3.5,6.4,4.5
2023-02-01,C_202110_P_V,2021-10-01,Prime,Variable,0.0538,4.75,3.6,6.0,4.8
2023-03-01,C_202110_P_V,2021-10-01,Prime,Variable,0.0539,5.0,3.5,5.0,4.6
2023-04-01,C_202110_P_V,2021-10-01,Prime,Variable,0.0578,5.0,3.4,4.9,4.6
2023-05-01,C_202110_P_V,2021-10-01,Prime,Variable,0.0542,5.25,3.6,4.0,4.4
2023-06-01,C_202110_P_V,2021-10-01,Prime,Variable,0.0556,5.25,3.6,3.0,4.7
2023-07-01,C_202110_P_V,2021-10-01,Prime,Variable,0.0549,5.5,3.5,3.2,4.7
2023-08-01,C_202110_P_V,2021-10-01,Prime,Variable,0.0501,5.5,3.7,3.7,4.5
2023-09-01,C_202110_P_V,2021-10-01,Prime,Variable,0.0556,5.5,3.7,3.7,4.4
2023-10-01,C_202110_P_V,2021-10-01,Prime,Variable,0.0541,5.5,3.9,3.2,4.2
2023-11-01,C_202110_P_V,2021-10-01,Prime,Variable,0.0542,5.5,3.7,3.1,4.1
2023-12-01,C_202110_P_V,2021-10-01,Prime,Variable,0.0605,5.5,3.8,3.4,4.1
2021-11-01,C_202110_S_F,2021-10-01,Subprime,Fixed,0.0417,0.25,4.1,6.8,5.4
2021-12-01,C_202110_S_F,2021-10-01,Subprime,Fixed,0.0502,0.25,3.9,7.0,4.9
2022-01-01,C_202110_S_F,2021-10-01,Subprime,Fixed,0.047,0.25,4.0,7.5,5.6
2022-02-01,C_202110_S_F,2021-10-01,Subprime,Fixed,0.049,0.25,3.9,7.9,5.3
2022-03-01,C_202110_S_F,2021-10-01,Subprime,Fixed,0.0491,0.5,3.7,8.5,5.9
2022-04-01,C_202110_S_F,2021-10-01,Subprime,Fixed,0.0492,0.5,3.7,8.3,5.8
2022-05-01,C_202110_S_F,2021-10-01,Subprime,Fixed,0.0496,1.0,3.6,8.6,5.6
2022-06-01,C_202110_S_F,2021-10-01,Subprime,Fixed,0.0521,1.75,3.6,9.1,5.4
2022-07-01,C_202110_S_F,2021-10-01,Subprime,Fixed,0.049,2.5,3.5,8.5,5.5
2022-08-01,C_202110_S_F,2021-10-01,Subprime,Fixed,0.0542,2.5,3.6,8.3,5.4
2022-09-01,C_202110_S_F,2021-10-01,Subprime,Fixed,0.0524,3.25,3.5,8.2,5.1
2022-10-01,C_202110_S_F,2021-10-01,Subprime,Fixed,0.0514,3.25,3.6,7.7,5.0
2022-11-01,C_202110_S_F,2021-10-01,Subprime,Fixed,0.0532,4.0,3.6,7.1,5.1
2022-12-01,C_202110_S_F,2021-10-01,Subprime,Fixed,0.0569,4.5,3.5,6.5,4.9
2023-01-01,C_202110_S_F,2021-10-01,Subprime,Fixed,0.0536,4.5,3.5,6.4,4.5
2023-02-01,C_202110_S_F,2021-10-01,Subprime,Fixed,0.0556,4.75,3.6,6.0,4.8
2023-03-01,C_202110_S_F,2021-10-01,Subprime,Fixed,0.0535,5.0,3.5,5.0,4.6
2023-04-01,C_202110_S_F,2021-10-01,Subprime,Fixed,0.0565,5.0,3.4,4.9,4.6
2023-05-01,C_202110_S_F,2021-10-01,Subprime,Fixed,0.0563,5.25,3.6,4.0,4.4
2023-06-01,C_202110_S_F,2021-10-01,Subprime,Fixed,0.0585,5.25,3.6,3.0,4.7
2023-07-01,C_202110_S_F,2021-10-01,Subprime,Fixed,0.0543,5.5,3.5,3.2,4.7
2023-08-01,C_202110_S_F,2021-10-01,Subprime,Fixed,0.0557,5.5,3.7,3.7,4.5
2023-09-01,C_202110_S_F,2021-10-01,Subprime,Fixed,0.0543,5.5,3.7,3.7,4.4
2023-10-01,C_202110_S_F,2021-10-01,Subprime,Fixed,0.0563,5.5,3.9,3.2,4.2
2023-11-01,C_202110_S_F,2021-10-01,Subprime,Fixed,0.0518,5.5,3.7,3.1,4.1
2023-12-01,C_202110_S_F,2021-10-01,Subprime,Fixed,0.0542,5.5,3.8,3.4,4.1
2021-11-01,C_202110_S_V,2021-10-01,Subprime,Variable,0.0455,0.25,4.1,6.8,5.4
2021-12-01,C_202110_S_V,2021-10-01,Subprime,Variable,0.0466,0.25,3.9,7.0,4.9
2022-01-01,C_202110_S_V,2021-10-01,Subprime,Variable,0.0478,0.25,4.0,7.5,5.6
2022-02-01,C_202110_S_V,2021-10-01,Subprime,Variable,0.0489,0.25,3.9,7.9,5.3
2022-03-01,C_202110_S_V,2021-10-01,Subprime,Variable,0.049,0.5,3.7,8.5,5.9
2022-04-01,C_202110_S_V,2021-10-01,Subprime,Variable,0.0504,0.5,3.7,8.3,5.8
2022-05-01,C_202110_S_V,2021-10-01,Subprime,Variable,0.0539,1.0,3.6,8.6,5.6
2022-06-01,C_202110_S_V,2021-10-01,Subprime,Variable,0.0984,1.75,3.6,9.1,5.4
2022-07-01,C_202110_S_V,2021-10-01,Subprime,Variable,0.0988,2.5,3.5,8.5,5.5
2022-08-01,C_202110_S_V,2021-10-01,Subprime,Variable,0.0967,2.5,3.6,8.3,5.4
2022-09-01,C_202110_S_V,2021-10-01,Subprime,Variable,0.0964,3.25,3.5,8.2,5.1
2022-10-01,C_202110_S_V,2021-10-01,Subprime,Variable,0.1006,3.25,3.6,7.7,5.0
2022-11-01,C_202110_S_V,2021-10-01,Subprime,Variable,0.1008,4.0,3.6,7.1,5.1
2022-12-01,C_202110_S_V,2021-10-01,Subprime,Variable,0.1023,4.5,3.5,6.5,4.9
2023-01-01,C_202110_S_V,2021-10-01,Subprime,Variable,0.0985,4.5,3.5,6.4,4.5
2023-02-01,C_202110_S_V,2021-10-01,Subprime,Variable,0.0994,4.75,3.6,6.0,4.8
2023-03-01,C_202110_S_V,2021-10-01,Subprime,Variable,0.0967,5.0,3.5,5.0,4.6
2023-04-01,C_202110_S_V,2021-10-01,Subprime,Variable,0.0992,5.0,3.4,4.9,4.6
2023-05-01,C_202110_S_V,2021-10-01,Subprime,Variable,0.102,5.25,3.6,4.0,4.4
2023-06-01,C_202110_S_V,2021-10-01,Subprime,Variable,0.0989,5.25,3.6,3.0,4.7
2023-07-01,C_202110_S_V,2021-10-01,Subprime,Variable,0.1009,5.5,3.5,3.2,4.7
2023-08-01,C_202110_S_V,2021-10-01,Subprime,Variable,0.099,5.5,3.7,3.7,4.5
2023-09-01,C_202110_S_V,2021-10-01,Subprime,Variable,0.0997,5.5,3.7,3.7,4.4
2023-10-01,C_202110_S_V,2021-10-01,Subprime,Variable,0.0964,5.5,3.9,3.2,4.2
2023-11-01,C_202110_S_V,2021-10-01,Subprime,Variable,0.0984,5.5,3.7,3.1,4.1
2023-12-01,C_202110_S_V,2021-10-01,Subprime,Variable,0.0917,5.5,3.8,3.4,4.1
2021-12-01,C_202111_P_F,2021-11-01,Prime,Fixed,0.0155,0.25,3.9,7.0,4.9
2022-01-01,C_202111_P_F,2021-11-01,Prime,Fixed,0.0135,0.25,4.0,7.5,5.6
2022-02-01,C_202111_P_F,2021-11-01,Prime,Fixed,0.02,0.25,3.9,7.9,5.3
2022-03-01,C_202111_P_F,2021-11-01,Prime,Fixed,0.02,0.5,3.7,8.5,5.9
2022-04-01,C_202111_P_F,2021-11-01,Prime,Fixed,0.0202,0.5,3.7,8.3,5.8
2022-05-01,C_202111_P_F,2021-11-01,Prime,Fixed,0.023,1.0,3.6,8.6,5.6
2022-06-01,C_202111_P_F,2021-11-01,Prime,Fixed,0.0188,1.75,3.6,9.1,5.4
2022-07-01,C_202111_P_F,2021-11-01,Prime,Fixed,0.0249,2.5,3.5,8.5,5.5
2022-08-01,C_202111_P_F,2021-11-01,Prime,Fixed,0.0239,2.5,3.6,8.3,5.4
2022-09-01,C_202111_P_F,2021-11-01,Prime,Fixed,0.0222,3.25,3.5,8.2,5.1
2022-10-01,C_202111_P_F,2021-11-01,Prime,Fixed,0.0255,3.25,3.6,7.7,5.0
2022-11-01,C_202111_P_F,2021-11-01,Prime,Fixed,0.0214,4.0,3.6,7.1,5.1
2022-12-01,C_202111_P_F,2021-11-01,Prime,Fixed,0.0224,4.5,3.5,6.5,4.9
2023-01-01,C_202111_P_F,2021-11-01,Prime,Fixed,0.0232,4.5,3.5,6.4,4.5
2023-02-01,C_202111_P_F,2021-11-01,Prime,Fixed,0.0236,4.75,3.6,6.0,4.8
2023-03-01,C_202111_P_F,2021-11-01,Prime,Fixed,0.0227,5.0,3.5,5.0,4.6
2023-04-01,C_202111_P_F,2021-11-01,Prime,Fixed,0.0274,5.0,3.4,4.9,4.6
2023-05-01,C_202111_P_F,2021-11-01,Prime,Fixed,0.0245,5.25,3.6,4.0,4.4
2023-06-01,C_202111_P_F,2021-11-01,Prime,Fixed,0.0257,5.25,3.6,3.0,4.7
2023-07-01,C_202111_P_F,2021-11-01,Prime,Fixed,0.0237,5.5,3.5,3.2,4.7
2023-08-01,C_202111_P_F,2021-11-01,Prime,Fixed,0.021,5.5,3.7,3.7,4.5
2023-09-01,C_202111_P_F,2021-11-01,Prime,Fixed,0.0249,5.5,3.7,3.7,4.4
2023-10-01,C_202111_P_F,2021-11-01,Prime,Fixed,0.0202,5.5,3.9,3.2,4.2
2023-11-01,C_202111_P_F,2021-11-01,Prime,Fixed,0.0235,5.5,3.7,3.1,4.1
2023-12-01,C_202111_P_F,2021-11-01,Prime,Fixed,0.0205,5.5,3.8,3.4,4.1
2021-12-01,C_202111_P_V,2021-11-01,Prime,Variable,0.0198,0.25,3.9,7.0,4.9
2022-01-01,C_202111_P_V,2021-11-01,Prime,Variable,0.0186,0.25,4.0,7.5,5.6
2022-02-01,C_202111_P_V,2021-11-01,Prime,Variable,0.0178,0.25,3.9,7.9,5.3
2022-03-01,C_202111_P_V,2021-11-01,Prime,Variable,0.0209,0.5,3.7,8.5,5.9
2022-04-01,C_202111_P_V,2021-11-01,Prime,Variable,0.0175,0.5,3.7,8.3,5.8
2022-05-01,C_202111_P_V,2021-11-01,Prime,Variable,0.0211,1.0,3.6,8.6,5.6
2022-06-01,C_202111_P_V,2021-11-01,Prime,Variable,0.0511,1.75,3.6,9.1,5.4
2022-07-01,C_202111_P_V,2021-11-01,Prime,Variable,0.052,2.5,3.5,8.5,5.5
2022-08-01,C_202111_P_V,2021-11-01,Prime,Variable,0.0546,2.5,3.6,8.3,5.4
2022-09-01,C_202111_P_V,2021-11-01,Prime,Variable,0.0541,3.25,3.5,8.2,5.1
2022-10-01,C_202111_P_V,2021-11-01,Prime,Variable,0.0538,3.25,3.6,7.7,5.0
2022-11-01,C_202111_P_V,2021-11-01,Prime,Variable,0.0504,4.0,3.6,7.1,5.1
2022-12-01,C_202111_P_V,2021-11-01,Prime,Variable,0.0521,4.5,3.5,6.5,4.9
2023-01-01,C_202111_P_V,2021-11-01,Prime,Variable,0.0542,4.5,3.5,6.4,4.5
2023-02-01,C_202111_P_V,2021-11-01,Prime,Variable,0.0548,4.75,3.6,6.0,4.8
2023-03-01,C_202111_P_V,2021-11-01,Prime,Variable,0.0526,5.0,3.5,5.0,4.6
2023-04-01,C_202111_P_V,2021-11-01,Prime,Variable,0.0598,5.0,3.4,4.9,4.6
2023-05-01,C_202111_P_V,2021-11-01,Prime,Variable,0.058,5.25,3.6,4.0,4.4
2023-06-01,C_202111_P_V,2021-11-01,Prime,Variable,0.0562,5.25,3.6,3.0,4.7
2023-07-01,C_202111_P_V,2021-11-01,Prime,Variable,0.055,5.5,3.5,3.2,4.7
2023-08-01,C_202111_P_V,2021-11-01,Prime,Variable,0.0542,5.5,3.7,3.7,4.5
2023-09-01,C_202111_P_V,2021-11-01,Prime,Variable,0.0525,5.5,3.7,3.7,4.4
2023-10-01,C_202111_P_V,2021-11-01,Prime,Variable,0.0542,5.5,3.9,3.2,4.2
2023-11-01,C_202111_P_V,2021-11-01,Prime,Variable,0.0542,5.5,3.7,3.1,4.1
2023-12-01,C_202111_P_V,2021-11-01,Prime,Variable,0.0507,5.5,3.8,3.4,4.1
2021-12-01,C_202111_S_F,2021-11-01,Subprime,Fixed,0.0465,0.25,3.9,7.0,4.9
2022-01-01,C_202111_S_F,2021-11-01,Subprime,Fixed,0.0464,0.25,4.0,7.5,5.6
2022-02-01,C_202111_S_F,2021-11-01,Subprime,Fixed,0.0438,0.25,3.9,7.9,5.3
2022-03-01,C_202111_S_F,2021-11-01,Subprime,Fixed,0.0467,0.5,3.7,8.5,5.9
2022-04-01,C_202111_S_F,2021-11-01,Subprime,Fixed,0.0484,0.5,3.7,8.3,5.8
2022-05-01,C_202111_S_F,2021-11-01,Subprime,Fixed,0.0538,1.0,3.6,8.6,5.6
2022-06-01,C_202111_S_F,2021-11-01,Subprime,Fixed,0.0518,1.75,3.6,9.1,5.4
2022-07-01,C_202111_S_F,2021-11-01,Subprime,Fixed,0.0488,2.5,3.5,8.5,5.5
2022-08-01,C_202111_S_F,2021-11-01,Subprime,Fixed,0.053,2.5,3.6,8.3,5.4
2022-09-01,C_202111_S_F,2021-11-01,Subprime,Fixed,0.0496,3.25,3.5,8.2,5.1
2022-10-01,C_202111_S_F,2021-11-01,Subprime,Fixed,0.0554,3.25,3.6,7.7,5.0
2022-11-01,C_202111_S_F,2021-11-01,Subprime,Fixed,0.0527,4.0,3.6,7.1,5.1
2022-12-01,C_202111_S_F,2021-11-01,Subprime,Fixed,0.0539,4.5,3.5,6.5,4.9
2023-01-01,C_202111_S_F,2021-11-01,Subprime,Fixed,0.057,4.5,3.5,6.4,4.5
2023-02-01,C_202111_S_F,2021-11-01,Subprime,Fixed,0.0521,4.75,3.6,6.0,4.8
2023-03-01,C_202111_S_F,2021-11-01,Subprime,Fixed,0.0521,5.0,3.5,5.0,4.6
2023-04-01,C_202111_S_F,2021-11-01,Subprime,Fixed,0.0538,5.0,3.4,4.9,4.6
2023-05-01,C_202111_S_F,2021-11-01,Subprime,Fixed,0.0571,5.25,3.6,4.0,4.4
2023-06-01,C_202111_S_F,2021-11-01,Subprime,Fixed,0.0519,5.25,3.6,3.0,4.7
2023-07-01,C_202111_S_F,2021-11-01,Subprime,Fixed,0.0492,5.5,3.5,3.2,4.7
2023-08-01,C_202111_S_F,2021-11-01,Subprime,Fixed,0.0538,5.5,3.7,3.7,4.5
2023-09-01,C_202111_S_F,2021-11-01,Subprime,Fixed,0.0555,5.5,3.7,3.7,4.4
2023-10-01,C_202111_S_F,2021-11-01,Subprime,Fixed,0.0565,5.5,3.9,3.2,4.2
2023-11-01,C_202111_S_F,2021-11-01,Subprime,Fixed,0.0527,5.5,3.7,3.1,4.1
2023-12-01,C_202111_S_F,2021-11-01,Subprime,Fixed,0.0524,5.5,3.8,3.4,4.1
2021-12-01,C_202111_S_V,2021-11-01,Subprime,Variable,0.0482,0.25,3.9,7.0,4.9
2022-01-01,C_202111_S_V,2021-11-01,Subprime,Variable,0.043,0.25,4.0,7.5,5.6
2022-02-01,C_202111_S_V,2021-11-01,Subprime,Variable,0.0468,0.25,3.9,7.9,5.3
2022-03-01,C_202111_S_V,2021-11-01,Subprime,Variable,0.0488,0.5,3.7,8.5,5.9
2022-04-01,C_202111_S_V,2021-11-01,Subprime,Variable,0.0501,0.5,3.7,8.3,5.8
2022-05-01,C_202111_S_V,2021-11-01,Subprime,Variable,0.049,1.0,3.6,8.6,5.6
2022-06-01,C_202111_S_V,2021-11-01,Subprime,Variable,0.0958,1.75,3.6,9.1,5.4
2022-07-01,C_202111_S_V,2021-11-01,Subprime,Variable,0.0915,2.5,3.5,8.5,5.5
2022-08-01,C_202111_S_V,2021-11-01,Subprime,Variable,0.0958,2.5,3.6,8.3,5.4
2022-09-01,C_202111_S_V,2021-11-01,Subprime,Variable,0.0986,3.25,3.5,8.2,5.1
2022-10-01,C_202111_S_V,2021-11-01,Subprime,Variable,0.0962,3.25,3.6,7.7,5.0
2022-11-01,C_202111_S_V,2021-11-01,Subprime,Variable,0.0988,4.0,3.6,7.1,5.1
2022-12-01,C_202111_S_V,2021-11-01,Subprime,Variable,0.1,4.5,3.5,6.5,4.9
2023-01-01,C_202111_S_V,2021-11-01,Subprime,Variable,0.0987,4.5,3.5,6.4,4.5
2023-02-01,C_202111_S_V,2021-11-01,Subprime,Variable,0.1,4.75,3.6,6.0,4.8
2023-03-01,C_202111_S_V,2021-11-01,Subprime,Variable,0.0979,5.0,3.5,5.0,4.6
2023-04-01,C_202111_S_V,2021-11-01,Subprime,Variable,0.0995,5.0,3.4,4.9,4.6
2023-05-01,C_202111_S_V,2021-11-01,Subprime,Variable,0.1012,5.25,3.6,4.0,4.4
2023-06-01,C_202111_S_V,2021-11-01,Subprime,Variable,0.1003,5.25,3.6,3.0,4.7
2023-07-01,C_202111_S_V,2021-11-01,Subprime,Variable,0.0987,5.5,3.5,3.2,4.7
2023-08-01,C_202111_S_V,2021-11-01,Subprime,Variable,0.1001,5.5,3.7,3.7,4.5
2023-09-01,C_202111_S_V,2021-11-01,Subprime,Variable,0.1008,5.5,3.7,3.7,4.4
2023-10-01,C_202111_S_V,2021-11-01,Subprime,Variable,0.095,5.5,3.9,3.2,4.2
2023-11-01,C_202111_S_V,2021-11-01,Subprime,Variable,0.101,5.5,3.7,3.1,4.1
2023-12-01,C_202111_S_V,2021-11-01,Subprime,Variable,0.0975,5.5,3.8,3.4,4.1
2022-01-01,C_202112_P_F,2021-12-01,Prime,Fixed,0.0167,0.25,4.0,7.5,5.6
2022-02-01,C_202112_P_F,2021-12-01,Prime,Fixed,0.0191,0.25,3.9,7.9,5.3
2022-03-01,C_202112_P_F,2021-12-01,Prime,Fixed,0.0148,0.5,3.7,8.5,5.9
2022-04-01,C_202112_P_F,2021-12-01,Prime,Fixed,0.017,0.5,3.7,8.3,5.8
2022-05-01,C_202112_P_F,2021-12-01,Prime,Fixed,0.0186,1.0,3.6,8.6,5.6
2022-06-01,C_202112_P_F,2021-12-01,Prime,Fixed,0.0184,1.75,3.6,9.1,5.4
2022-07-01,C_202112_P_F,2021-12-01,Prime,Fixed,0.0242,2.5,3.5,8.5,5.5
2022-08-01,C_202112_P_F,2021-12-01,Prime,Fixed,0.0197,2.5,3.6,8.3,5.4
2022-09-01,C_202112_P_F,2021-12-01,Prime,Fixed,0.021,3.25,3.5,8.2,5.1
2022-10-01,C_202112_P_F,2021-12-01,Prime,Fixed,0.0231,3.25,3.6,7.7,5.0
2022-11-01,C_202112_P_F,2021-12-01,Prime,Fixed,0.0208,4.0,3.6,7.1,5.1
2022-12-01,C_202112_P_F,2021-12-01,Prime,Fixed,0.0229,4.5,3.5,6.5,4.9
2023-01-01,C_202112_P_F,2021-12-01,Prime,Fixed,0.0247,4.5,3.5,6.4,4.5
2023-02-01,C_202112_P_F,2021-12-01,Prime,Fixed,0.0237,4.75,3.6,6.0,4.8
2023-03-01,C_202112_P_F,2021-12-01,Prime,Fixed,0.0245,5.0,3.5,5.0,4.6
2023-04-01,C_202112_P_F,2021-12-01,Prime,Fixed,0.0238,5.0,3.4,4.9,4.6
2023-05-01,C_202112_P_F,2021-12-01,Prime,Fixed,0.0219,5.25,3.6,4.0,4.4
2023-06-01,C_202112_P_F,2021-12-01,Prime,Fixed,0.0256,5.25,3.6,3.0,4.7
2023-07-01,C_202112_P_F,2021-12-01,Prime,Fixed,0.0285,5.5,3.5,3.2,4.7
2023-08-01,C_202112_P_F,2021-12-01,Prime,Fixed,0.0249,5.5,3.7,3.7,4.5
2023-09-01,C_202112_P_F,2021-12-01,Prime,Fixed,0.0251,5.5,3.7,3.7,4.4
2023-10-01,C_202112_P_F,2021-12-01,Prime,Fixed,0.0258,5.5,3.9,3.2,4.2
2023-11-01,C_202112_P_F,2021-12-01,Prime,Fixed,0.0215,5.5,3.7,3.1,4.1
2023-12-01,C_202112_P_F,2021-12-01,Prime,Fixed,0.0271,5.5,3.8,3.4,4.1
2022-01-01,C_202112_P_V,2021-12-01,Prime,Variable,0.0163,0.25,4.0,7.5,5.6
2022-02-01,C_202112_P_V,2021-12-01,Prime,Variable,0.02,0.25,3.9,7.9,5.3
2022-03-01,C_202112_P_V,2021-12-01,Prime,Variable,0.0161,0.5,3.7,8.5,5.9
2022-04-01,C_202112_P_V,2021-12-01,Prime,Variable,0.0221,0.5,3.7,8.3,5.8
2022-05-01,C_202112_P_V,2021-12-01,Prime,Variable,0.0208,1.0,3.6,8.6,5.6
2022-06-01,C_202112_P_V,2021-12-01,Prime,Variable,0.0511,1.75,3.6,9.1,5.4
2022-07-01,C_202112_P_V,2021-12-01,Prime,Variable,0.0512,2.5,3.5,8.5,5.5
2022-08-01,C_202112_P_V,2021-12-01,Prime,Variable,0.0509,2.5,3.6,8.3,5.4
2022-09-01,C_202112_P_V,2021-12-01,Prime,Variable,0.0545,3.25,3.5,8.2,5.1
2022-10-01,C_202112_P_V,2021-12-01,Prime,Variable,0.0529,3.25,3.6,7.7,5.0
2022-11-01,C_202112_P_V,2021-12-01,Prime,Variable,0.0493,4.0,3.6,7.1,5.1
2022-12-01,C_202112_P_V,2021-12-01,Prime,Variable,0.0514,4.5,3.5,6.5,4.9
2023-01-01,C_202112_P_V,2021-12-01,Prime,Variable,0.0537,4.5,3.5,6.4,4.5
2023-02-01,C_202112_P_V,2021-12-01,Prime,Variable,0.055,4.75,3.6,6.0,4.8
2023-03-01,C_202112_P_V,2021-12-01,Prime,Variable,0.0545,5.0,3.5,5.0,4.6
2023-04-01,C_202112_P_V,2021-12-01,Prime,Variable,0.0573,5.0,3.4,4.9,4.6
2023-05-01,C_202112_P_V,2021-12-01,Prime,Variable,0.0511,5.25,3.6,4.0,4.4
2023-06-01,C_202112_P_V,2021-12-01,Prime,Variable,0.0553,5.25,3.6,3.0,4.7
2023-07-01,C_202112_P_V,2021-12-01,Prime,Variable,0.0513,5.5,3.5,3.2,4.7
2023-08-01,C_202112_P_V,2021-12-01,Prime,Variable,0.0564,5.5,3.7,3.7,4.5
2023-09-01,C_202112_P_V,2021-12-01,Prime,Variable,0.0545,5.5,3.7,3.7,4.4
2023-10-01,C_202112_P_V,2021-12-01,Prime,Variable,0.0552,5.5,3.9,3.2,4.2
2023-11-01,C_202112_P_V,2021-12-01,Prime,Variable,0.0523,5.5,3.7,3.1,4.1
2023-12-01,C_202112_P_V,2021-12-01,Prime,Variable,0.0562,5.5,3.8,3.4,4.1
2022-01-01,C_202112_S_F,2021-12-01,Subprime,Fixed,0.048,0.25,4.0,7.5,5.6
2022-02-01,C_202112_S_F,2021-12-01,Subprime,Fixed,0.0479,0.25,3.9,7.9,5.3
2022-03-01,C_202112_S_F,2021-12-01,Subprime,Fixed,0.0473,0.5,3.7,8.5,5.9
2022-04-01,C_202112_S_F,2021-12-01,Subprime,Fixed,0.0496,0.5,3.7,8.3,5.8
2022-05-01,C_202112_S_F,2021-12-01,Subprime,Fixed,0.0478,1.0,3.6,8.6,5.6
2022-06-01,C_202112_S_F,2021-12-01,Subprime,Fixed,0.0517,1.75,3.6,9.1,5.4
2022-07-01,C_202112_S_F,2021-12-01,Subprime,Fixed,0.054,2.5,3.5,8.5,5.5
2022-08-01,C_202112_S_F,2021-12-01,Subprime,Fixed,0.0536,2.5,3.6,8.3,5.4
2022-09-01,C_202112_S_F,2021-12-01,Subprime,Fixed,0.0506,3.25,3.5,8.2,5.1
2022-10-01,C_202112_S_F,2021-12-01,Subprime,Fixed,0.0534,3.25,3.6,7.7,5.0
2022-11-01,C_202112_S_F,2021-12-01,Subprime,Fixed,0.0506,4.0,3.6,7.1,5.1
2022-12-01,C_202112_S_F,2021-12-01,Subprime,Fixed,0.0548,4.5,3.5,6.5,4.9
2023-01-01,C_202112_S_F,2021-12-01,Subprime,Fixed,0.055,4.5,3.5,6.4,4.5
2023-02-01,C_202112_S_F,2021-12-01,Subprime,Fixed,0.0507,4.75,3.6,6.0,4.8
2023-03-01,C_202112_S_F,2021-12-01,Subprime,Fixed,0.0523,5.0,3.5,5.0,4.6
2023-04-01,C_202112_S_F,2021-12-01,Subprime,Fixed,0.0543,5.0,3.4,4.9,4.6
2023-05-01,C_202112_S_F,2021-12-01,Subprime,Fixed,0.0544,5.25,3.6,4.0,4.4
2023-06-01,C_202112_S_F,2021-12-01,Subprime,Fixed,0.0526,5.25,3.6,3.0,4.7
2023-07-01,C_202112_S_F,2021-12-01,Subprime,Fixed,0.0557,5.5,3.5,3.2,4.7
2023-08-01,C_202112_S_F,2021-12-01,Subprime,Fixed,0.0554,5.5,3.7,3.7,4.5
2023-09-01,C_202112_S_F,2021-12-01,Subprime,Fixed,0.0543,5.5,3.7,3.7,4.4
2023-10-01,C_202112_S_F,2021-12-01,Subprime,Fixed,0.0529,5.5,3.9,3.2,4.2
2023-11-01,C_202112_S_F,2021-12-01,Subprime,Fixed,0.0562,5.5,3.7,3.1,4.1
2023-12-01,C_202112_S_F,2021-12-01,Subprime,Fixed,0.057,5.5,3.8,3.4,4.1
2022-01-01,C_202112_S_V,2021-12-01,Subprime,Variable,0.0449,0.25,4.0,7.5,5.6
2022-02-01,C_202112_S_V,2021-12-01,Subprime,Variable,0.0455,0.25,3.9,7.9,5.3
2022-03-01,C_202112_S_V,2021-12-01,Subprime,Variable,0.0486,0.5,3.7,8.5,5.9
2022-04-01,C_202112_S_V,2021-12-01,Subprime,Variable,0.0477,0.5,3.7,8.3,5.8
2022-05-01,C_202112_S_V,2021-12-01,Subprime,Variable,0.0489,1.0,3.6,8.6,5.6
2022-06-01,C_202112_S_V,2021-12-01,Subprime,Variable,0.0965,1.75,3.6,9.1,5.4
2022-07-01,C_202112_S_V,2021-12-01,Subprime,Variable,0.0919,2.5,3.5,8.5,5.5
2022-08-01,C_202112_S_V,2021-12-01,Subprime,Variable,0.0991,2.5,3.6,8.3,5.4
2022-09-01,C_202112_S_V,2021-12-01,Subprime,Variable,0.0972,3.25,3.5,8.2,5.1
2022-10-01,C_202112_S_V,2021-12-01,Subprime,Variable,0.0968,3.25,3.6,7.7,5.0
2022-11-01,C_202112_S_V,2021-12-01,Subprime,Variable,0.098,4.0,3.6,7.1,5.1
2022-12-01,C_202112_S_V,2021-12-01,Subprime,Variable,0.0986,4.5,3.5,6.5,4.9
2023-01-01,C_202112_S_V,2021-12-01,Subprime,Variable,0.0956,4.5,3.5,6.4,4.5
2023-02-01,C_202112_S_V,2021-12-01,Subprime,Variable,0.1024,4.75,3.6,6.0,4.8
2023-03-01,C_202112_S_V,2021-12-01,Subprime,Variable,0.0997,5.0,3.5,5.0,4.6
2023-04-01,C_202112_S_V,2021-12-01,Subprime,Variable,0.1007,5.0,3.4,4.9,4.6
2023-05-01,C_202112_S_V,2021-12-01,Subprime,Variable,0.1019,5.25,3.6,4.0,4.4
2023-06-01,C_202112_S_V,2021-12-01,Subprime,Variable,0.098,5.25,3.6,3.0,4.7
2023-07-01,C_202112_S_V,2021-12-01,Subprime,Variable,0.1009,5.5,3.5,3.2,4.7
2023-08-01,C_202112_S_V,2021-12-01,Subprime,Variable,0.0993,5.5,3.7,3.7,4.5
2023-09-01,C_202112_S_V,2021-12-01,Subprime,Variable,0.1014,5.5,3.7,3.7,4.4
2023-10-01,C_202112_S_V,2021-12-01,Subprime,Variable,0.0951,5.5,3.9,3.2,4.2
2023-11-01,C_202112_S_V,2021-12-01,Subprime,Variable,0.0989,5.5,3.7,3.1,4.1
2023-12-01,C_202112_S_V,2021-12-01,Subprime,Variable,0.0975,5.5,3.8,3.4,4.1
2022-02-01,C_202201_P_F,2022-01-01,Prime,Fixed,0.0167,0.25,3.9,7.9,5.3
2022-03-01,C_202201_P_F,2022-01-01,Prime,Fixed,0.0177,0.5,3.7,8.5,5.9
2022-04-01,C_202201_P_F,2022-01-01,Prime,Fixed,0.0162,0.5,3.7,8.3,5.8
2022-05-01,C_202201_P_F,2022-01-01,Prime,Fixed,0.017,1.0,3.6,8.6,5.6
2022-06-01,C_202201_P_F,2022-01-01,Prime,Fixed,0.019,1.75,3.6,9.1,5.4
2022-07-01,C_202201_P_F,2022-01-01,Prime,Fixed,0.0182,2.5,3.5,8.5,5.5
2022-08-01,C_202201_P_F,2022-01-01,Prime,Fixed,0.0224,2.5,3.6,8.3,5.4
2022-09-01,C_202201_P_F,2022-01-01,Prime,Fixed,0.0207,3.25,3.5,8.2,5.1
2022-10-01,C_202201_P_F,2022-01-01,Prime,Fixed,0.0163,3.25,3.6,7.7,5.0
2022-11-01,C_202201_P_F,2022-01-01,Prime,Fixed,0.0219,4.0,3.6,7.1,5.1
2022-12-01,C_202201_P_F,2022-01-01,Prime,Fixed,0.0211,4.5,3.5,6.5,4.9
2023-01-01,C_202201_P_F,2022-01-01,Prime,Fixed,0.0204,4.5,3.5,6.4,4.5
2023-02-01,C_202201_P_F,2022-01-01,Prime,Fixed,0.0216,4.75,3.6,6.0,4.8
2023-03-01,C_202201_P_F,2022-01-01,Prime,Fixed,0.0246,5.0,3.5,5.0,4.6
2023-04-01,C_202201_P_F,2022-01-01,Prime,Fixed,0.0273,5.0,3.4,4.9,4.6
2023-05-01,C_202201_P_F,2022-01-01,Prime,Fixed,0.0255,5.25,3.6,4.0,4.4
2023-06-01,C_202201_P_F,2022-01-01,Prime,Fixed,0.0237,5.25,3.6,3.0,4.7
2023-07-01,C_202201_P_F,2022-01-01,Prime,Fixed,0.0259,5.5,3.5,3.2,4.7
2023-08-01,C_202201_P_F,2022-01-01,Prime,Fixed,0.024,5.5,3.7,3.7,4.5
2023-09-01,C_202201_P_F,2022-01-01,Prime,Fixed,0.0235,5.5,3.7,3.7,4.4
2023-10-01,C_202201_P_F,2022-01-01,Prime,Fixed,0.0224,5.5,3.9,3.2,4.2
2023-11-01,C_202201_P_F,2022-01-01,Prime,Fixed,0.0209,5.5,3.7,3.1,4.1
2023-12-01,C_202201_P_F,2022-01-01,Prime,Fixed,0.0233,5.5,3.8,3.4,4.1
2022-02-01,C_202201_P_V,2022-01-01,Prime,Variable,0.0162,0.25,3.9,7.9,5.3
2022-03-01,C_202201_P_V,2022-01-01,Prime,Variable,0.0165,0.5,3.7,8.5,5.9
2022-04-01,C_202201_P_V,2022-01-01,Prime,Variable,0.0168,0.5,3.7,8.3,5.8
2022-05-01,C_202201_P_V,2022-01-01,Prime,Variable,0.0165,1.0,3.6,8.6,5.6
2022-06-01,C_202201_P_V,2022-01-01,Prime,Variable,0.0504,1.75,3.6,9.1,5.4
2022-07-01,C_202201_P_V,2022-01-01,Prime,Variable,0.0474,2.5,3.5,8.5,5.5
2022-08-01,C_202201_P_V,2022-01-01,Prime,Variable,0.0523,2.5,3.6,8.3,5.4
2022-09-01,C_202201_P_V,2022-01-01,Prime,Variable,0.0494,3.25,3.5,8.2,5.1
2022-10-01,C_202201_P_V,2022-01-01,Prime,Variable,0.0506,3.25,3.6,7.7,5.0
2022-11-01,C_202201_P_V,2022-01-01,Prime,Variable,0.0497,4.0,3.6,7.1,5.1
2022-12-01,C_202201_P_V,2022-01-01,Prime,Variable,0.0522,4.5,3.5,6.5,4.9
2023-01-01,C_202201_P_V,2022-01-01,Prime,Variable,0.0556,4.5,3.5,6.4,4.5
2023-02-01,C_202201_P_V,2022-01-01,Prime,Variable,0.0551,4.75,3.6,6.0,4.8
2023-03-01,C_202201_P_V,2022-01-01,Prime,Variable,0.0564,5.0,3.5,5.0,4.6
2023-04-01,C_202201_P_V,2022-01-01,Prime,Variable,0.0557,5.0,3.4,4.9,4.6
2023-05-01,C_202201_P_V,2022-01-01,Prime,Variable,0.0526,5.25,3.6,4.0,4.4
2023-06-01,C_202201_P_V,2022-01-01,Prime,Variable,0.0543,5.25,3.6,3.0,4.7
2023-07-01,C_202201_P_V,2022-01-01,Prime,Variable,0.0534,5.5,3.5,3.2,4.7
2023-08-01,C_202201_P_V,2022-01-01,Prime,Variable,0.0576,5.5,3.7,3.7,4.5
2023-09-01,C_202201_P_V,2022-01-01,Prime,Variable,0.0525,5.5,3.7,3.7,4.4
2023-10-01,C_202201_P_V,2022-01-01,Prime,Variable,0.0564,5.5,3.9,3.2,4.2
2023-11-01,C_202201_P_V,2022-01-01,Prime,Variable,0.0562,5.5,3.7,3.1,4.1
2023-12-01,C_202201_P_V,2022-01-01,Prime,Variable,0.0577,5.5,3.8,3.4,4.1
2022-02-01,C_202201_S_F,2022-01-01,Subprime,Fixed,0.0451,0.25,3.9,7.9,5.3
2022-03-01,C_202201_S_F,2022-01-01,Subprime,Fixed,0.0482,0.5,3.7,8.5,5.9
2022-04-01,C_202201_S_F,2022-01-01,Subprime,Fixed,0.0522,0.5,3.7,8.3,5.8
2022-05-01,C_202201_S_F,2022-01-01,Subprime,Fixed,0.0472,1.0,3.6,8.6,5.6
2022-06-01,C_202201_S_F,2022-01-01,Subprime,Fixed,0.0462,1.75,3.6,9.1,5.4
2022-07-01,C_202201_S_F,2022-01-01,Subprime,Fixed,0.0462,2.5,3.5,8.5,5.5
2022-08-01,C_202201_S_F,2022-01-01,Subprime,Fixed,0.0522,2.5,3.6,8.3,5.4
2022-09-01,C_202201_S_F,2022-01-01,Subprime,Fixed,0.0477,3.25,3.5,8.2,5.1
2022-10-01,C_202201_S_F,2022-01-01,Subprime,Fixed,0.0513,3.25,3.6,7.7,5.0
2022-11-01,C_202201_S_F,2022-01-01,Subprime,Fixed,0.0535,4.0,3.6,7.1,5.1
2022-12-01,C_202201_S_F,2022-01-01,Subprime,Fixed,0.0536,4.5,3.5,6.5,4.9
2023-01-01,C_202201_S_F,2022-01-01,Subprime,Fixed,0.0545,4.5,3.5,6.4,4.5
2023-02-01,C_202201_S_F,2022-01-01,Subprime,Fixed,0.0545,4.75,3.6,6.0,4.8
2023-03-01,C_202201_S_F,2022-01-01,Subprime,Fixed,0.057,5.0,3.5,5.0,4.6
2023-04-01,C_202201_S_F,2022-01-01,Subprime,Fixed,0.0528,5.0,3.4,4.9,4.6
2023-05-01,C_202201_S_F,2022-01-01,Subprime,Fixed,0.0535,5.25,3.6,4.0,4.4
2023-06-01,C_202201_S_F,2022-01-01,Subprime,Fixed,0.0534,5.25,3.6,3.0,4.7
2023-07-01,C_202201_S_F,2022-01-01,Subprime,Fixed,0.0567,5.5,3.5,3.2,4.7
2023-08-01,C_202201_S_F,2022-01-01,Subprime,Fixed,0.0568,5.5,3.7,3.7,4.5
2023-09-01,C_202201_S_F,2022-01-01,Subprime,Fixed,0.0558,5.5,3.7,3.7,4.4
2023-10-01,C_202201_S_F,2022-01-01,Subprime,Fixed,0.057,5.5,3.9,3.2,4.2
2023-11-01,C_202201_S_F,2022-01-01,Subprime,Fixed,0.052,5.5,3.7,3.1,4.1
2023-12-01,C_202201_S_F,2022-01-01,Subprime,Fixed,0.0574,5.5,3.8,3.4,4.1
2022-02-01,C_202201_S_V,2022-01-01,Subprime,Variable,0.0489,0.25,3.9,7.9,5.3
2022-03-01,C_202201_S_V,2022-01-01,Subprime,Variable,0.0482,0.5,3.7,8.5,5.9
2022-04-01,C_202201_S_V,2022-01-01,Subprime,Variable,0.0512,0.5,3.7,8.3,5.8
2022-05-01,C_202201_S_V,2022-01-01,Subprime,Variable,0.0451,1.0,3.6,8.6,5.6
2022-06-01,C_202201_S_V,2022-01-01,Subprime,Variable,0.0932,1.75,3.6,9.1,5.4
2022-07-01,C_202201_S_V,2022-01-01,Subprime,Variable,0.0935,2.5,3.5,8.5,5.5
2022-08-01,C_202201_S_V,2022-01-01,Subprime,Variable,0.0972,2.5,3.6,8.3,5.4
2022-09-01,C_202201_S_V,2022-01-01,Subprime,Variable,0.0943,3.25,3.5,8.2,5.1
2022-10-01,C_202201_S_V,2022-01-01,Subprime,Variable,0.0986,3.25,3.6,7.7,5.0
2022-11-01,C_202201_S_V,2022-01-01,Subprime,Variable,0.1004,4.0,3.6,7.1,5.1
2022-12-01,C_202201_S_V,2022-01-01,Subprime,Variable,0.0996,4.5,3.5,6.5,4.9
2023-01-01,C_202201_S_V,2022-01-01,Subprime,Variable,0.0992,4.5,3.5,6.4,4.5
2023-02-01,C_202201_S_V,2022-01-01,Subprime,Variable,0.0971,4.75,3.6,6.0,4.8
2023-03-01,C_202201_S_V,2022-01-01,Subprime,Variable,0.0977,5.0,3.5,5.0,4.6
2023-04-01,C_202201_S_V,2022-01-01,Subprime,Variable,0.1022,5.0,3.4,4.9,4.6
2023-05-01,C_202201_S_V,2022-01-01,Subprime,Variable,0.1014,5.25,3.6,4.0,4.4
2023-06-01,C_202201_S_V,2022-01-01,Subprime,Variable,0.0999,5.25,3.6,3.0,4.7
2023-07-01,C_202201_S_V,2022-01-01,Subprime,Variable,0.0992,5.5,3.5,3.2,4.7
2023-08-01,C_202201_S_V,2022-01-01,Subprime,Variable,0.0959,5.5,3.7,3.7,4.5
2023-09-01,C_202201_S_V,2022-01-01,Subprime,Variable,0.0977,5.5,3.7,3.7,4.4
2023-10-01,C_202201_S_V,2022-01-01,Subprime,Variable,0.1035,5.5,3.9,3.2,4.2
2023-11-01,C_202201_S_V,2022-01-01,Subprime,Variable,0.0968,5.5,3.7,3.1,4.1
2023-12-01,C_202201_S_V,2022-01-01,Subprime,Variable,0.0994,5.5,3.8,3.4,4.1
2022-03-01,C_202202_P_F,2022-02-01,Prime,Fixed,0.0179,0.5,3.7,8.5,5.9
2022-04-01,C_202202_P_F,2022-02-01,Prime,Fixed,0.0142,0.5,3.7,8.3,5.8
2022-05-01,C_202202_P_F,2022-02-01,Prime,Fixed,0.018,1.0,3.6,8.6,5.6
2022-06-01,C_202202_P_F,2022-02-01,Prime,Fixed,0.0203,1.75,3.6,9.1,5.4
2022-07-01,C_202202_P_F,2022-02-01,Prime,Fixed,0.0193,2.5,3.5,8.5,5.5
2022-08-01,C_202202_P_F,2022-02-01,Prime,Fixed,0.0257,2.5,3.6,8.3,5.4
2022-09-01,C_202202_P_F,2022-02-01,Prime,Fixed,0.0174,3.25,3.5,8.2,5.1
2022-10-01,C_202202_P_F,2022-02-01,Prime,Fixed,0.0235,3.25,3.6,7.7,5.0
2022-11-01,C_202202_P_F,2022-02-01,Prime,Fixed,0.0217,4.0,3.6,7.1,5.1
2022-12-01,C_202202_P_F,2022-02-01,Prime,Fixed,0.0242,4.5,3.5,6.5,4.9
2023-01-01,C_202202_P_F,2022-02-01,Prime,Fixed,0.0241,4.5,3.5,6.4,4.5
2023-02-01,C_202202_P_F,2022-02-01,Prime,Fixed,0.0222,4.75,3.6,6.0,4.8
2023-03-01,C_202202_P_F,2022-02-01,Prime,Fixed,0.0245,5.0,3.5,5.0,4.6
2023-04-01,C_202202_P_F,2022-02-01,Prime,Fixed,0.0207,5.0,3.4,4.9,4.6
2023-05-01,C_202202_P_F,2022-02-01,Prime,Fixed,0.0259,5.25,3.6,4.0,4.4
2023-06-01,C_202202_P_F,2022-02-01,Prime,Fixed,0.0254,5.25,3.6,3.0,4.7
2023-07-01,C_202202_P_F,2022-02-01,Prime,Fixed,0.0262,5.5,3.5,3.2,4.7
2023-08-01,C_202202_P_F,2022-02-01,Prime,Fixed,0.0271,5.5,3.7,3.7,4.5
2023-09-01,C_202202_P_F,2022-02-01,Prime,Fixed,0.0257,5.5,3.7,3.7,4.4
2023-10-01,C_202202_P_F,2022-02-01,Prime,Fixed,0.0251,5.5,3.9,3.2,4.2
2023-11-01,C_202202_P_F,2022-02-01,Prime,Fixed,0.0229,5.5,3.7,3.1,4.1
2023-12-01,C_202202_P_F,2022-02-01,Prime,Fixed,0.023,5.5,3.8,3.4,4.1
2022-03-01,C_202202_P_V,2022-02-01,Prime,Variable,0.0182,0.5,3.7,8.5,5.9
2022-04-01,C_202202_P_V,2022-02-01,Prime,Variable,0.0196,0.5,3.7,8.3,5.8
2022-05-01,C_202202_P_V,2022-02-01,Prime,Variable,0.0171,1.0,3.6,8.6,5.6
2022-06-01,C_202202_P_V,2022-02-01,Prime,Variable,0.0485,1.75,3.6,9.1,5.4
2022-07-01,C_202202_P_V,2022-02-01,Prime,Variable,0.0474,2.5,3.5,8.5,5.5
2022-08-01,C_202202_P_V,2022-02-01,Prime,Variable,0.0523,2.5,3.6,8.3,5.4
2022-09-01,C_202202_P_V,2022-02-01,Prime,Variable,0.0521,3.25,3.5,8.2,5.1
2022-10-01,C_202202_P_V,2022-02-01,Prime,Variable,0.0553,3.25,3.6,7.7,5.0
2022-11-01,C_202202_P_V,2022-02-01,Prime,Variable,0.0503,4.0,3.6,7.1,5.1
2022-12-01,C_202202_P_V,2022-02-01,Prime,Variable,0.0519,4.5,3.5,6.5,4.9
2023-01-01,C_202202_P_V,2022-02-01,Prime,Variable,0.0537,4.5,3.5,6.4,4.5
2023-02-01,C_202202_P_V,2022-02-01,Prime,Variable,0.055,4.75,3.6,6.0,4.8
2023-03-01,C_202202_P_V,2022-02-01,Prime,Variable,0.0536,5.0,3.5,5.0,4.6
2023-04-01,C_202202_P_V,2022-02-01,Prime,Variable,0.0527,5.0,3.4,4.9,4.6
2023-05-01,C_202202_P_V,2022-02-01,Prime,Variable,0.0564,5.25,3.6,4.0,4.4
2023-06-01,C_202202_P_V,2022-02-01,Prime,Variable,0.0563,5.25,3.6,3.0,4.7
2023-07-01,C_202202_P_V,2022-02-01,Prime,Variable,0.0531,5.5,3.5,3.2,4.7
2023-08-01,C_202202_P_V,2022-02-01,Prime,Variable,0.0577,5.5,3.7,3.7,4.5
2023-09-01,C_202202_P_V,2022-02-01,Prime,Variable,0.0573,5.5,3.7,3.7,4.4
2023-10-01,C_202202_P_V,2022-02-01,Prime,Variable,0.0551,5.5,3.9,3.2,4.2
2023-11-01,C_202202_P_V,2022-02-01,Prime,Variable,0.0548,5.5,3.7,3.1,4.1
2023-12-01,C_202202_P_V,2022-02-01,Prime,Variable,0.0555,5.5,3.8,3.4,4.1
2022-03-01,C_202202_S_F,2022-02-01,Subprime,Fixed,0.0441,0.5,3.7,8.5,5.9
2022-04-01,C_202202_S_F,2022-02-01,Subprime,Fixed,0.0468,0.5,3.7,8.3,5.8
2022-05-01,C_202202_S_F,2022-02-01,Subprime,Fixed,0.0433,1.0,3.6,8.6,5.6
2022-06-01,C_202202_S_F,2022-02-01,Subprime,Fixed,0.0502,1.75,3.6,9.1,5.4
2022-07-01,C_202202_S_F,2022-02-01,Subprime,Fixed,0.0461,2.5,3.5,8.5,5.5
2022-08-01,C_202202_S_F,2022-02-01,Subprime,Fixed,0.053,2.5,3.6,8.3,5.4
2022-09-01,C_202202_S_F,2022-02-01,Subprime,Fixed,0.0501,3.25,3.5,8.2,5.1
2022-10-01,C_202202_S_F,2022-02-01,Subprime,Fixed,0.051,3.25,3.6,7.7,5.0
2022-11-01,C_202202_S_F,2022-02-01,Subprime,Fixed,0.0508,4.0,3.6,7.1,5.1
2022-12-01,C_202202_S_F,2022-02-01,Subprime,Fixed,0.0521,4.5,3.5,6.5,4.9
2023-01-01,C_202202_S_F,2022-02-01,Subprime,Fixed,0.056,4.5,3.5,6.4,4.5
2023-02-01,C_202202_S_F,2022-02-01,Subprime,Fixed,0.0487,4.75,3.6,6.0,4.8
2023-03-01,C_202202_S_F,2022-02-01,Subprime,Fixed,0.0566,5.0,3.5,5.0,4.6
2023-04-01,C_202202_S_F,2022-02-01,Subprime,Fixed,0.0551,5.0,3.4,4.9,4.6
2023-05-01,C_202202_S_F,2022-02-01,Subprime,Fixed,0.0522,5.25,3.6,4.0,4.4
2023-06-01,C_202202_S_F,2022-02-01,Subprime,Fixed,0.0527,5.25,3.6,3.0,4.7
2023-07-01,C_202202_S_F,2022-02-01,Subprime,Fixed,0.0583,5.5,3.5,3.2,4.7
2023-08-01,C_202202_S_F,2022-02-01,Subprime,Fixed,0.0531,5.5,3.7,3.7,4.5
2023-09-01,C_202202_S_F,2022-02-01,Subprime,Fixed,0.0527,5.5,3.7,3.7,4.4
2023-10-01,C_202202_S_F,2022-02-01,Subprime,Fixed,0.0571,5.5,3.9,3.2,4.2
2023-11-01,C_202202_S_F,2022-02-01,Subprime,Fixed,0.0553,5.5,3.7,3.1,4.1
2023-12-01,C_202202_S_F,2022-02-01,Subprime,Fixed,0.0525,5.5,3.8,3.4,4.1
2022-03-01,C_202202_S_V,2022-02-01,Subprime,Variable,0.0463,0.5,3.7,8.5,5.9
2022-04-01,C_202202_S_V,2022-02-01,Subprime,Variable,0.0447,0.5,3.7,8.3,5.8
2022-05-01,C_202202_S_V,2022-02-01,Subprime,Variable,0.0498,1.0,3.6,8.6,5.6
2022-06-01,C_202202_S_V,2022-02-01,Subprime,Variable,0.0955,1.75,3.6,9.1,5.4
2022-07-01,C_202202_S_V,2022-02-01,Subprime,Variable,0.0953,2.5,3.5,8.5,5.5
2022-08-01,C_202202_S_V,2022-02-01,Subprime,Variable,0.0957,2.5,3.6,8.3,5.4
2022-09-01,C_202202_S_V,2022-02-01,Subprime,Variable,0.0993,3.25,3.5,8.2,5.1
2022-10-01,C_202202_S_V,2022-02-01,Subprime,Variable,0.0964,3.25,3.6,7.7,5.0
2022-11-01,C_202202_S_V,2022-02-01,Subprime,Variable,0.0947,4.0,3.6,7.1,5.1
2022-12-01,C_202202_S_V,2022-02-01,Subprime,Variable,0.0986,4.5,3.5,6.5,4.9
2023-01-01,C_202202_S_V,2022-02-01,Subprime,Variable,0.1024,4.5,3.5,6.4,4.5
2023-02-01,C_202202_S_V,2022-02-01,Subprime,Variable,0.0966,4.75,3.6,6.0,4.8
2023-03-01,C_202202_S_V,2022-02-01,Subprime,Variable,0.0983,5.0,3.5,5.0,4.6
2023-04-01,C_202202_S_V,2022-02-01,Subprime,Variable,0.1002,5.0,3.4,4.9,4.6
2023-05-01,C_202202_S_V,2022-02-01,Subprime,Variable,0.0996,5.25,3.6,4.0,4.4
2023-06-01,C_202202_S_V,2022-02-01,Subprime,Variable,0.0979,5.25,3.6,3.0,4.7
2023-07-01,C_202202_S_V,2022-02-01,Subprime,Variable,0.1022,5.5,3.5,3.2,4.7
2023-08-01,C_202202_S_V,2022-02-01,Subprime,Variable,0.1046,5.5,3.7,3.7,4.5
2023-09-01,C_202202_S_V,2022-02-01,Subprime,Variable,0.1004,5.5,3.7,3.7,4.4
2023-10-01,C_202202_S_V,2022-02-01,Subprime,Variable,0.098,5.5,3.9,3.2,4.2
2023-11-01,C_202202_S_V,2022-02-01,Subprime,Variable,0.0966,5.5,3.7,3.1,4.1
2023-12-01,C_202202_S_V,2022-02-01,Subprime,Variable,0.0999,5.5,3.8,3.4,4.1
2022-04-01,C_202203_P_F,2022-03-01,Prime,Fixed,0.0181,0.5,3.7,8.3,5.8
2022-05-01,C_202203_P_F,2022-03-01,Prime,Fixed,0.0177,1.0,3.6,8.6,5.6
2022-06-01,C_202203_P_F,2022-03-01,Prime,Fixed,0.0176,1.75,3.6,9.1,5.4
2022-07-01,C_202203_P_F,2022-03-01,Prime,Fixed,0.0172,2.5,3.5,8.5,5.5
2022-08-01,C_202203_P_F,2022-03-01,Prime,Fixed,0.017,2.5,3.6,8.3,5.4
2022-09-01,C_202203_P_F,2022-03-01,Prime,Fixed,0.0217,3.25,3.5,8.2,5.1
2022-10-01,C_202203_P_F,2022-03-01,Prime,Fixed,0.0226,3.25,3.6,7.7,5.0
2022-11-01,C_202203_P_F,2022-03-01,Prime,Fixed,0.0183,4.0,3.6,7.1,5.1
2022-12-01,C_202203_P_F,2022-03-01,Prime,Fixed,0.0253,4.5,3.5,6.5,4.9
2023-01-01,C_202203_P_F,2022-03-01,Prime,Fixed,0.0238,4.5,3.5,6.4,4.5
2023-02-01,C_202203_P_F,2022-03-01,Prime,Fixed,0.026,4.75,3.6,6.0,4.8
2023-03-01,C_202203_P_F,2022-03-01,Prime,Fixed,0.021,5.0,3.5,5.0,4.6
2023-04-01,C_202203_P_F,2022-03-01,Prime,Fixed,0.0213,5.0,3.4,4.9,4.6
2023-05-01,C_202203_P_F,2022-03-01,Prime,Fixed,0.0241,5.25,3.6,4.0,4.4
2023-06-01,C_202203_P_F,2022-03-01,Prime,Fixed,0.0257,5.25,3.6,3.0,4.7
2023-07-01,C_202203_P_F,2022-03-01,Prime,Fixed,0.0284,5.5,3.5,3.2,4.7
2023-08-01,C_202203_P_F,2022-03-01,Prime,Fixed,0.0264,5.5,3.7,3.7,4.5
2023-09-01,C_202203_P_F,2022-03-01,Prime,Fixed,0.0245,5.5,3.7,3.7,4.4
2023-10-01,C_202203_P_F,2022-03-01,Prime,Fixed,0.0229,5.5,3.9,3.2,4.2
2023-11-01,C_202203_P_F,2022-03-01,Prime,Fixed,0.0273,5.5,3.7,3.1,4.1
2023-12-01,C_202203_P_F,2022-03-01,Prime,Fixed,0.0227,5.5,3.8,3.4,4.1
2022-04-01,C_202203_P_V,2022-03-01,Prime,Variable,0.0191,0.5,3.7,8.3,5.8
2022-05-01,C_202203_P_V,2022-03-01,Prime,Variable,0.0162,1.0,3.6,8.6,5.6
2022-06-01,C_202203_P_V,2022-03-01,Prime,Variable,0.0508,1.75,3.6,9.1,5.4
2022-07-01,C_202203_P_V,2022-03-01,Prime,Variable,0.0498,2.5,3.5,8.5,5.5
2022-08-01,C_202203_P_V,2022-03-01,Prime,Variable,0.049,2.5,3.6,8.3,5.4
2022-09-01,C_202203_P_V,2022-03-01,Prime,Variable,0.049,3.25,3.5,8.2,5.1
2022-10-01,C_202203_P_V,2022-03-01,Prime,Variable,0.0501,3.25,3.6,7.7,5.0
2022-11-01,C_202203_P_V,2022-03-01,Prime,Variable,0.0523,4.0,3.6,7.1,5.1
2022-12-01,C_202203_P_V,2022-03-01,Prime,Variable,0.0522,4.5,3.5,6.5,4.9
2023-01-01,C_202203_P_V,2022-03-01,Prime,Variable,0.0515,4.5,3.5,6.4,4.5
2023-02-01,C_202203_P_V,2022-03-01,Prime,Variable,0.0529,4.75,3.6,6.0,4.8
2023-03-01,C_202203_P_V,2022-03-01,Prime,Variable,0.0538,5.0,3.5,5.0,4.6
2023-04-01,C_202203_P_V,2022-03-01,Prime,Variable,0.0498,5.0,3.4,4.9,4.6
2023-05-01,C_202203_P_V,2022-03-01,Prime,Variable,0.0553,5.25,3.6,4.0,4.4
2023-06-01,C_202203_P_V,2022-03-01,Prime,Variable,0.0527,5.25,3.6,3.0,4.7
2023-07-01,C_202203_P_V,2022-03-01,Prime,Variable,0.0525,5.5,3.5,3.2,4.7
2023-08-01,C_202203_P_V,2022-03-01,Prime,Variable,0.0516,5.5,3.7,3.7,4.5
2023-09-01,C_202203_P_V,2022-03-01,Prime,Variable,0.0514,5.5,3.7,3.7,4.4
2023-10-01,C_202203_P_V,2022-03-01,Prime,Variable,0.0523,5.5,3.9,3.2,4.2
2023-11-01,C_202203_P_V,2022-03-01,Prime,Variable,0.0534,5.5,3.7,3.1,4.1
2023-12-01,C_202203_P_V,2022-03-01,Prime,Variable,0.0586,5.5,3.8,3.4,4.1
2022-04-01,C_202203_S_F,2022-03-01,Subprime,Fixed,0.0448,0.5,3.7,8.3,5.8
2022-05-01,C_202203_S_F,2022-03-01,Subprime,Fixed,0.0471,1.0,3.6,8.6,5.6
2022-06-01,C_202203_S_F,2022-03-01,Subprime,Fixed,0.0484,1.75,3.6,9.1,5.4
2022-07-01,C_202203_S_F,2022-03-01,Subprime,Fixed,0.0487,2.5,3.5,8.5,5.5
2022-08-01,C_202203_S_F,2022-03-01,Subprime,Fixed,0.0491,2.5,3.6,8.3,5.4
2022-09-01,C_202203_S_F,2022-03-01,Subprime,Fixed,0.0476,3.25,3.5,8.2,5.1
2022-10-01,C_202203_S_F,2022-03-01,Subprime,Fixed,0.0536,3.25,3.6,7.7,5.0
2022-11-01,C_202203_S_F,2022-03-01,Subprime,Fixed,0.055,4.0,3.6,7.1,5.1
2022-12-01,C_202203_S_F,2022-03-01,Subprime,Fixed,0.0487,4.5,3.5,6.5,4.9
2023-01-01,C_202203_S_F,2022-03-01,Subprime,Fixed,0.0506,4.5,3.5,6.4,4.5
2023-02-01,C_202203_S_F,2022-03-01,Subprime,Fixed,0.0526,4.75,3.6,6.0,4.8
2023-03-01,C_202203_S_F,2022-03-01,Subprime,Fixed,0.0517,5.0,3.5,5.0,4.6
2023-04-01,C_202203_S_F,2022-03-01,Subprime,Fixed,0.0551,5.0,3.4,4.9,4.6
2023-05-01,C_202203_S_F,2022-03-01,Subprime,Fixed,0.0529,5.25,3.6,4.0,4.4
2023-06-01,C_202203_S_F,2022-03-01,Subprime,Fixed,0.059,5.25,3.6,3.0,4.7
2023-07-01,C_202203_S_F,2022-03-01,Subprime,Fixed,0.0572,5.5,3.5,3.2,4.7
2023-08-01,C_202203_S_F,2022-03-01,Subprime,Fixed,0.0554,5.5,3.7,3.7,4.5
2023-09-01,C_202203_S_F,2022-03-01,Subprime,Fixed,0.0571,5.5,3.7,3.7,4.4
2023-10-01,C_202203_S_F,2022-03-01,Subprime,Fixed,0.0572,5.5,3.9,3.2,4.2
2023-11-01,C_202203_S_F,2022-03-01,Subprime,Fixed,0.0537,5.5,3.7,3.1,4.1
2023-12-01,C_202203_S_F,2022-03-01,Subprime,Fixed,0.053,5.5,3.8,3.4,4.1
2022-04-01,C_202203_S_V,2022-03-01,Subprime,Variable,0.046,0.5,3.7,8.3,5.8
2022-05-01,C_202203_S_V,2022-03-01,Subprime,Variable,0.0485,1.0,3.6,8.6,5.6
2022-06-01,C_202203_S_V,2022-03-01,Subprime,Variable,0.0929,1.75,3.6,9.1,5.4
2022-07-01,C_202203_S_V,2022-03-01,Subprime,Variable,0.0903,2.5,3.5,8.5,5.5
2022-08-01,C_202203_S_V,2022-03-01,Subprime,Variable,0.0926,2.5,3.6,8.3,5.4
2022-09-01,C_202203_S_V,2022-03-01,Subprime,Variable,0.0949,3.25,3.5,8.2,5.1
2022-10-01,C_202203_S_V,2022-03-01,Subprime,Variable,0.0956,3.25,3.6,7.7,5.0
2022-11-01,C_202203_S_V,2022-03-01,Subprime,Variable,0.1004,4.0,3.6,7.1,5.1
2022-12-01,C_202203_S_V,2022-03-01,Subprime,Variable,0.0943,4.5,3.5,6.5,4.9
2023-01-01,C_202203_S_V,2022-03-01,Subprime,Variable,0.0987,4.5,3.5,6.4,4.5
2023-02-01,C_202203_S_V,2022-03-01,Subprime,Variable,0.1012,4.75,3.6,6.0,4.8
2023-03-01,C_202203_S_V,2022-03-01,Subprime,Variable,0.1032,5.0,3.5,5.0,4.6
2023-04-01,C_202203_S_V,2022-03-01,Subprime,Variable,0.0983,5.0,3.4,4.9,4.6
2023-05-01,C_202203_S_V,2022-03-01,Subprime,Variable,0.1004,5.25,3.6,4.0,4.4
2023-06-01,C_202203_S_V,2022-03-01,Subprime,Variable,0.1008,5.25,3.6,3.0,4.7
2023-07-01,C_202203_S_V,2022-03-01,Subprime,Variable,0.1002,5.5,3.5,3.2,4.7
2023-08-01,C_202203_S_V,2022-03-01,Subprime,Variable,0.0998,5.5,3.7,3.7,4.5
2023-09-01,C_202203_S_V,2022-03-01,Subprime,Variable,0.1009,5.5,3.7,3.7,4.4
2023-10-01,C_202203_S_V,2022-03-01,Subprime,Variable,0.0949,5.5,3.9,3.2,4.2
2023-11-01,C_202203_S_V,2022-03-01,Subprime,Variable,0.1012,5.5,3.7,3.1,4.1
2023-12-01,C_202203_S_V,2022-03-01,Subprime,Variable,0.0999,5.5,3.8,3.4,4.1
2022-05-01,C_202204_P_F,2022-04-01,Prime,Fixed,0.0154,1.0,3.6,8.6,5.6
2022-06-01,C_202204_P_F,2022-04-01,Prime,Fixed,0.0208,1.75,3.6,9.1,5.4
2022-07-01,C_202204_P_F,2022-04-01,Prime,Fixed,0.0162,2.5,3.5,8.5,5.5
2022-08-01,C_202204_P_F,2022-04-01,Prime,Fixed,0.0176,2.5,3.6,8.3,5.4
2022-09-01,C_202204_P_F,2022-04-01,Prime,Fixed,0.0232,3.25,3.5,8.2,5.1
2022-10-01,C_202204_P_F,2022-04-01,Prime,Fixed,0.0183,3.25,3.6,7.7,5.0
2022-11-01,C_202204_P_F,2022-04-01,Prime,Fixed,0.0196,4.0,3.6,7.1,5.1
2022-12-01,C_202204_P_F,2022-04-01,Prime,Fixed,0.0211,4.5,3.5,6.5,4.9
2023-01-01,C_202204_P_F,2022-04-01,Prime,Fixed,0.0238,4.5,3.5,6.4,4.5
2023-02-01,C_202204_P_F,2022-04-01,Prime,Fixed,0.0231,4.75,3.6,6.0,4.8
2023-03-01,C_202204_P_F,2022-04-01,Prime,Fixed,0.0206,5.0,3.5,5.0,4.6
2023-04-01,C_202204_P_F,2022-04-01,Prime,Fixed,0.0226,5.0,3.4,4.9,4.6
2023-05-01,C_202204_P_F,2022-04-01,Prime,Fixed,0.0228,5.25,3.6,4.0,4.4
2023-06-01,C_202204_P_F,2022-04-01,Prime,Fixed,0.0242,5.25,3.6,3.0,4.7
2023-07-01,C_202204_P_F,2022-04-01,Prime,Fixed,0.0255,5.5,3.5,3.2,4.7
2023-08-01,C_202204_P_F,2022-04-01,Prime,Fixed,0.0257,5.5,3.7,3.7,4.5
2023-09-01,C_202204_P_F,2022-04-01,Prime,Fixed,0.0214,5.5,3.7,3.7,4.4
2023-10-01,C_202204_P_F,2022-04-01,Prime,Fixed,0.0271,5.5,3.9,3.2,4.2
2023-11-01,C_202204_P_F,2022-04-01,Prime,Fixed,0.0255,5.5,3.7,3.1,4.1
2023-12-01,C_202204_P_F,2022-04-01,Prime,Fixed,0.0276,5.5,3.8,3.4,4.1
2022-05-01,C_202204_P_V,2022-04-01,Prime,Variable,0.0168,1.0,3.6,8.6,5.6
2022-06-01,C_202204_P_V,2022-04-01,Prime,Variable,0.0489,1.75,3.6,9.1,5.4
2022-07-01,C_202204_P_V,2022-04-01,Prime,Variable,0.0485,2.5,3.5,8.5,5.5
2022-08-01,C_202204_P_V,2022-04-01,Prime,Variable,0.0511,2.5,3.6,8.3,5.4
2022-09-01,C_202204_P_V,2022-04-01,Prime,Variable,0.0503,3.25,3.5,8.2,5.1
2022-10-01,C_202204_P_V,2022-04-01,Prime,Variable,0.0498,3.25,3.6,7.7,5.0
2022-11-01,C_202204_P_V,2022-04-01,Prime,Variable,0.0553,4.0,3.6,7.1,5.1
2022-12-01,C_202204_P_V,2022-04-01,Prime,Variable,0.0532,4.5,3.5,6.5,4.9
2023-01-01,C_202204_P_V,2022-04-01,Prime,Variable,0.0532,4.5,3.5,6.4,4.5
2023-02-01,C_202204_P_V,2022-04-01,Prime,Variable,0.0501,4.75,3.6,6.0,4.8
2023-03-01,C_202204_P_V,2022-04-01,Prime,Variable,0.0506,5.0,3.5,5.0,4.6
2023-04-01,C_202204_P_V,2022-04-01,Prime,Variable,0.0542,5.0,3.4,4.9,4.6
2023-05-01,C_202204_P_V,2022-04-01,Prime,Variable,0.0544,5.25,3.6,4.0,4.4
2023-06-01,C_202204_P_V,2022-04-01,Prime,Variable,0.0532,5.25,3.6,3.0,4.7
2023-07-01,C_202204_P_V,2022-04-01,Prime,Variable,0.0549,5.5,3.5,3.2,4.7
2023-08-01,C_202204_P_V,2022-04-01,Prime,Variable,0.058,5.5,3.7,3.7,4.5
2023-09-01,C_202204_P_V,2022-04-01,Prime,Variable,0.0564,5.5,3.7,3.7,4.4
2023-10-01,C_202204_P_V,2022-04-01,Prime,Variable,0.0527,5.5,3.9,3.2,4.2
2023-11-01,C_202204_P_V,2022-04-01,Prime,Variable,0.0547,5.5,3.7,3.1,4.1
2023-12-01,C_202204_P_V,2022-04-01,Prime,Variable,0.0532,5.5,3.8,3.4,4.1
2022-05-01,C_202204_S_F,2022-04-01,Subprime,Fixed,0.0451,1.0,3.6,8.6,5.6
2022-06-01,C_202204_S_F,2022-04-01,Subprime,Fixed,0.0459,1.75,3.6,9.1,5.4
2022-07-01,C_202204_S_F,2022-04-01,Subprime,Fixed,0.0466,2.5,3.5,8.5,5.5
2022-08-01,C_202204_S_F,2022-04-01,Subprime,Fixed,0.0459,2.5,3.6,8.3,5.4
2022-09-01,C_202204_S_F,2022-04-01,Subprime,Fixed,0.049,3.25,3.5,8.2,5.1
2022-10-01,C_202204_S_F,2022-04-01,Subprime,Fixed,0.0489,3.25,3.6,7.7,5.0
2022-11-01,C_202204_S_F,2022-04-01,Subprime,Fixed,0.0449,4.0,3.6,7.1,5.1
2022-12-01,C_202204_S_F,2022-04-01,Subprime,Fixed,0.0555,4.5,3.5,6.5,4.9
2023-01-01,C_202204_S_F,2022-04-01,Subprime,Fixed,0.0542,4.5,3.5,6.4,4.5
2023-02-01,C_202204_S_F,2022-04-01,Subprime,Fixed,0.0519,4.75,3.6,6.0,4.8
2023-03-01,C_202204_S_F,2022-04-01,Subprime,Fixed,0.0532,5.0,3.5,5.0,4.6
2023-04-01,C_202204_S_F,2022-04-01,Subprime,Fixed,0.0513,5.0,3.4,4.9,4.6
2023-05-01,C_202204_S_F,2022-04-01,Subprime,Fixed,0.0575,5.25,3.6,4.0,4.4
2023-06-01,C_202204_S_F,2022-04-01,Subprime,Fixed,0.0582,5.25,3.6,3.0,4.7
2023-07-01,C_202204_S_F,2022-04-01,Subprime,Fixed,0.055,5.5,3.5,3.2,4.7
2023-08-01,C_202204_S_F,2022-04-01,Subprime,Fixed,0.0569,5.5,3.7,3.7,4.5
2023-09-01,C_202204_S_F,2022-04-01,Subprime,Fixed,0.0553,5.5,3.7,3.7,4.4
2023-10-01,C_202204_S_F,2022-04-01,Subprime,Fixed,0.0523,5.5,3.9,3.2,4.2
2023-11-01,C_202204_S_F,2022-04-01,Subprime,Fixed,0.0541,5.5,3.7,3.1,4.1
2023-12-01,C_202204_S_F,2022-04-01,Subprime,Fixed,0.0551,5.5,3.8,3.4,4.1
2022-05-01,C_202204_S_V,2022-04-01,Subprime,Variable,0.045,1.0,3.6,8.6,5.6
2022-06-01,C_202204_S_V,2022-04-01,Subprime,Variable,0.0913,1.75,3.6,9.1,5.4
2022-07-01,C_202204_S_V,2022-04-01,Subprime,Variable,0.0924,2.5,3.5,8.5,5.5
2022-08-01,C_202204_S_V,2022-04-01,Subprime,Variable,0.0933,2.5,3.6,8.3,5.4
2022-09-01,C_202204_S_V,2022-04-01,Subprime,Variable,0.0943,3.25,3.5,8.2,5.1
2022-10-01,C_202204_S_V,2022-04-01,Subprime,Variable,0.0929,3.25,3.6,7.7,5.0
2022-11-01,C_202204_S_V,2022-04-01,Subprime,Variable,0.0943,4.0,3.6,7.1,5.1
2022-12-01,C_202204_S_V,2022-04-01,Subprime,Variable,0.0939,4.5,3.5,6.5,4.9
2023-01-01,C_202204_S_V,2022-04-01,Subprime,Variable,0.099,4.5,3.5,6.4,4.5
2023-02-01,C_202204_S_V,2022-04-01,Subprime,Variable,0.0934,4.75,3.6,6.0,4.8
2023-03-01,C_202204_S_V,2022-04-01,Subprime,Variable,0.1005,5.0,3.5,5.0,4.6
2023-04-01,C_202204_S_V,2022-04-01,Subprime,Variable,0.1014,5.0,3.4,4.9,4.6
2023-05-01,C_202204_S_V,2022-04-01,Subprime,Variable,0.0985,5.25,3.6,4.0,4.4
2023-06-01,C_202204_S_V,2022-04-01,Subprime,Variable,0.0942,5.25,3.6,3.0,4.7
2023-07-01,C_202204_S_V,2022-04-01,Subprime,Variable,0.0989,5.5,3.5,3.2,4.7
2023-08-01,C_202204_S_V,2022-04-01,Subprime,Variable,0.0997,5.5,3.7,3.7,4.5
2023-09-01,C_202204_S_V,2022-04-01,Subprime,Variable,0.0979,5.5,3.7,3.7,4.4
2023-10-01,C_202204_S_V,2022-04-01,Subprime,Variable,0.099,5.5,3.9,3.2,4.2
2023-11-01,C_202204_S_V,2022-04-01,Subprime,Variable,0.103,5.5,3.7,3.1,4.1
2023-12-01,C_202204_S_V,2022-04-01,Subprime,Variable,0.1012,5.5,3.8,3.4,4.1
2022-06-01,C_202205_P_F,2022-05-01,Prime,Fixed,0.014,1.75,3.6,9.1,5.4
2022-07-01,C_202205_P_F,2022-05-01,Prime,Fixed,0.0135,2.5,3.5,8.5,5.5
2022-08-01,C_202205_P_F,2022-05-01,Prime,Fixed,0.0169,2.5,3.6,8.3,5.4
2022-09-01,C_202205_P_F,2022-05-01,Prime,Fixed,0.018,3.25,3.5,8.2,5.1
2022-10-01,C_202205_P_F,2022-05-01,Prime,Fixed,0.0202,3.25,3.6,7.7,5.0
2022-11-01,C_202205_P_F,2022-05-01,Prime,Fixed,0.0189,4.0,3.6,7.1,5.1
2022-12-01,C_202205_P_F,2022-05-01,Prime,Fixed,0.0218,4.5,3.5,6.5,4.9
2023-01-01,C_202205_P_F,2022-05-01,Prime,Fixed,0.0253,4.5,3.5,6.4,4.5
2023-02-01,C_202205_P_F,2022-05-01,Prime,Fixed,0.0237,4.75,3.6,6.0,4.8
2023-03-01,C_202205_P_F,2022-05-01,Prime,Fixed,0.0226,5.0,3.5,5.0,4.6
2023-04-01,C_202205_P_F,2022-05-01,Prime,Fixed,0.0228,5.0,3.4,4.9,4.6
2023-05-01,C_202205_P_F,2022-05-01,Prime,Fixed,0.0229,5.25,3.6,4.0,4.4
2023-06-01,C_202205_P_F,2022-05-01,Prime,Fixed,0.0264,5.25,3.6,3.0,4.7
2023-07-01,C_202205_P_F,2022-05-01,Prime,Fixed,0.0231,5.5,3.5,3.2,4.7
2023-08-01,C_202205_P_F,2022-05-01,Prime,Fixed,0.0247,5.5,3.7,3.7,4.5
2023-09-01,C_202205_P_F,2022-05-01,Prime,Fixed,0.025,5.5,3.7,3.7,4.4
2023-10-01,C_202205_P_F,2022-05-01,Prime,Fixed,0.024,5.5,3.9,3.2,4.2
2023-11-01,C_202205_P_F,2022-05-01,Prime,Fixed,0.0223,5.5,3.7,3.1,4.1
2023-12-01,C_202205_P_F,2022-05-01,Prime,Fixed,0.0256,5.5,3.8,3.4,4.1
2022-06-01,C_202205_P_V,2022-05-01,Prime,Variable,0.0457,1.75,3.6,9.1,5.4
2022-07-01,C_202205_P_V,2022-05-01,Prime,Variable,0.0477,2.5,3.5,8.5,5.5
2022-08-01,C_202205_P_V,2022-05-01,Prime,Variable,0.0465,2.5,3.6,8.3,5.4
2022-09-01,C_202205_P_V,2022-05-01,Prime,Variable,0.0509,3.25,3.5,8.2,5.1
2022-10-01,C_202205_P_V,2022-05-01,Prime,Variable,0.0475,3.25,3.6,7.7,5.0
2022-11-01,C_202205_P_V,2022-05-01,Prime,Variable,0.0534,4.0,3.6,7.1,5.1
2022-12-01,C_202205_P_V,2022-05-01,Prime,Variable,0.0472,4.5,3.5,6.5,4.9
2023-01-01,C_202205_P_V,2022-05-01,Prime,Variable,0.0523,4.5,3.5,6.4,4.5
2023-02-01,C_202205_P_V,2022-05-01,Prime,Variable,0.053,4.75,3.6,6.0,4.8
2023-03-01,C_202205_P_V,2022-05-01,Prime,Variable,0.0511,5.0,3.5,5.0,4.6
2023-04-01,C_202205_P_V,2022-05-01,Prime,Variable,0.054,5.0,3.4,4.9,4.6
2023-05-01,C_202205_P_V,2022-05-01,Prime,Variable,0.0562,5.25,3.6,4.0,4.4
2023-06-01,C_202205_P_V,2022-05-01,Prime,Variable,0.0496,5.25,3.6,3.0,4.7
2023-07-01,C_202205_P_V,2022-05-01,Prime,Variable,0.0554,5.5,3.5,3.2,4.7
2023-08-01,C_202205_P_V,2022-05-01,Prime,Variable,0.0497,5.5,3.7,3.7,4.5
2023-09-01,C_202205_P_V,2022-05-01,Prime,Variable,0.0529,5.5,3.7,3.7,4.4
2023-10-01,C_202205_P_V,2022-05-01,Prime,Variable,0.0582,5.5,3.9,3.2,4.2
2023-11-01,C_202205_P_V,2022-05-01,Prime,Variable,0.0538,5.5,3.7,3.1,4.1
2023-12-01,C_202205_P_V,2022-05-01,Prime,Variable,0.0526,5.5,3.8,3.4,4.1
2022-06-01,C_202205_S_F,2022-05-01,Subprime,Fixed,0.0455,1.75,3.6,9.1,5.4
2022-07-01,C_202205_S_F,2022-05-01,Subprime,Fixed,0.0509,2.5,3.5,8.5,5.5
2022-08-01,C_202205_S_F,2022-05-01,Subprime,Fixed,0.0439,2.5,3.6,8.3,5.4
2022-09-01,C_202205_S_F,2022-05-01,Subprime,Fixed,0.0463,3.25,3.5,8.2,5.1
2022-10-01,C_202205_S_F,2022-05-01,Subprime,Fixed,0.0522,3.25,3.6,7.7,5.0
2022-11-01,C_202205_S_F,2022-05-01,Subprime,Fixed,0.0537,4.0,3.6,7.1,5.1
2022-12-01,C_202205_S_F,2022-05-01,Subprime,Fixed,0.0505,4.5,3.5,6.5,4.9
2023-01-01,C_202205_S_F,2022-05-01,Subprime,Fixed,0.0489,4.5,3.5,6.4,4.5
2023-02-01,C_202205_S_F,2022-05-01,Subprime,Fixed,0.0563,4.75,3.6,6.0,4.8
2023-03-01,C_202205_S_F,2022-05-01,Subprime,Fixed,0.0558,5.0,3.5,5.0,4.6
2023-04-01,C_202205_S_F,2022-05-01,Subprime,Fixed,0.0545,5.0,3.4,4.9,4.6
2023-05-01,C_202205_S_F,2022-05-01,Subprime,Fixed,0.052,5.25,3.6,4.0,4.4
2023-06-01,C_202205_S_F,2022-05-01,Subprime,Fixed,0.054,5.25,3.6,3.0,4.7
2023-07-01,C_202205_S_F,2022-05-01,Subprime,Fixed,0.0541,5.5,3.5,3.2,4.7
2023-08-01,C_202205_S_F,2022-05-01,Subprime,Fixed,0.0553,5.5,3.7,3.7,4.5
2023-09-01,C_202205_S_F,2022-05-01,Subprime,Fixed,0.0578,5.5,3.7,3.7,4.4
2023-10-01,C_202205_S_F,2022-05-01,Subprime,Fixed,0.0567,5.5,3.9,3.2,4.2
2023-11-01,C_202205_S_F,2022-05-01,Subprime,Fixed,0.0528,5.5,3.7,3.1,4.1
2023-12-01,C_202205_S_F,2022-05-01,Subprime,Fixed,0.0577,5.5,3.8,3.4,4.1
2022-06-01,C_202205_S_V,2022-05-01,Subprime,Variable,0.0915,1.75,3.6,9.1,5.4
2022-07-01,C_202205_S_V,2022-05-01,Subprime,Variable,0.0931,2.5,3.5,8.5,5.5
2022-08-01,C_202205_S_V,2022-05-01,Subprime,Variable,0.0955,2.5,3.6,8.3,5.4
2022-09-01,C_202205_S_V,2022-05-01,Subprime,Variable,0.0912,3.25,3.5,8.2,5.1
2022-10-01,C_202205_S_V,2022-05-01,Subprime,Variable,0.0942,3.25,3.6,7.7,5.0
2022-11-01,C_202205_S_V,2022-05-01,Subprime,Variable,0.0939,4.0,3.6,7.1,5.1
2022-12-01,C_202205_S_V,2022-05-01,Subprime,Variable,0.0926,4.5,3.5,6.5,4.9
2023-01-01,C_202205_S_V,2022-05-01,Subprime,Variable,0.0971,4.5,3.5,6.4,4.5
2023-02-01,C_202205_S_V,2022-05-01,Subprime,Variable,0.1021,4.75,3.6,6.0,4.8
2023-03-01,C_202205_S_V,2022-05-01,Subprime,Variable,0.094,5.0,3.5,5.0,4.6
2023-04-01,C_202205_S_V,2022-05-01,Subprime,Variable,0.0981,5.0,3.4,4.9,4.6
2023-05-01,C_202205_S_V,2022-05-01,Subprime,Variable,0.0999,5.25,3.6,4.0,4.4
2023-06-01,C_202205_S_V,2022-05-01,Subprime,Variable,0.0993,5.25,3.6,3.0,4.7
2023-07-01,C_202205_S_V,2022-05-01,Subprime,Variable,0.0992,5.5,3.5,3.2,4.7
2023-08-01,C_202205_S_V,2022-05-01,Subprime,Variable,0.0971,5.5,3.7,3.7,4.5
2023-09-01,C_202205_S_V,2022-05-01,Subprime,Variable,0.1003,5.5,3.7,3.7,4.4
2023-10-01,C_202205_S_V,2022-05-01,Subprime,Variable,0.0984,5.5,3.9,3.2,4.2
2023-11-01,C_202205_S_V,2022-05-01,Subprime,Variable,0.0956,5.5,3.7,3.1,4.1
2023-12-01,C_202205_S_V,2022-05-01,Subprime,Variable,0.1024,5.5,3.8,3.4,4.1
2022-07-01,C_202206_P_F,2022-06-01,Prime,Fixed,0.0178,2.5,3.5,8.5,5.5
2022-08-01,C_202206_P_F,2022-06-01,Prime,Fixed,0.0168,2.5,3.6,8.3,5.4
2022-09-01,C_202206_P_F,2022-06-01,Prime,Fixed,0.018,3.25,3.5,8.2,5.1
2022-10-01,C_202206_P_F,2022-06-01,Prime,Fixed,0.0206,3.25,3.6,7.7,5.0
2022-11-01,C_202206_P_F,2022-06-01,Prime,Fixed,0.0197,4.0,3.6,7.1,5.1
2022-12-01,C_202206_P_F,2022-06-01,Prime,Fixed,0.0218,4.5,3.5,6.5,4.9
2023-01-01,C_202206_P_F,2022-06-01,Prime,Fixed,0.0201,4.5,3.5,6.4,4.5
2023-02-01,C_202206_P_F,2022-06-01,Prime,Fixed,0.0241,4.75,3.6,6.0,4.8
2023-03-01,C_202206_P_F,2022-06-01,Prime,Fixed,0.0227,5.0,3.5,5.0,4.6
2023-04-01,C_202206_P_F,2022-06-01,Prime,Fixed,0.023,5.0,3.4,4.9,4.6
2023-05-01,C_202206_P_F,2022-06-01,Prime,Fixed,0.0207,5.25,3.6,4.0,4.4
2023-06-01,C_202206_P_F,2022-06-01,Prime,Fixed,0.0242,5.25,3.6,3.0,4.7
2023-07-01,C_202206_P_F,2022-06-01,Prime,Fixed,0.0224,5.5,3.5,3.2,4.7
2023-08-01,C_202206_P_F,2022-06-01,Prime,Fixed,0.0231,5.5,3.7,3.7,4.5
2023-09-01,C_202206_P_F,2022-06-01,Prime,Fixed,0.023,5.5,3.7,3.7,4.4
2023-10-01,C_202206_P_F,2022-06-01,Prime,Fixed,0.0227,5.5,3.9,3.2,4.2
2023-11-01,C_202206_P_F,2022-06-01,Prime,Fixed,0.0292,5.5,3.7,3.1,4.1
2023-12-01,C_202206_P_F,2022-06-01,Prime,Fixed,0.0277,5.5,3.8,3.4,4.1
2022-07-01,C_202206_P_V,2022-06-01,Prime,Variable,0.0497,2.5,3.5,8.5,5.5
2022-08-01,C_202206_P_V,2022-06-01,Prime,Variable,0.0443,2.5,3.6,8.3,5.4
2022-09-01,C_202206_P_V,2022-06-01,Prime,Variable,0.0477,3.25,3.5,8.2,5.1
2022-10-01,C_202206_P_V,2022-06-01,Prime,Variable,0.0458,3.25,3.6,7.7,5.0
2022-11-01,C_202206_P_V,2022-06-01,Prime,Variable,0.0478,4.0,3.6,7.1,5.1
2022-12-01,C_202206_P_V,2022-06-01,Prime,Variable,0.0482,4.5,3.5,6.5,4.9
2023-01-01,C_202206_P_V,2022-06-01,Prime,Variable,0.0532,4.5,3.5,6.4,4.5
2023-02-01,C_202206_P_V,2022-06-01,Prime,Variable,0.0506,4.75,3.6,6.0,4.8
2023-03-01,C_202206_P_V,2022-06-01,Prime,Variable,0.0542,5.0,3.5,5.0,4.6
2023-04-01,C_202206_P_V,2022-06-01,Prime,Variable,0.0539,5.0,3.4,4.9,4.6
2023-05-01,C_202206_P_V,2022-06-01,Prime,Variable,0.0578,5.25,3.6,4.0,4.4
2023-06-01,C_202206_P_V,2022-06-01,Prime,Variable,0.0507,5.25,3.6,3.0,4.7
2023-07-01,C_202206_P_V,2022-06-01,Prime,Variable,0.0566,5.5,3.5,3.2,4.7
2023-08-01,C_202206_P_V,2022-06-01,Prime,Variable,0.0567,5.5,3.7,3.7,4.5
2023-09-01,C_202206_P_V,2022-06-01,Prime,Variable,0.0527,5.5,3.7,3.7,4.4
2023-10-01,C_202206_P_V,2022-06-01,Prime,Variable,0.0569,5.5,3.9,3.2,4.2
2023-11-01,C_202206_P_V,2022-06-01,Prime,Variable,0.0556,5.5,3.7,3.1,4.1
2023-12-01,C_202206_P_V,2022-06-01,Prime,Variable,0.0545,5.5,3.8,3.4,4.1
2022-07-01,C_202206_S_F,2022-06-01,Subprime,Fixed,0.0442,2.5,3.5,8.5,5.5
2022-08-01,C_202206_S_F,2022-06-01,Subprime,Fixed,0.0453,2.5,3.6,8.3,5.4
2022-09-01,C_202206_S_F,2022-06-01,Subprime,Fixed,0.0517,3.25,3.5,8.2,5.1
2022-10-01,C_202206_S_F,2022-06-01,Subprime,Fixed,0.0484,3.25,3.6,7.7,5.0
2022-11-01,C_202206_S_F,2022-06-01,Subprime,Fixed,0.0508,4.0,3.6,7.1,5.1
2022-12-01,C_202206_S_F,2022-06-01,Subprime,Fixed,0.0484,4.5,3.5,6.5,4.9
2023-01-01,C_202206_S_F,2022-06-01,Subprime,Fixed,0.0492,4.5,3.5,6.4,4.5
2023-02-01,C_202206_S_F,2022-06-01,Subprime,Fixed,0.0536,4.75,3.6,6.0,4.8
2023-03-01,C_202206_S_F,2022-06-01,Subprime,Fixed,0.0494,5.0,3.5,5.0,4.6
2023-04-01,C_202206_S_F,2022-06-01,Subprime,Fixed,0.0518,5.0,3.4,4.9,4.6
2023-05-01,C_202206_S_F,2022-06-01,Subprime,Fixed,0.0533,5.25,3.6,4.0,4.4
2023-06-01,C_202206_S_F,2022-06-01,Subprime,Fixed,0.0539,5.25,3.6,3.0,4.7
2023-07-01,C_202206_S_F,2022-06-01,Subprime,Fixed,0.0537,5.5,3.5,3.2,4.7
2023-08-01,C_202206_S_F,2022-06-01,Subprime,Fixed,0.0552,5.5,3.7,3.7,4.5
2023-09-01,C_202206_S_F,2022-06-01,Subprime,Fixed,0.056,5.5,3.7,3.7,4.4
2023-10-01,C_202206_S_F,2022-06-01,Subprime,Fixed,0.0563,5.5,3.9,3.2,4.2
2023-11-01,C_202206_S_F,2022-06-01,Subprime,Fixed,0.053,5.5,3.7,3.1,4.1
2023-12-01,C_202206_S_F,2022-06-01,Subprime,Fixed,0.0544,5.5,3.8,3.4,4.1
2022-07-01,C_202206_S_V,2022-06-01,Subprime,Variable,0.0933,2.5,3.5,8.5,5.5
2022-08-01,C_202206_S_V,2022-06-01,Subprime,Variable,0.0935,2.5,3.6,8.3,5.4
2022-09-01,C_202206_S_V,2022-06-01,Subprime,Variable,0.0898,3.25,3.5,8.2,5.1
2022-10-01,C_202206_S_V,2022-06-01,Subprime,Variable,0.0941,3.25,3.6,7.7,5.0
2022-11-01,C_202206_S_V,2022-06-01,Subprime,Variable,0.0903,4.0,3.6,7.1,5.1
2022-12-01,C_202206_S_V,2022-06-01,Subprime,Variable,0.0951,4.5,3.5,6.5,4.9
2023-01-01,C_202206_S_V,2022-06-01,Subprime,Variable,0.0995,4.5,3.5,6.4,4.5
2023-02-01,C_202206_S_V,2022-06-01,Subprime,Variable,0.0945,4.75,3.6,6.0,4.8
2023-03-01,C_202206_S_V,2022-06-01,Subprime,Variable,0.0954,5.0,3.5,5.0,4.6
2023-04-01,C_202206_S_V,2022-06-01,Subprime,Variable,0.0992,5.0,3.4,4.9,4.6
2023-05-01,C_202206_S_V,2022-06-01,Subprime,Variable,0.0951,5.25,3.6,4.0,4.4
2023-06-01,C_202206_S_V,2022-06-01,Subprime,Variable,0.0974,5.25,3.6,3.0,4.7
2023-07-01,C_202206_S_V,2022-06-01,Subprime,Variable,0.1003,5.5,3.5,3.2,4.7
2023-08-01,C_202206_S_V,2022-06-01,Subprime,Variable,0.0981,5.5,3.7,3.7,4.5
2023-09-01,C_202206_S_V,2022-06-01,Subprime,Variable,0.0992,5.5,3.7,3.7,4.4
2023-10-01,C_202206_S_V,2022-06-01,Subprime,Variable,0.1013,5.5,3.9,3.2,4.2
2023-11-01,C_202206_S_V,2022-06-01,Subprime,Variable,0.1008,5.5,3.7,3.1,4.1
2023-12-01,C_202206_S_V,2022-06-01,Subprime,Variable,0.1005,5.5,3.8,3.4,4.1
2022-08-01,C_202207_P_F,2022-07-01,Prime,Fixed,0.0152,2.5,3.6,8.3,5.4
2022-09-01,C_202207_P_F,2022-07-01,Prime,Fixed,0.0175,3.25,3.5,8.2,5.1
2022-10-01,C_202207_P_F,2022-07-01,Prime,Fixed,0.0173,3.25,3.6,7.7,5.0
2022-11-01,C_202207_P_F,2022-07-01,Prime,Fixed,0.0193,4.0,3.6,7.1,5.1
2022-12-01,C_202207_P_F,2022-07-01,Prime,Fixed,0.0182,4.5,3.5,6.5,4.9
2023-01-01,C_202207_P_F,2022-07-01,Prime,Fixed,0.0196,4.5,3.5,6.4,4.5
2023-02-01,C_202207_P_F,2022-07-01,Prime,Fixed,0.0188,4.75,3.6,6.0,4.8
2023-03-01,C_202207_P_F,2022-07-01,Prime,Fixed,0.0214,5.0,3.5,5.0,4.6
2023-04-01,C_202207_P_F,2022-07-01,Prime,Fixed,0.0204,5.0,3.4,4.9,4.6
2023-05-01,C_202207_P_F,2022-07-01,Prime,Fixed,0.0204,5.25,3.6,4.0,4.4
2023-06-01,C_202207_P_F,2022-07-01,Prime,Fixed,0.0237,5.25,3.6,3.0,4.7
2023-07-01,C_202207_P_F,2022-07-01,Prime,Fixed,0.0241,5.5,3.5,3.2,4.7
2023-08-01,C_202207_P_F,2022-07-01,Prime,Fixed,0.0256,5.5,3.7,3.7,4.5
2023-09-01,C_202207_P_F,2022-07-01,Prime,Fixed,0.0235,5.5,3.7,3.7,4.4
2023-10-01,C_202207_P_F,2022-07-01,Prime,Fixed,0.0255,5.5,3.9,3.2,4.2
2023-11-01,C_202207_P_F,2022-07-01,Prime,Fixed,0.0259,5.5,3.7,3.1,4.1
2023-12-01,C_202207_P_F,2022-07-01,Prime,Fixed,0.0259,5.5,3.8,3.4,4.1
2022-08-01,C_202207_P_V,2022-07-01,Prime,Variable,0.0442,2.5,3.6,8.3,5.4
2022-09-01,C_202207_P_V,2022-07-01,Prime,Variable,0.047,3.25,3.5,8.2,5.1
2022-10-01,C_202207_P_V,2022-07-01,Prime,Variable,0.0483,3.25,3.6,7.7,5.0
2022-11-01,C_202207_P_V,2022-07-01,Prime,Variable,0.0484,4.0,3.6,7.1,5.1
2022-12-01,C_202207_P_V,2022-07-01,Prime,Variable,0.0451,4.5,3.5,6.5,4.9
2023-01-01,C_202207_P_V,2022-07-01,Prime,Variable,0.0503,4.5,3.5,6.4,4.5
2023-02-01,C_202207_P_V,2022-07-01,Prime,Variable,0.0552,4.75,3.6,6.0,4.8
2023-03-01,C_202207_P_V,2022-07-01,Prime,Variable,0.0507,5.0,3.5,5.0,4.6
2023-04-01,C_202207_P_V,2022-07-01,Prime,Variable,0.0506,5.0,3.4,4.9,4.6
2023-05-01,C_202207_P_V,2022-07-01,Prime,Variable,0.0534,5.25,3.6,4.0,4.4
2023-06-01,C_202207_P_V,2022-07-01,Prime,Variable,0.0538,5.25,3.6,3.0,4.7
2023-07-01,C_202207_P_V,2022-07-01,Prime,Variable,0.056,5.5,3.5,3.2,4.7
2023-08-01,C_202207_P_V,2022-07-01,Prime,Variable,0.0515,5.5,3.7,3.7,4.5
2023-09-01,C_202207_P_V,2022-07-01,Prime,Variable,0.0559,5.5,3.7,3.7,4.4
2023-10-01,C_202207_P_V,2022-07-01,Prime,Variable,0.0558,5.5,3.9,3.2,4.2
2023-11-01,C_202207_P_V,2022-07-01,Prime,Variable,0.0546,5.5,3.7,3.1,4.1
2023-12-01,C_202207_P_V,2022-07-01,Prime,Variable,0.0556,5.5,3.8,3.4,4.1
2022-08-01,C_202207_S_F,2022-07-01,Subprime,Fixed,0.0479,2.5,3.6,8.3,5.4
2022-09-01,C_202207_S_F,2022-07-01,Subprime,Fixed,0.0485,3.25,3.5,8.2,5.1
2022-10-01,C_202207_S_F,2022-07-01,Subprime,Fixed,0.0453,3.25,3.6,7.7,5.0
2022-11-01,C_202207_S_F,2022-07-01,Subprime,Fixed,0.0501,4.0,3.6,7.1,5.1
2022-12-01,C_202207_S_F,2022-07-01,Subprime,Fixed,0.0491,4.5,3.5,6.5,4.9
2023-01-01,C_202207_S_F,2022-07-01,Subprime,Fixed,0.0501,4.5,3.5,6.4,4.5
2023-02-01,C_202207_S_F,2022-07-01,Subprime,Fixed,0.0509,4.75,3.6,6.0,4.8
2023-03-01,C_202207_S_F,2022-07-01,Subprime,Fixed,0.0511,5.0,3.5,5.0,4.6
2023-04-01,C_202207_S_F,2022-07-01,Subprime,Fixed,0.0545,5.0,3.4,4.9,4.6
2023-05-01,C_202207_S_F,2022-07-01,Subprime,Fixed,0.0525,5.25,3.6,4.0,4.4
2023-06-01,C_202207_S_F,2022-07-01,Subprime,Fixed,0.051,5.25,3.6,3.0,4.7
2023-07-01,C_202207_S_F,2022-07-01,Subprime,Fixed,0.0529,5.5,3.5,3.2,4.7
2023-08-01,C_202207_S_F,2022-07-01,Subprime,Fixed,0.0544,5.5,3.7,3.7,4.5
2023-09-01,C_202207_S_F,2022-07-01,Subprime,Fixed,0.0569,5.5,3.7,3.7,4.4
2023-10-01,C_202207_S_F,2022-07-01,Subprime,Fixed,0.0559,5.5,3.9,3.2,4.2
2023-11-01,C_202207_S_F,2022-07-01,Subprime,Fixed,0.0531,5.5,3.7,3.1,4.1
2023-12-01,C_202207_S_F,2022-07-01,Subprime,Fixed,0.0599,5.5,3.8,3.4,4.1
2022-08-01,C_202207_S_V,2022-07-01,Subprime,Variable,0.0914,2.5,3.6,8.3,5.4
2022-09-01,C_202207_S_V,2022-07-01,Subprime,Variable,0.0943,3.25,3.5,8.2,5.1
2022-10-01,C_202207_S_V,2022-07-01,Subprime,Variable,0.0923,3.25,3.6,7.7,5.0
2022-11-01,C_202207_S_V,2022-07-01,Subprime,Variable,0.0945,4.0,3.6,7.1,5.1
2022-12-01,C_202207_S_V,2022-07-01,Subprime,Variable,0.0959,4.5,3.5,6.5,4.9
2023-01-01,C_202207_S_V,2022-07-01,Subprime,Variable,0.0974,4.5,3.5,6.4,4.5
2023-02-01,C_202207_S_V,2022-07-01,Subprime,Variable,0.0979,4.75,3.6,6.0,4.8
2023-03-01,C_202207_S_V,2022-07-01,Subprime,Variable,0.0982,5.0,3.5,5.0,4.6
2023-04-01,C_202207_S_V,2022-07-01,Subprime,Variable,0.0964,5.0,3.4,4.9,4.6
2023-05-01,C_202207_S_V,2022-07-01,Subprime,Variable,0.0965,5.25,3.6,4.0,4.4
2023-06-01,C_202207_S_V,2022-07-01,Subprime,Variable,0.0989,5.25,3.6,3.0,4.7
2023-07-01,C_202207_S_V,2022-07-01,Subprime,Variable,0.1005,5.5,3.5,3.2,4.7
2023-08-01,C_202207_S_V,2022-07-01,Subprime,Variable,0.0986,5.5,3.7,3.7,4.5
2023-09-01,C_202207_S_V,2022-07-01,Subprime,Variable,0.1015,5.5,3.7,3.7,4.4
2023-10-01,C_202207_S_V,2022-07-01,Subprime,Variable,0.1026,5.5,3.9,3.2,4.2
2023-11-01,C_202207_S_V,2022-07-01,Subprime,Variable,0.098,5.5,3.7,3.1,4.1
2023-12-01,C_202207_S_V,2022-07-01,Subprime,Variable,0.0983,5.5,3.8,3.4,4.1
2022-09-01,C_202208_P_F,2022-08-01,Prime,Fixed,0.0156,3.25,3.5,8.2,5.1
2022-10-01,C_202208_P_F,2022-08-01,Prime,Fixed,0.0174,3.25,3.6,7.7,5.0
2022-11-01,C_202208_P_F,2022-08-01,Prime,Fixed,0.0165,4.0,3.6,7.1,5.1
2022-12-01,C_202208_P_F,2022-08-01,Prime,Fixed,0.0211,4.5,3.5,6.5,4.9
2023-01-01,C_202208_P_F,2022-08-01,Prime,Fixed,0.0201,4.5,3.5,6.4,4.5
2023-02-01,C_202208_P_F,2022-08-01,Prime,Fixed,0.0201,4.75,3.6,6.0,4.8
2023-03-01,C_202208_P_F,2022-08-01,Prime,Fixed,0.0179,5.0,3.5,5.0,4.6
2023-04-01,C_202208_P_F,2022-08-01,Prime,Fixed,0.0188,5.0,3.4,4.9,4.6
2023-05-01,C_202208_P_F,2022-08-01,Prime,Fixed,0.0226,5.25,3.6,4.0,4.4
2023-06-01,C_202208_P_F,2022-08-01,Prime,Fixed,0.0184,5.25,3.6,3.0,4.7
2023-07-01,C_202208_P_F,2022-08-01,Prime,Fixed,0.0252,5.5,3.5,3.2,4.7
2023-08-01,C_202208_P_F,2022-08-01,Prime,Fixed,0.0233,5.5,3.7,3.7,4.5
2023-09-01,C_202208_P_F,2022-08-01,Prime,Fixed,0.0305,5.5,3.7,3.7,4.4
2023-10-01,C_202208_P_F,2022-08-01,Prime,Fixed,0.029,5.5,3.9,3.2,4.2
2023-11-01,C_202208_P_F,2022-08-01,Prime,Fixed,0.0243,5.5,3.7,3.1,4.1
2023-12-01,C_202208_P_F,2022-08-01,Prime,Fixed,0.0246,5.5,3.8,3.4,4.1
2022-09-01,C_202208_P_V,2022-08-01,Prime,Variable,0.0479,3.25,3.5,8.2,5.1
2022-10-01,C_202208_P_V,2022-08-01,Prime,Variable,0.0501,3.25,3.6,7.7,5.0
2022-11-01,C_202208_P_V,2022-08-01,Prime,Variable,0.0443,4.0,3.6,7.1,5.1
2022-12-01,C_202208_P_V,2022-08-01,Prime,Variable,0.0448,4.5,3.5,6.5,4.9
2023-01-01,C_202208_P_V,2022-08-01,Prime,Variable,0.048,4.5,3.5,6.4,4.5
2023-02-01,C_202208_P_V,2022-08-01,Prime,Variable,0.0512,4.75,3.6,6.0,4.8
2023-03-01,C_202208_P_V,2022-08-01,Prime,Variable,0.0517,5.0,3.5,5.0,4.6
2023-04-01,C_202208_P_V,2022-08-01,Prime,Variable,0.0536,5.0,3.4,4.9,4.6
2023-05-01,C_202208_P_V,2022-08-01,Prime,Variable,0.0497,5.25,3.6,4.0,4.4
2023-06-01,C_202208_P_V,2022-08-01,Prime,Variable,0.048,5.25,3.6,3.0,4.7
2023-07-01,C_202208_P_V,2022-08-01,Prime,Variable,0.0549,5.5,3.5,3.2,4.7
2023-08-01,C_202208_P_V,2022-08-01,Prime,Variable,0.052,5.5,3.7,3.7,4.5
2023-09-01,C_202208_P_V,2022-08-01,Prime,Variable,0.05,5.5,3.7,3.7,4.4
2023-10-01,C_202208_P_V,2022-08-01,Prime,Variable,0.0547,5.5,3.9,3.2,4.2
2023-11-01,C_202208_P_V,2022-08-01,Prime,Variable,0.0562,5.5,3.7,3.1,4.1
2023-12-01,C_202208_P_V,2022-08-01,Prime,Variable,0.0546,5.5,3.8,3.4,4.1
2022-09-01,C_202208_S_F,2022-08-01,Subprime,Fixed,0.045,3.25,3.5,8.2,5.1
2022-10-01,C_202208_S_F,2022-08-01,Subprime,Fixed,0.0464,3.25,3.6,7.7,5.0
2022-11-01,C_202208_S_F,2022-08-01,Subprime,Fixed,0.0468,4.0,3.6,7.1,5.1
2022-12-01,C_202208_S_F,2022-08-01,Subprime,Fixed,0.0457,4.5,3.5,6.5,4.9
2023-01-01,C_202208_S_F,2022-08-01,Subprime,Fixed,0.0478,4.5,3.5,6.4,4.5
2023-02-01,C_202208_S_F,2022-08-01,Subprime,Fixed,0.051,4.75,3.6,6.0,4.8
2023-03-01,C_202208_S_F,2022-08-01,Subprime,Fixed,0.0514,5.0,3.5,5.0,4.6
2023-04-01,C_202208_S_F,2022-08-01,Subprime,Fixed,0.0518,5.0,3.4,4.9,4.6
2023-05-01,C_202208_S_F,2022-08-01,Subprime,Fixed,0.0501,5.25,3.6,4.0,4.4
2023-06-01,C_202208_S_F,2022-08-01,Subprime,Fixed,0.0523,5.25,3.6,3.0,4.7
2023-07-01,C_202208_S_F,2022-08-01,Subprime,Fixed,0.0488,5.5,3.5,3.2,4.7
2023-08-01,C_202208_S_F,2022-08-01,Subprime,Fixed,0.054,5.5,3.7,3.7,4.5
2023-09-01,C_202208_S_F,2022-08-01,Subprime,Fixed,0.0569,5.5,3.7,3.7,4.4
2023-10-01,C_202208_S_F,2022-08-01,Subprime,Fixed,0.0514,5.5,3.9,3.2,4.2
2023-11-01,C_202208_S_F,2022-08-01,Subprime,Fixed,0.0535,5.5,3.7,3.1,4.1
2023-12-01,C_202208_S_F,2022-08-01,Subprime,Fixed,0.0555,5.5,3.8,3.4,4.1
2022-09-01,C_202208_S_V,2022-08-01,Subprime,Variable,0.0934,3.25,3.5,8.2,5.1
2022-10-01,C_202208_S_V,2022-08-01,Subprime,Variable,0.0908,3.25,3.6,7.7,5.0
2022-11-01,C_202208_S_V,2022-08-01,Subprime,Variable,0.0912,4.0,3.6,7.1,5.1
2022-12-01,C_202208_S_V,2022-08-01,Subprime,Variable,0.0895,4.5,3.5,6.5,4.9
2023-01-01,C_202208_S_V,2022-08-01,Subprime,Variable,0.0944,4.5,3.5,6.4,4.5
2023-02-01,C_202208_S_V,2022-08-01,Subprime,Variable,0.0991,4.75,3.6,6.0,4.8
2023-03-01,C_202208_S_V,2022-08-01,Subprime,Variable,0.0963,5.0,3.5,5.0,4.6
2023-04-01,C_202208_S_V,2022-08-01,Subprime,Variable,0.0964,5.0,3.4,4.9,4.6
2023-05-01,C_202208_S_V,2022-08-01,Subprime,Variable,0.0977,5.25,3.6,4.0,4.4
2023-06-01,C_202208_S_V,2022-08-01,Subprime,Variable,0.0976,5.25,3.6,3.0,4.7
2023-07-01,C_202208_S_V,2022-08-01,Subprime,Variable,0.0966,5.5,3.5,3.2,4.7
2023-08-01,C_202208_S_V,2022-08-01,Subprime,Variable,0.1003,5.5,3.7,3.7,4.5
2023-09-01,C_202208_S_V,2022-08-01,Subprime,Variable,0.0995,5.5,3.7,3.7,4.4
2023-10-01,C_202208_S_V,2022-08-01,Subprime,Variable,0.0994,5.5,3.9,3.2,4.2
2023-11-01,C_202208_S_V,2022-08-01,Subprime,Variable,0.0977,5.5,3.7,3.1,4.1
2023-12-01,C_202208_S_V,2022-08-01,Subprime,Variable,0.1025,5.5,3.8,3.4,4.1
2022-10-01,C_202209_P_F,2022-09-01,Prime,Fixed,0.0172,3.25,3.6,7.7,5.0
2022-11-01,C_202209_P_F,2022-09-01,Prime,Fixed,0.0156,4.0,3.6,7.1,5.1
2022-12-01,C_202209_P_F,2022-09-01,Prime,Fixed,0.0196,4.5,3.5,6.5,4.9
2023-01-01,C_202209_P_F,2022-09-01,Prime,Fixed,0.0174,4.5,3.5,6.4,4.5
2023-02-01,C_202209_P_F,2022-09-01,Prime,Fixed,0.0177,4.75,3.6,6.0,4.8
2023-03-01,C_202209_P_F,2022-09-01,Prime,Fixed,0.0185,5.0,3.5,5.0,4.6
2023-04-01,C_202209_P_F,2022-09-01,Prime,Fixed,0.0172,5.0,3.4,4.9,4.6
2023-05-01,C_202209_P_F,2022-09-01,Prime,Fixed,0.0224,5.25,3.6,4.0,4.4
2023-06-01,C_202209_P_F,2022-09-01,Prime,Fixed,0.0184,5.25,3.6,3.0,4.7
2023-07-01,C_202209_P_F,2022-09-01,Prime,Fixed,0.0202,5.5,3.5,3.2,4.7
2023-08-01,C_202209_P_F,2022-09-01,Prime,Fixed,0.019,5.5,3.7,3.7,4.5
2023-09-01,C_202209_P_F,2022-09-01,Prime,Fixed,0.0235,5.5,3.7,3.7,4.4
2023-10-01,C_202209_P_F,2022-09-01,Prime,Fixed,0.0238,5.5,3.9,3.2,4.2
2023-11-01,C_202209_P_F,2022-09-01,Prime,Fixed,0.0237,5.5,3.7,3.1,4.1
2023-12-01,C_202209_P_F,2022-09-01,Prime,Fixed,0.0226,5.5,3.8,3.4,4.1
2022-10-01,C_202209_P_V,2022-09-01,Prime,Variable,0.0435,3.25,3.6,7.7,5.0
2022-11-01,C_202209_P_V,2022-09-01,Prime,Variable,0.0477,4.0,3.6,7.1,5.1
2022-12-01,C_202209_P_V,2022-09-01,Prime,Variable,0.0465,4.5,3.5,6.5,4.9
2023-01-01,C_202209_P_V,2022-09-01,Prime,Variable,0.0491,4.5,3.5,6.4,4.5
2023-02-01,C_202209_P_V,2022-09-01,Prime,Variable,0.0475,4.75,3.6,6.0,4.8
2023-03-01,C_202209_P_V,2022-09-01,Prime,Variable,0.0504,5.0,3.5,5.0,4.6
2023-04-01,C_202209_P_V,2022-09-01,Prime,Variable,0.0533,5.0,3.4,4.9,4.6
2023-05-01,C_202209_P_V,2022-09-01,Prime,Variable,0.0526,5.25,3.6,4.0,4.4
2023-06-01,C_202209_P_V,2022-09-01,Prime,Variable,0.0512,5.25,3.6,3.0,4.7
2023-07-01,C_202209_P_V,2022-09-01,Prime,Variable,0.0532,5.5,3.5,3.2,4.7
2023-08-01,C_202209_P_V,2022-09-01,Prime,Variable,0.0527,5.5,3.7,3.7,4.5
2023-09-01,C_202209_P_V,2022-09-01,Prime,Variable,0.0537,5.5,3.7,3.7,4.4
2023-10-01,C_202209_P_V,2022-09-01,Prime,Variable,0.0534,5.5,3.9,3.2,4.2
2023-11-01,C_202209_P_V,2022-09-01,Prime,Variable,0.0541,5.5,3.7,3.1,4.1
2023-12-01,C_202209_P_V,2022-09-01,Prime,Variable,0.0551,5.5,3.8,3.4,4.1
2022-10-01,C_202209_S_F,2022-09-01,Subprime,Fixed,0.0439,3.25,3.6,7.7,5.0
2022-11-01,C_202209_S_F,2022-09-01,Subprime,Fixed,0.0447,4.0,3.6,7.1,5.1
2022-12-01,C_202209_S_F,2022-09-01,Subprime,Fixed,0.0448,4.5,3.5,6.5,4.9
2023-01-01,C_202209_S_F,2022-09-01,Subprime,Fixed,0.0452,4.5,3.5,6.4,4.5
2023-02-01,C_202209_S_F,2022-09-01,Subprime,Fixed,0.0468,4.75,3.6,6.0,4.8
2023-03-01,C_202209_S_F,2022-09-01,Subprime,Fixed,0.0503,5.0,3.5,5.0,4.6
2023-04-01,C_202209_S_F,2022-09-01,Subprime,Fixed,0.049,5.0,3.4,4.9,4.6
2023-05-01,C_202209_S_F,2022-09-01,Subprime,Fixed,0.0525,5.25,3.6,4.0,4.4
2023-06-01,C_202209_S_F,2022-09-01,Subprime,Fixed,0.0521,5.25,3.6,3.0,4.7
2023-07-01,C_202209_S_F,2022-09-01,Subprime,Fixed,0.0487,5.5,3.5,3.2,4.7
2023-08-01,C_202209_S_F,2022-09-01,Subprime,Fixed,0.0545,5.5,3.7,3.7,4.5
2023-09-01,C_202209_S_F,2022-09-01,Subprime,Fixed,0.0553,5.5,3.7,3.7,4.4
2023-10-01,C_202209_S_F,2022-09-01,Subprime,Fixed,0.0521,5.5,3.9,3.2,4.2
2023-11-01,C_202209_S_F,2022-09-01,Subprime,Fixed,0.0552,5.5,3.7,3.1,4.1
2023-12-01,C_202209_S_F,2022-09-01,Subprime,Fixed,0.0529,5.5,3.8,3.4,4.1
2022-10-01,C_202209_S_V,2022-09-01,Subprime,Variable,0.0911,3.25,3.6,7.7,5.0
2022-11-01,C_202209_S_V,2022-09-01,Subprime,Variable,0.0892,4.0,3.6,7.1,5.1
2022-12-01,C_202209_S_V,2022-09-01,Subprime,Variable,0.089,4.5,3.5,6.5,4.9
2023-01-01,C_202209_S_V,2022-09-01,Subprime,Variable,0.0927,4.5,3.5,6.4,4.5
2023-02-01,C_202209_S_V,2022-09-01,Subprime,Variable,0.094,4.75,3.6,6.0,4.8
2023-03-01,C_202209_S_V,2022-09-01,Subprime,Variable,0.0942,5.0,3.5,5.0,4.6
2023-04-01,C_202209_S_V,2022-09-01,Subprime,Variable,0.0934,5.0,3.4,4.9,4.6
2023-05-01,C_202209_S_V,2022-09-01,Subprime,Variable,0.0956,5.25,3.6,4.0,4.4
2023-06-01,C_202209_S_V,2022-09-01,Subprime,Variable,0.0976,5.25,3.6,3.0,4.7
2023-07-01,C_202209_S_V,2022-09-01,Subprime,Variable,0.0976,5.5,3.5,3.2,4.7
2023-08-01,C_202209_S_V,2022-09-01,Subprime,Variable,0.0986,5.5,3.7,3.7,4.5
2023-09-01,C_202209_S_V,2022-09-01,Subprime,Variable,0.0973,5.5,3.7,3.7,4.4
2023-10-01,C_202209_S_V,2022-09-01,Subprime,Variable,0.1014,5.5,3.9,3.2,4.2
2023-11-01,C_202209_S_V,2022-09-01,Subprime,Variable,0.097,5.5,3.7,3.1,4.1
2023-12-01,C_202209_S_V,2022-09-01,Subprime,Variable,0.1006,5.5,3.8,3.4,4.1
2022-11-01,C_202210_P_F,2022-10-01,Prime,Fixed,0.0182,4.0,3.6,7.1,5.1
2022-12-01,C_202210_P_F,2022-10-01,Prime,Fixed,0.0177,4.5,3.5,6.5,4.9
2023-01-01,C_202210_P_F,2022-10-01,Prime,Fixed,0.0172,4.5,3.5,6.4,4.5
2023-02-01,C_202210_P_F,2022-10-01,Prime,Fixed,0.0174,4.75,3.6,6.0,4.8
2023-03-01,C_202210_P_F,2022-10-01,Prime,Fixed,0.0213,5.0,3.5,5.0,4.6
2023-04-01,C_202210_P_F,2022-10-01,Prime,Fixed,0.0172,5.0,3.4,4.9,4.6
2023-05-01,C_202210_P_F,2022-10-01,Prime,Fixed,0.0188,5.25,3.6,4.0,4.4
2023-06-01,C_202210_P_F,2022-10-01,Prime,Fixed,0.0206,5.25,3.6,3.0,4.7
2023-07-01,C_202210_P_F,2022-10-01,Prime,Fixed,0.0245,5.5,3.5,3.2,4.7
2023-08-01,C_202210_P_F,2022-10-01,Prime,Fixed,0.0234,5.5,3.7,3.7,4.5
2023-09-01,C_202210_P_F,2022-10-01,Prime,Fixed,0.0213,5.5,3.7,3.7,4.4
2023-10-01,C_202210_P_F,2022-10-01,Prime,Fixed,0.023,5.5,3.9,3.2,4.2
2023-11-01,C_202210_P_F,2022-10-01,Prime,Fixed,0.0228,5.5,3.7,3.1,4.1
2023-12-01,C_202210_P_F,2022-10-01,Prime,Fixed,0.023,5.5,3.8,3.4,4.1
2022-11-01,C_202210_P_V,2022-10-01,Prime,Variable,0.0478,4.0,3.6,7.1,5.1
2022-12-01,C_202210_P_V,2022-10-01,Prime,Variable,0.044,4.5,3.5,6.5,4.9
2023-01-01,C_202210_P_V,2022-10-01,Prime,Variable,0.0508,4.5,3.5,6.4,4.5
2023-02-01,C_202210_P_V,2022-10-01,Prime,Variable,0.0501,4.75,3.6,6.0,4.8
2023-03-01,C_202210_P_V,2022-10-01,Prime,Variable,0.0514,5.0,3.5,5.0,4.6
2023-04-01,C_202210_P_V,2022-10-01,Prime,Variable,0.0491,5.0,3.4,4.9,4.6
2023-05-01,C_202210_P_V,2022-10-01,Prime,Variable,0.0504,5.25,3.6,4.0,4.4
2023-06-01,C_202210_P_V,2022-10-01,Prime,Variable,0.0486,5.25,3.6,3.0,4.7
2023-07-01,C_202210_P_V,2022-10-01,Prime,Variable,0.051,5.5,3.5,3.2,4.7
2023-08-01,C_202210_P_V,2022-10-01,Prime,Variable,0.0536,5.5,3.7,3.7,4.5
2023-09-01,C_202210_P_V,2022-10-01,Prime,Variable,0.0558,5.5,3.7,3.7,4.4
2023-10-01,C_202210_P_V,2022-10-01,Prime,Variable,0.0514,5.5,3.9,3.2,4.2
2023-11-01,C_202210_P_V,2022-10-01,Prime,Variable,0.0533,5.5,3.7,3.1,4.1
2023-12-01,C_202210_P_V,2022-10-01,Prime,Variable,0.0541,5.5,3.8,3.4,4.1
2022-11-01,C_202210_S_F,2022-10-01,Subprime,Fixed,0.0431,4.0,3.6,7.1,5.1
2022-12-01,C_202210_S_F,2022-10-01,Subprime,Fixed,0.0479,4.5,3.5,6.5,4.9
2023-01-01,C_202210_S_F,2022-10-01,Subprime,Fixed,0.0461,4.5,3.5,6.4,4.5
2023-02-01,C_202210_S_F,2022-10-01,Subprime,Fixed,0.048,4.75,3.6,6.0,4.8
2023-03-01,C_202210_S_F,2022-10-01,Subprime,Fixed,0.0483,5.0,3.5,5.0,4.6
2023-04-01,C_202210_S_F,2022-10-01,Subprime,Fixed,0.0484,5.0,3.4,4.9,4.6
2023-05-01,C_202210_S_F,2022-10-01,Subprime,Fixed,0.0507,5.25,3.6,4.0,4.4
2023-06-01,C_202210_S_F,2022-10-01,Subprime,Fixed,0.051,5.25,3.6,3.0,4.7
2023-07-01,C_202210_S_F,2022-10-01,Subprime,Fixed,0.0513,5.5,3.5,3.2,4.7
2023-08-01,C_202210_S_F,2022-10-01,Subprime,Fixed,0.0512,5.5,3.7,3.7,4.5
2023-09-01,C_202210_S_F,2022-10-01,Subprime,Fixed,0.0538,5.5,3.7,3.7,4.4
2023-10-01,C_202210_S_F,2022-10-01,Subprime,Fixed,0.057,5.5,3.9,3.2,4.2
2023-11-01,C_202210_S_F,2022-10-01,Subprime,Fixed,0.0543,5.5,3.7,3.1,4.1
2023-12-01,C_202210_S_F,2022-10-01,Subprime,Fixed,0.0564,5.5,3.8,3.4,4.1
2022-11-01,C_202210_S_V,2022-10-01,Subprime,Variable,0.0881,4.0,3.6,7.1,5.1
2022-12-01,C_202210_S_V,2022-10-01,Subprime,Variable,0.0921,4.5,3.5,6.5,4.9
2023-01-01,C_202210_S_V,2022-10-01,Subprime,Variable,0.0904,4.5,3.5,6.4,4.5
2023-02-01,C_202210_S_V,2022-10-01,Subprime,Variable,0.0905,4.75,3.6,6.0,4.8
2023-03-01,C_202210_S_V,2022-10-01,Subprime,Variable,0.0927,5.0,3.5,5.0,4.6
2023-04-01,C_202210_S_V,2022-10-01,Subprime,Variable,0.0974,5.0,3.4,4.9,4.6
2023-05-01,C_202210_S_V,2022-10-01,Subprime,Variable,0.0976,5.25,3.6,4.0,4.4
2023-06-01,C_202210_S_V,2022-10-01,Subprime,Variable,0.0969,5.25,3.6,3.0,4.7
2023-07-01,C_202210_S_V,2022-10-01,Subprime,Variable,0.094,5.5,3.5,3.2,4.7
2023-08-01,C_202210_S_V,2022-10-01,Subprime,Variable,0.0973,5.5,3.7,3.7,4.5
2023-09-01,C_202210_S_V,2022-10-01,Subprime,Variable,0.0988,5.5,3.7,3.7,4.4
2023-10-01,C_202210_S_V,2022-10-01,Subprime,Variable,0.099,5.5,3.9,3.2,4.2
2023-11-01,C_202210_S_V,2022-10-01,Subprime,Variable,0.0954,5.5,3.7,3.1,4.1
2023-12-01,C_202210_S_V,2022-10-01,Subprime,Variable,0.0976,5.5,3.8,3.4,4.1
2022-12-01,C_202211_P_F,2022-11-01,Prime,Fixed,0.0157,4.5,3.5,6.5,4.9
2023-01-01,C_202211_P_F,2022-11-01,Prime,Fixed,0.0178,4.5,3.5,6.4,4.5
2023-02-01,C_202211_P_F,2022-11-01,Prime,Fixed,0.0132,4.75,3.6,6.0,4.8
2023-03-01,C_202211_P_F,2022-11-01,Prime,Fixed,0.0181,5.0,3.5,5.0,4.6
2023-04-01,C_202211_P_F,2022-11-01,Prime,Fixed,0.0195,5.0,3.4,4.9,4.6
2023-05-01,C_202211_P_F,2022-11-01,Prime,Fixed,0.0217,5.25,3.6,4.0,4.4
2023-06-01,C_202211_P_F,2022-11-01,Prime,Fixed,0.0221,5.25,3.6,3.0,4.7
2023-07-01,C_202211_P_F,2022-11-01,Prime,Fixed,0.0226,5.5,3.5,3.2,4.7
2023-08-01,C_202211_P_F,2022-11-01,Prime,Fixed,0.0205,5.5,3.7,3.7,4.5
2023-09-01,C_202211_P_F,2022-11-01,Prime,Fixed,0.0188,5.5,3.7,3.7,4.4
2023-10-01,C_202211_P_F,2022-11-01,Prime,Fixed,0.0224,5.5,3.9,3.2,4.2
2023-11-01,C_202211_P_F,2022-11-01,Prime,Fixed,0.0257,5.5,3.7,3.1,4.1
2023-12-01,C_202211_P_F,2022-11-01,Prime,Fixed,0.0268,5.5,3.8,3.4,4.1
2022-12-01,C_202211_P_V,2022-11-01,Prime,Variable,0.0473,4.5,3.5,6.5,4.9
2023-01-01,C_202211_P_V,2022-11-01,Prime,Variable,0.0476,4.5,3.5,6.4,4.5
2023-02-01,C_202211_P_V,2022-11-01,Prime,Variable,0.0483,4.75,3.6,6.0,4.8
2023-03-01,C_202211_P_V,2022-11-01,Prime,Variable,0.0473,5.0,3.5,5.0,4.6
2023-04-01,C_202211_P_V,2022-11-01,Prime,Variable,0.049,5.0,3.4,4.9,4.6
2023-05-01,C_202211_P_V,2022-11-01,Prime,Variable,0.0533,5.25,3.6,4.0,4.4
2023-06-01,C_202211_P_V,2022-11-01,Prime,Variable,0.0489,5.25,3.6,3.0,4.7
2023-07-01,C_202211_P_V,2022-11-01,Prime,Variable,0.0547,5.5,3.5,3.2,4.7
2023-08-01,C_202211_P_V,2022-11-01,Prime,Variable,0.0514,5.5,3.7,3.7,4.5
2023-09-01,C_202211_P_V,2022-11-01,Prime,Variable,0.0553,5.5,3.7,3.7,4.4
2023-10-01,C_202211_P_V,2022-11-01,Prime,Variable,0.0504,5.5,3.9,3.2,4.2
2023-11-01,C_202211_P_V,2022-11-01,Prime,Variable,0.0548,5.5,3.7,3.1,4.1
2023-12-01,C_202211_P_V,2022-11-01,Prime,Variable,0.0526,5.5,3.8,3.4,4.1
2022-12-01,C_202211_S_F,2022-11-01,Subprime,Fixed,0.043,4.5,3.5,6.5,4.9
2023-01-01,C_202211_S_F,2022-11-01,Subprime,Fixed,0.0472,4.5,3.5,6.4,4.5
2023-02-01,C_202211_S_F,2022-11-01,Subprime,Fixed,0.0496,4.75,3.6,6.0,4.8
2023-03-01,C_202211_S_F,2022-11-01,Subprime,Fixed,0.0467,5.0,3.5,5.0,4.6
2023-04-01,C_202211_S_F,2022-11-01,Subprime,Fixed,0.0462,5.0,3.4,4.9,4.6
2023-05-01,C_202211_S_F,2022-11-01,Subprime,Fixed,0.0498,5.25,3.6,4.0,4.4
2023-06-01,C_202211_S_F,2022-11-01,Subprime,Fixed,0.0506,5.25,3.6,3.0,4.7
2023-07-01,C_202211_S_F,2022-11-01,Subprime,Fixed,0.0525,5.5,3.5,3.2,4.7
2023-08-01,C_202211_S_F,2022-11-01,Subprime,Fixed,0.054,5.5,3.7,3.7,4.5
2023-09-01,C_202211_S_F,2022-11-01,Subprime,Fixed,0.0525,5.5,3.7,3.7,4.4
2023-10-01,C_202211_S_F,2022-11-01,Subprime,Fixed,0.0569,5.5,3.9,3.2,4.2
2023-11-01,C_202211_S_F,2022-11-01,Subprime,Fixed,0.0541,5.5,3.7,3.1,4.1
2023-12-01,C_202211_S_F,2022-11-01,Subprime,Fixed,0.0534,5.5,3.8,3.4,4.1
2022-12-01,C_202211_S_V,2022-11-01,Subprime,Variable,0.0876,4.5,3.5,6.5,4.9
2023-01-01,C_202211_S_V,2022-11-01,Subprime,Variable,0.0912,4.5,3.5,6.4,4.5
2023-02-01,C_202211_S_V,2022-11-01,Subprime,Variable,0.0919,4.75,3.6,6.0,4.8
2023-03-01,C_202211_S_V,2022-11-01,Subprime,Variable,0.0953,5.0,3.5,5.0,4.6
2023-04-01,C_202211_S_V,2022-11-01,Subprime,Variable,0.0952,5.0,3.4,4.9,4.6
2023-05-01,C_202211_S_V,2022-11-01,Subprime,Variable,0.0926,5.25,3.6,4.0,4.4
2023-06-01,C_202211_S_V,2022-11-01,Subprime,Variable,0.0961,5.25,3.6,3.0,4.7
2023-07-01,C_202211_S_V,2022-11-01,Subprime,Variable,0.0978,5.5,3.5,3.2,4.7
2023-08-01,C_202211_S_V,2022-11-01,Subprime,Variable,0.1001,5.5,3.7,3.7,4.5
2023-09-01,C_202211_S_V,2022-11-01,Subprime,Variable,0.0994,5.5,3.7,3.7,4.4
2023-10-01,C_202211_S_V,2022-11-01,Subprime,Variable,0.0997,5.5,3.9,3.2,4.2
2023-11-01,C_202211_S_V,2022-11-01,Subprime,Variable,0.0988,5.5,3.7,3.1,4.1
2023-12-01,C_202211_S_V,2022-11-01,Subprime,Variable,0.0998,5.5,3.8,3.4,4.1
2023-01-01,C_202212_P_F,2022-12-01,Prime,Fixed,0.0184,4.5,3.5,6.4,4.5
2023-02-01,C_202212_P_F,2022-12-01,Prime,Fixed,0.0141,4.75,3.6,6.0,4.8
2023-03-01,C_202212_P_F,2022-12-01,Prime,Fixed,0.0169,5.0,3.5,5.0,4.6
2023-04-01,C_202212_P_F,2022-12-01,Prime,Fixed,0.0169,5.0,3.4,4.9,4.6
2023-05-01,C_202212_P_F,2022-12-01,Prime,Fixed,0.02,5.25,3.6,4.0,4.4
2023-06-01,C_202212_P_F,2022-12-01,Prime,Fixed,0.0225,5.25,3.6,3.0,4.7
2023-07-01,C_202212_P_F,2022-12-01,Prime,Fixed,0.0195,5.5,3.5,3.2,4.7
2023-08-01,C_202212_P_F,2022-12-01,Prime,Fixed,0.0166,5.5,3.7,3.7,4.5
2023-09-01,C_202212_P_F,2022-12-01,Prime,Fixed,0.0212,5.5,3.7,3.7,4.4
2023-10-01,C_202212_P_F,2022-12-01,Prime,Fixed,0.0245,5.5,3.9,3.2,4.2
2023-11-01,C_202212_P_F,2022-12-01,Prime,Fixed,0.0243,5.5,3.7,3.1,4.1
2023-12-01,C_202212_P_F,2022-12-01,Prime,Fixed,0.0245,5.5,3.8,3.4,4.1
2023-01-01,C_202212_P_V,2022-12-01,Prime,Variable,0.0453,4.5,3.5,6.4,4.5
2023-02-01,C_202212_P_V,2022-12-01,Prime,Variable,0.0442,4.75,3.6,6.0,4.8
2023-03-01,C_202212_P_V,2022-12-01,Prime,Variable,0.0486,5.0,3.5,5.0,4.6
2023-04-01,C_202212_P_V,2022-12-01,Prime,Variable,0.0468,5.0,3.4,4.9,4.6
2023-05-01,C_202212_P_V,2022-12-01,Prime,Variable,0.0536,5.25,3.6,4.0,4.4
2023-06-01,C_202212_P_V,2022-12-01,Prime,Variable,0.0511,5.25,3.6,3.0,4.7
2023-07-01,C_202212_P_V,2022-12-01,Prime,Variable,0.0496,5.5,3.5,3.2,4.7
2023-08-01,C_202212_P_V,2022-12-01,Prime,Variable,0.0502,5.5,3.7,3.7,4.5
2023-09-01,C_202212_P_V,2022-12-01,Prime,Variable,0.0519,5.5,3.7,3.7,4.4
2023-10-01,C_202212_P_V,2022-12-01,Prime,Variable,0.0522,5.5,3.9,3.2,4.2
2023-11-01,C_202212_P_V,2022-12-01,Prime,Variable,0.0554,5.5,3.7,3.1,4.1
2023-12-01,C_202212_P_V,2022-12-01,Prime,Variable,0.054,5.5,3.8,3.4,4.1
2023-01-01,C_202212_S_F,2022-12-01,Subprime,Fixed,0.0444,4.5,3.5,6.4,4.5
2023-02-01,C_202212_S_F,2022-12-01,Subprime,Fixed,0.0505,4.75,3.6,6.0,4.8
2023-03-01,C_202212_S_F,2022-12-01,Subprime,Fixed,0.0477,5.0,3.5,5.0,4.6
2023-04-01,C_202212_S_F,2022-12-01,Subprime,Fixed,0.05,5.0,3.4,4.9,4.6
2023-05-01,C_202212_S_F,2022-12-01,Subprime,Fixed,0.048,5.25,3.6,4.0,4.4
2023-06-01,C_202212_S_F,2022-12-01,Subprime,Fixed,0.0507,5.25,3.6,3.0,4.7
2023-07-01,C_202212_S_F,2022-12-01,Subprime,Fixed,0.0514,5.5,3.5,3.2,4.7
2023-08-01,C_202212_S_F,2022-12-01,Subprime,Fixed,0.0476,5.5,3.7,3.7,4.5
2023-09-01,C_202212_S_F,2022-12-01,Subprime,Fixed,0.0561,5.5,3.7,3.7,4.4
2023-10-01,C_202212_S_F,2022-12-01,Subprime,Fixed,0.0552,5.5,3.9,3.2,4.2
2023-11-01,C_202212_S_F,2022-12-01,Subprime,Fixed,0.0524,5.5,3.7,3.1,4.1
2023-12-01,C_202212_S_F,2022-12-01,Subprime,Fixed,0.0515,5.5,3.8,3.4,4.1
2023-01-01,C_202212_S_V,2022-12-01,Subprime,Variable,0.0916,4.5,3.5,6.4,4.5
2023-02-01,C_202212_S_V,2022-12-01,Subprime,Variable,0.0919,4.75,3.6,6.0,4.8
2023-03-01,C_202212_S_V,2022-12-01,Subprime,Variable,0.0933,5.0,3.5,5.0,4.6
2023-04-01,C_202212_S_V,2022-12-01,Subprime,Variable,0.0938,5.0,3.4,4.9,4.6
2023-05-01,C_202212_S_V,2022-12-01,Subprime,Variable,0.0952,5.25,3.6,4.0,4.4
2023-06-01,C_202212_S_V,2022-12-01,Subprime,Variable,0.0979,5.25,3.6,3.0,4.7
2023-07-01,C_202212_S_V,2022-12-01,Subprime,Variable,0.0969,5.5,3.5,3.2,4.7
2023-08-01,C_202212_S_V,2022-12-01,Subprime,Variable,0.0943,5.5,3.7,3.7,4.5
2023-09-01,C_202212_S_V,2022-12-01,Subprime,Variable,0.0998,5.5,3.7,3.7,4.4
2023-10-01,C_202212_S_V,2022-12-01,Subprime,Variable,0.1009,5.5,3.9,3.2,4.2
2023-11-01,C_202212_S_V,2022-12-01,Subprime,Variable,0.1045,5.5,3.7,3.1,4.1
2023-12-01,C_202212_S_V,2022-12-01,Subprime,Variable,0.0964,5.5,3.8,3.4,4.1
